Deploying Playbooks
[WARNING]: Invalid characters were found in group names but not replaced, use
-vvvv to see details

PLAY [Gather facts for all hosts] **********************************************

TASK [Group hosts to determine when using --limit] *****************************
ok: [ctrl01]
ok: [comp01]
ok: [localhost]

TASK [Gather facts] ************************************************************
[WARNING]: Platform linux on host localhost is using the discovered Python
interpreter at /opt/kolla-venv/bin/python3.12, but future installation of
another Python interpreter could change the meaning of that path. See
https://docs.ansible.com/ansible-
core/2.17/reference_appendices/interpreter_discovery.html for more information.
[WARNING]: Could not match supplied host pattern, ignoring:
all_using_limit_True
ok: [localhost]
ok: [ctrl01]
ok: [comp01]

PLAY [Gather facts for all hosts (if using --limit)] ***************************
skipping: no hosts matched

PLAY [Group hosts based on configuration] **************************************

TASK [Group hosts based on Kolla action] ***************************************
ok: [ctrl01]
ok: [comp01]
ok: [localhost]

TASK [Group hosts based on enabled services] ***********************************
[WARNING]: Could not match supplied host pattern, ignoring:
kolla_action_precheck
ok: [ctrl01] => (item=enable_aodh_False)
ok: [ctrl01] => (item=enable_barbican_False)
ok: [ctrl01] => (item=enable_blazar_False)
ok: [ctrl01] => (item=enable_ceilometer_False)
ok: [ctrl01] => (item=enable_ceph_rgw_False)
ok: [ctrl01] => (item=enable_cinder_False)
ok: [ctrl01] => (item=enable_cloudkitty_False)
ok: [ctrl01] => (item=enable_collectd_False)
ok: [ctrl01] => (item=enable_cyborg_False)
ok: [ctrl01] => (item=enable_designate_False)
ok: [ctrl01] => (item=enable_etcd_False)
ok: [ctrl01] => (item=enable_glance_True)
ok: [ctrl01] => (item=enable_gnocchi_False)
ok: [ctrl01] => (item=enable_grafana_False)
ok: [ctrl01] => (item=enable_hacluster_False)
ok: [ctrl01] => (item=enable_heat_True)
ok: [ctrl01] => (item=enable_horizon_True)
ok: [ctrl01] => (item=enable_influxdb_False)
ok: [ctrl01] => (item=enable_ironic_False)
ok: [ctrl01] => (item=enable_iscsid_False)
ok: [ctrl01] => (item=enable_keystone_True)
ok: [ctrl01] => (item=enable_kuryr_False)
ok: [ctrl01] => (item=enable_letsencrypt_False)
ok: [ctrl01] => (item=enable_loadbalancer_True)
ok: [ctrl01] => (item=enable_magnum_False)
ok: [ctrl01] => (item=enable_manila_False)
ok: [ctrl01] => (item=enable_mariadb_True)
ok: [ctrl01] => (item=enable_masakari_False)
ok: [ctrl01] => (item=enable_memcached_True)
ok: [ctrl01] => (item=enable_mistral_False)
ok: [ctrl01] => (item=enable_multipathd_False)
ok: [ctrl01] => (item=enable_neutron_True)
ok: [ctrl01] => (item=enable_nova_True)
ok: [ctrl01] => (item=enable_octavia_False)
ok: [ctrl01] => (item=enable_opensearch_False)
ok: [ctrl01] => (item=enable_opensearch_dashboards_False)
ok: [ctrl01] => (item=enable_openvswitch_True_enable_ovs_dpdk_False)
ok: [ctrl01] => (item=enable_ovn_True)
ok: [ctrl01] => (item=enable_placement_True)
ok: [ctrl01] => (item=enable_prometheus_False)
ok: [ctrl01] => (item=enable_rabbitmq_True)
ok: [ctrl01] => (item=enable_redis_False)
ok: [ctrl01] => (item=enable_skyline_False)
ok: [ctrl01] => (item=enable_tacker_False)
ok: [ctrl01] => (item=enable_telegraf_False)
ok: [ctrl01] => (item=enable_trove_False)
ok: [ctrl01] => (item=enable_valkey_False)
ok: [ctrl01] => (item=enable_venus_False)
ok: [ctrl01] => (item=enable_watcher_False)
ok: [ctrl01] => (item=enable_zun_False)
ok: [localhost] => (item=enable_aodh_False)
ok: [localhost] => (item=enable_barbican_False)
ok: [localhost] => (item=enable_blazar_False)
ok: [localhost] => (item=enable_ceilometer_False)
ok: [localhost] => (item=enable_ceph_rgw_False)
ok: [localhost] => (item=enable_cinder_False)
ok: [localhost] => (item=enable_cloudkitty_False)
ok: [localhost] => (item=enable_collectd_False)
ok: [localhost] => (item=enable_cyborg_False)
ok: [localhost] => (item=enable_designate_False)
ok: [localhost] => (item=enable_etcd_False)
ok: [localhost] => (item=enable_glance_True)
ok: [localhost] => (item=enable_gnocchi_False)
ok: [localhost] => (item=enable_grafana_False)
ok: [localhost] => (item=enable_hacluster_False)
ok: [localhost] => (item=enable_heat_True)
ok: [localhost] => (item=enable_horizon_True)
ok: [localhost] => (item=enable_influxdb_False)
ok: [localhost] => (item=enable_ironic_False)
ok: [localhost] => (item=enable_iscsid_False)
ok: [localhost] => (item=enable_keystone_True)
ok: [localhost] => (item=enable_kuryr_False)
ok: [localhost] => (item=enable_letsencrypt_False)
ok: [localhost] => (item=enable_loadbalancer_True)
ok: [localhost] => (item=enable_magnum_False)
ok: [localhost] => (item=enable_manila_False)
ok: [localhost] => (item=enable_mariadb_True)
ok: [localhost] => (item=enable_masakari_False)
ok: [localhost] => (item=enable_memcached_True)
ok: [localhost] => (item=enable_mistral_False)
ok: [localhost] => (item=enable_multipathd_False)
ok: [localhost] => (item=enable_neutron_True)
ok: [localhost] => (item=enable_nova_True)
ok: [localhost] => (item=enable_octavia_False)
ok: [localhost] => (item=enable_opensearch_False)
ok: [localhost] => (item=enable_opensearch_dashboards_False)
ok: [localhost] => (item=enable_openvswitch_True_enable_ovs_dpdk_False)
ok: [localhost] => (item=enable_ovn_True)
ok: [localhost] => (item=enable_placement_True)
ok: [localhost] => (item=enable_prometheus_False)
ok: [localhost] => (item=enable_rabbitmq_True)
ok: [localhost] => (item=enable_redis_False)
ok: [localhost] => (item=enable_skyline_False)
ok: [localhost] => (item=enable_tacker_False)
ok: [localhost] => (item=enable_telegraf_False)
ok: [localhost] => (item=enable_trove_False)
ok: [localhost] => (item=enable_valkey_False)
ok: [localhost] => (item=enable_venus_False)
ok: [localhost] => (item=enable_watcher_False)
ok: [localhost] => (item=enable_zun_False)
ok: [comp01] => (item=enable_aodh_False)
ok: [comp01] => (item=enable_barbican_False)
ok: [comp01] => (item=enable_blazar_False)
ok: [comp01] => (item=enable_ceilometer_False)
ok: [comp01] => (item=enable_ceph_rgw_False)
ok: [comp01] => (item=enable_cinder_False)
ok: [comp01] => (item=enable_cloudkitty_False)
ok: [comp01] => (item=enable_collectd_False)
ok: [comp01] => (item=enable_cyborg_False)
ok: [comp01] => (item=enable_designate_False)
ok: [comp01] => (item=enable_etcd_False)
ok: [comp01] => (item=enable_glance_True)
ok: [comp01] => (item=enable_gnocchi_False)
ok: [comp01] => (item=enable_grafana_False)
ok: [comp01] => (item=enable_hacluster_False)
ok: [comp01] => (item=enable_heat_True)
ok: [comp01] => (item=enable_horizon_True)
ok: [comp01] => (item=enable_influxdb_False)
ok: [comp01] => (item=enable_ironic_False)
ok: [comp01] => (item=enable_iscsid_False)
ok: [comp01] => (item=enable_keystone_True)
ok: [comp01] => (item=enable_kuryr_False)
ok: [comp01] => (item=enable_letsencrypt_False)
ok: [comp01] => (item=enable_loadbalancer_True)
ok: [comp01] => (item=enable_magnum_False)
ok: [comp01] => (item=enable_manila_False)
ok: [comp01] => (item=enable_mariadb_True)
ok: [comp01] => (item=enable_masakari_False)
ok: [comp01] => (item=enable_memcached_True)
ok: [comp01] => (item=enable_mistral_False)
ok: [comp01] => (item=enable_multipathd_False)
ok: [comp01] => (item=enable_neutron_True)
ok: [comp01] => (item=enable_nova_True)
ok: [comp01] => (item=enable_octavia_False)
ok: [comp01] => (item=enable_opensearch_False)
ok: [comp01] => (item=enable_opensearch_dashboards_False)
ok: [comp01] => (item=enable_openvswitch_True_enable_ovs_dpdk_False)
ok: [comp01] => (item=enable_ovn_True)
ok: [comp01] => (item=enable_placement_True)
ok: [comp01] => (item=enable_prometheus_False)
ok: [comp01] => (item=enable_rabbitmq_True)
ok: [comp01] => (item=enable_redis_False)
ok: [comp01] => (item=enable_skyline_False)
ok: [comp01] => (item=enable_tacker_False)
ok: [comp01] => (item=enable_telegraf_False)
ok: [comp01] => (item=enable_trove_False)
ok: [comp01] => (item=enable_valkey_False)
ok: [comp01] => (item=enable_venus_False)
ok: [comp01] => (item=enable_watcher_False)
ok: [comp01] => (item=enable_zun_False)

PLAY [Apply role prechecks] ****************************************************
skipping: no hosts matched

PLAY [Apply role common] *******************************************************

TASK [common : include_tasks] **************************************************
included: /opt/kolla-venv/share/kolla-ansible/ansible/roles/common/tasks/deploy.yml for ctrl01, comp01

TASK [common : Ensuring config directories exist] ******************************
changed: [ctrl01] => (item=[{'service_name': 'cron'}, 'cron'])
changed: [comp01] => (item=[{'service_name': 'cron'}, 'cron'])
changed: [ctrl01] => (item=[{'service_name': 'fluentd'}, 'fluentd'])
changed: [comp01] => (item=[{'service_name': 'fluentd'}, 'fluentd'])
changed: [ctrl01] => (item=[{'service_name': 'kolla-toolbox'}, 'kolla-toolbox'])
changed: [comp01] => (item=[{'service_name': 'kolla-toolbox'}, 'kolla-toolbox'])

TASK [common : include_tasks] **************************************************
skipping: [ctrl01]
skipping: [comp01]

TASK [common : Ensure /var/log/journal exists on EL10 systems] *****************
skipping: [ctrl01]
skipping: [comp01]

TASK [common : Copying over /run subdirectories conf] **************************
skipping: [ctrl01]
skipping: [comp01]

TASK [common : Restart systemd-tmpfiles] ***************************************
skipping: [ctrl01]
skipping: [comp01]

TASK [common : Copying over kolla.target] **************************************
changed: [ctrl01]
changed: [comp01]

TASK [common : Copying over config.json files for services] ********************
changed: [ctrl01] => (item={'key': 'fluentd', 'value': {'container_name': 'fluentd', 'group': 'fluentd', 'enabled': True, 'image': 'quay.io/openstack.kolla/fluentd:2025.1-ubuntu-noble', 'environment': {'KOLLA_CONFIG_STRATEGY': 'COPY_ALWAYS'}, 'volumes': ['/etc/kolla/fluentd/:/var/lib/kolla/config_files/:ro', '/etc/localtime:/etc/localtime:ro', '/etc/timezone:/etc/timezone:ro', 'kolla_logs:/var/log/kolla/', 'fluentd_data:/var/lib/fluentd/data/', '/var/log/journal:/var/log/journal:ro'], 'dimensions': {'ulimits': {'nofile': {'soft': 1048576, 'hard': 1048576}}}}})
changed: [comp01] => (item={'key': 'fluentd', 'value': {'container_name': 'fluentd', 'group': 'fluentd', 'enabled': True, 'image': 'quay.io/openstack.kolla/fluentd:2025.1-ubuntu-noble', 'environment': {'KOLLA_CONFIG_STRATEGY': 'COPY_ALWAYS'}, 'volumes': ['/etc/kolla/fluentd/:/var/lib/kolla/config_files/:ro', '/etc/localtime:/etc/localtime:ro', '/etc/timezone:/etc/timezone:ro', 'kolla_logs:/var/log/kolla/', 'fluentd_data:/var/lib/fluentd/data/', '/var/log/journal:/var/log/journal:ro'], 'dimensions': {'ulimits': {'nofile': {'soft': 1048576, 'hard': 1048576}}}}})
changed: [ctrl01] => (item={'key': 'kolla-toolbox', 'value': {'container_name': 'kolla_toolbox', 'group': 'kolla-toolbox', 'enabled': True, 'image': 'quay.io/openstack.kolla/kolla-toolbox:2025.1-ubuntu-noble', 'environment': {'ANSIBLE_NOCOLOR': '1', 'ANSIBLE_LIBRARY': '/usr/share/ansible', 'REQUESTS_CA_BUNDLE': ''}, 'privileged': True, 'volumes': ['/etc/kolla/kolla-toolbox/:/var/lib/kolla/config_files/:ro', '/etc/localtime:/etc/localtime:ro', '/etc/timezone:/etc/timezone:ro', '/dev/:/dev/', '/run/:/run/:shared', 'kolla_logs:/var/log/kolla/'], 'dimensions': {'ulimits': {'nofile': {'soft': 1048576, 'hard': 1048576}}}}})
changed: [comp01] => (item={'key': 'kolla-toolbox', 'value': {'container_name': 'kolla_toolbox', 'group': 'kolla-toolbox', 'enabled': True, 'image': 'quay.io/openstack.kolla/kolla-toolbox:2025.1-ubuntu-noble', 'environment': {'ANSIBLE_NOCOLOR': '1', 'ANSIBLE_LIBRARY': '/usr/share/ansible', 'REQUESTS_CA_BUNDLE': ''}, 'privileged': True, 'volumes': ['/etc/kolla/kolla-toolbox/:/var/lib/kolla/config_files/:ro', '/etc/localtime:/etc/localtime:ro', '/etc/timezone:/etc/timezone:ro', '/dev/:/dev/', '/run/:/run/:shared', 'kolla_logs:/var/log/kolla/'], 'dimensions': {'ulimits': {'nofile': {'soft': 1048576, 'hard': 1048576}}}}})
changed: [ctrl01] => (item={'key': 'cron', 'value': {'container_name': 'cron', 'group': 'cron', 'enabled': True, 'image': 'quay.io/openstack.kolla/cron:2025.1-ubuntu-noble', 'environment': {'KOLLA_LOGROTATE_SCHEDULE': 'daily'}, 'volumes': ['/etc/kolla/cron/:/var/lib/kolla/config_files/:ro', '/etc/localtime:/etc/localtime:ro', '/etc/timezone:/etc/timezone:ro', 'kolla_logs:/var/log/kolla/'], 'dimensions': {'ulimits': {'nofile': {'soft': 1048576, 'hard': 1048576}}}}})
changed: [comp01] => (item={'key': 'cron', 'value': {'container_name': 'cron', 'group': 'cron', 'enabled': True, 'image': 'quay.io/openstack.kolla/cron:2025.1-ubuntu-noble', 'environment': {'KOLLA_LOGROTATE_SCHEDULE': 'daily'}, 'volumes': ['/etc/kolla/cron/:/var/lib/kolla/config_files/:ro', '/etc/localtime:/etc/localtime:ro', '/etc/timezone:/etc/timezone:ro', 'kolla_logs:/var/log/kolla/'], 'dimensions': {'ulimits': {'nofile': {'soft': 1048576, 'hard': 1048576}}}}})

TASK [common : Find custom fluentd input config files] *************************
[WARNING]: Skipped '/etc/kolla/config/fluentd/input' path due to this access
issue: '/etc/kolla/config/fluentd/input' is not a directory
ok: [ctrl01 -> localhost]

TASK [common : Find custom fluentd filter config files] ************************
[WARNING]: Skipped '/etc/kolla/config/fluentd/filter' path due to this access
issue: '/etc/kolla/config/fluentd/filter' is not a directory
ok: [ctrl01 -> localhost]

TASK [common : Find custom fluentd format config files] ************************
[WARNING]: Skipped '/etc/kolla/config/fluentd/format' path due to this access
issue: '/etc/kolla/config/fluentd/format' is not a directory
ok: [ctrl01 -> localhost]

TASK [common : Find custom fluentd output config files] ************************
[WARNING]: Skipped '/etc/kolla/config/fluentd/output' path due to this access
issue: '/etc/kolla/config/fluentd/output' is not a directory
ok: [ctrl01 -> localhost]

TASK [common : Copying over fluentd.conf] **************************************
changed: [ctrl01]
changed: [comp01]

TASK [common : Copying over cron logrotate config file] ************************
changed: [ctrl01] => (item=/opt/kolla-venv/share/kolla-ansible/ansible/roles/common/templates/cron-logrotate-global.conf.j2)
changed: [comp01] => (item=/opt/kolla-venv/share/kolla-ansible/ansible/roles/common/templates/cron-logrotate-global.conf.j2)

TASK [common : Ensure RabbitMQ Erlang cookie exists] ***************************
changed: [ctrl01]
changed: [comp01]

TASK [common : Ensuring config directories have correct owner and permission] ***
ok: [ctrl01] => (item={'key': 'fluentd', 'value': {'container_name': 'fluentd', 'group': 'fluentd', 'enabled': True, 'image': 'quay.io/openstack.kolla/fluentd:2025.1-ubuntu-noble', 'environment': {'KOLLA_CONFIG_STRATEGY': 'COPY_ALWAYS'}, 'volumes': ['/etc/kolla/fluentd/:/var/lib/kolla/config_files/:ro', '/etc/localtime:/etc/localtime:ro', '/etc/timezone:/etc/timezone:ro', 'kolla_logs:/var/log/kolla/', 'fluentd_data:/var/lib/fluentd/data/', '/var/log/journal:/var/log/journal:ro'], 'dimensions': {'ulimits': {'nofile': {'soft': 1048576, 'hard': 1048576}}}}})
skipping: [ctrl01] => (item={'key': 'kolla-toolbox', 'value': {'container_name': 'kolla_toolbox', 'group': 'kolla-toolbox', 'enabled': True, 'image': 'quay.io/openstack.kolla/kolla-toolbox:2025.1-ubuntu-noble', 'environment': {'ANSIBLE_NOCOLOR': '1', 'ANSIBLE_LIBRARY': '/usr/share/ansible', 'REQUESTS_CA_BUNDLE': ''}, 'privileged': True, 'volumes': ['/etc/kolla/kolla-toolbox/:/var/lib/kolla/config_files/:ro', '/etc/localtime:/etc/localtime:ro', '/etc/timezone:/etc/timezone:ro', '/dev/:/dev/', '/run/:/run/:shared', 'kolla_logs:/var/log/kolla/'], 'dimensions': {'ulimits': {'nofile': {'soft': 1048576, 'hard': 1048576}}}}}) 
ok: [comp01] => (item={'key': 'fluentd', 'value': {'container_name': 'fluentd', 'group': 'fluentd', 'enabled': True, 'image': 'quay.io/openstack.kolla/fluentd:2025.1-ubuntu-noble', 'environment': {'KOLLA_CONFIG_STRATEGY': 'COPY_ALWAYS'}, 'volumes': ['/etc/kolla/fluentd/:/var/lib/kolla/config_files/:ro', '/etc/localtime:/etc/localtime:ro', '/etc/timezone:/etc/timezone:ro', 'kolla_logs:/var/log/kolla/', 'fluentd_data:/var/lib/fluentd/data/', '/var/log/journal:/var/log/journal:ro'], 'dimensions': {'ulimits': {'nofile': {'soft': 1048576, 'hard': 1048576}}}}})
skipping: [comp01] => (item={'key': 'kolla-toolbox', 'value': {'container_name': 'kolla_toolbox', 'group': 'kolla-toolbox', 'enabled': True, 'image': 'quay.io/openstack.kolla/kolla-toolbox:2025.1-ubuntu-noble', 'environment': {'ANSIBLE_NOCOLOR': '1', 'ANSIBLE_LIBRARY': '/usr/share/ansible', 'REQUESTS_CA_BUNDLE': ''}, 'privileged': True, 'volumes': ['/etc/kolla/kolla-toolbox/:/var/lib/kolla/config_files/:ro', '/etc/localtime:/etc/localtime:ro', '/etc/timezone:/etc/timezone:ro', '/dev/:/dev/', '/run/:/run/:shared', 'kolla_logs:/var/log/kolla/'], 'dimensions': {'ulimits': {'nofile': {'soft': 1048576, 'hard': 1048576}}}}}) 
ok: [ctrl01] => (item={'key': 'cron', 'value': {'container_name': 'cron', 'group': 'cron', 'enabled': True, 'image': 'quay.io/openstack.kolla/cron:2025.1-ubuntu-noble', 'environment': {'KOLLA_LOGROTATE_SCHEDULE': 'daily'}, 'volumes': ['/etc/kolla/cron/:/var/lib/kolla/config_files/:ro', '/etc/localtime:/etc/localtime:ro', '/etc/timezone:/etc/timezone:ro', 'kolla_logs:/var/log/kolla/'], 'dimensions': {'ulimits': {'nofile': {'soft': 1048576, 'hard': 1048576}}}}})
ok: [comp01] => (item={'key': 'cron', 'value': {'container_name': 'cron', 'group': 'cron', 'enabled': True, 'image': 'quay.io/openstack.kolla/cron:2025.1-ubuntu-noble', 'environment': {'KOLLA_LOGROTATE_SCHEDULE': 'daily'}, 'volumes': ['/etc/kolla/cron/:/var/lib/kolla/config_files/:ro', '/etc/localtime:/etc/localtime:ro', '/etc/timezone:/etc/timezone:ro', 'kolla_logs:/var/log/kolla/'], 'dimensions': {'ulimits': {'nofile': {'soft': 1048576, 'hard': 1048576}}}}})

TASK [common : Copy rabbitmq-env.conf to kolla toolbox] ************************
changed: [ctrl01] => (item=/opt/kolla-venv/share/kolla-ansible/ansible/roles/common/templates/rabbitmq-env.conf.j2)
changed: [comp01] => (item=/opt/kolla-venv/share/kolla-ansible/ansible/roles/common/templates/rabbitmq-env.conf.j2)

TASK [common : Copy rabbitmq erl_inetrc to kolla toolbox] **********************
changed: [ctrl01] => (item=/opt/kolla-venv/share/kolla-ansible/ansible/roles/common/templates/erl_inetrc.j2)
changed: [comp01] => (item=/opt/kolla-venv/share/kolla-ansible/ansible/roles/common/templates/erl_inetrc.j2)

TASK [service-check-containers : common | Check containers] ********************
changed: [ctrl01] => (item={'key': 'fluentd', 'value': {'container_name': 'fluentd', 'group': 'fluentd', 'enabled': True, 'image': 'quay.io/openstack.kolla/fluentd:2025.1-ubuntu-noble', 'environment': {'KOLLA_CONFIG_STRATEGY': 'COPY_ALWAYS'}, 'volumes': ['/etc/kolla/fluentd/:/var/lib/kolla/config_files/:ro', '/etc/localtime:/etc/localtime:ro', '/etc/timezone:/etc/timezone:ro', 'kolla_logs:/var/log/kolla/', 'fluentd_data:/var/lib/fluentd/data/', '/var/log/journal:/var/log/journal:ro'], 'dimensions': {'ulimits': {'nofile': {'soft': 1048576, 'hard': 1048576}}}}})
changed: [comp01] => (item={'key': 'fluentd', 'value': {'container_name': 'fluentd', 'group': 'fluentd', 'enabled': True, 'image': 'quay.io/openstack.kolla/fluentd:2025.1-ubuntu-noble', 'environment': {'KOLLA_CONFIG_STRATEGY': 'COPY_ALWAYS'}, 'volumes': ['/etc/kolla/fluentd/:/var/lib/kolla/config_files/:ro', '/etc/localtime:/etc/localtime:ro', '/etc/timezone:/etc/timezone:ro', 'kolla_logs:/var/log/kolla/', 'fluentd_data:/var/lib/fluentd/data/', '/var/log/journal:/var/log/journal:ro'], 'dimensions': {'ulimits': {'nofile': {'soft': 1048576, 'hard': 1048576}}}}})
changed: [ctrl01] => (item={'key': 'kolla-toolbox', 'value': {'container_name': 'kolla_toolbox', 'group': 'kolla-toolbox', 'enabled': True, 'image': 'quay.io/openstack.kolla/kolla-toolbox:2025.1-ubuntu-noble', 'environment': {'ANSIBLE_NOCOLOR': '1', 'ANSIBLE_LIBRARY': '/usr/share/ansible', 'REQUESTS_CA_BUNDLE': ''}, 'privileged': True, 'volumes': ['/etc/kolla/kolla-toolbox/:/var/lib/kolla/config_files/:ro', '/etc/localtime:/etc/localtime:ro', '/etc/timezone:/etc/timezone:ro', '/dev/:/dev/', '/run/:/run/:shared', 'kolla_logs:/var/log/kolla/'], 'dimensions': {'ulimits': {'nofile': {'soft': 1048576, 'hard': 1048576}}}}})
changed: [comp01] => (item={'key': 'kolla-toolbox', 'value': {'container_name': 'kolla_toolbox', 'group': 'kolla-toolbox', 'enabled': True, 'image': 'quay.io/openstack.kolla/kolla-toolbox:2025.1-ubuntu-noble', 'environment': {'ANSIBLE_NOCOLOR': '1', 'ANSIBLE_LIBRARY': '/usr/share/ansible', 'REQUESTS_CA_BUNDLE': ''}, 'privileged': True, 'volumes': ['/etc/kolla/kolla-toolbox/:/var/lib/kolla/config_files/:ro', '/etc/localtime:/etc/localtime:ro', '/etc/timezone:/etc/timezone:ro', '/dev/:/dev/', '/run/:/run/:shared', 'kolla_logs:/var/log/kolla/'], 'dimensions': {'ulimits': {'nofile': {'soft': 1048576, 'hard': 1048576}}}}})
changed: [ctrl01] => (item={'key': 'cron', 'value': {'container_name': 'cron', 'group': 'cron', 'enabled': True, 'image': 'quay.io/openstack.kolla/cron:2025.1-ubuntu-noble', 'environment': {'KOLLA_LOGROTATE_SCHEDULE': 'daily'}, 'volumes': ['/etc/kolla/cron/:/var/lib/kolla/config_files/:ro', '/etc/localtime:/etc/localtime:ro', '/etc/timezone:/etc/timezone:ro', 'kolla_logs:/var/log/kolla/'], 'dimensions': {'ulimits': {'nofile': {'soft': 1048576, 'hard': 1048576}}}}})
changed: [comp01] => (item={'key': 'cron', 'value': {'container_name': 'cron', 'group': 'cron', 'enabled': True, 'image': 'quay.io/openstack.kolla/cron:2025.1-ubuntu-noble', 'environment': {'KOLLA_LOGROTATE_SCHEDULE': 'daily'}, 'volumes': ['/etc/kolla/cron/:/var/lib/kolla/config_files/:ro', '/etc/localtime:/etc/localtime:ro', '/etc/timezone:/etc/timezone:ro', 'kolla_logs:/var/log/kolla/'], 'dimensions': {'ulimits': {'nofile': {'soft': 1048576, 'hard': 1048576}}}}})

TASK [service-check-containers : common | Notify handlers to restart containers] ***
changed: [ctrl01] => {
    "msg": "Notifying handlers"
}
changed: [comp01] => {
    "msg": "Notifying handlers"
}

TASK [service-check-containers : Include tasks] ********************************
skipping: [ctrl01] => (item={'key': 'fluentd', 'value': {'container_name': 'fluentd', 'group': 'fluentd', 'enabled': True, 'image': 'quay.io/openstack.kolla/fluentd:2025.1-ubuntu-noble', 'environment': {'KOLLA_CONFIG_STRATEGY': 'COPY_ALWAYS'}, 'volumes': ['/etc/kolla/fluentd/:/var/lib/kolla/config_files/:ro', '/etc/localtime:/etc/localtime:ro', '/etc/timezone:/etc/timezone:ro', 'kolla_logs:/var/log/kolla/', 'fluentd_data:/var/lib/fluentd/data/', '/var/log/journal:/var/log/journal:ro'], 'dimensions': {'ulimits': {'nofile': {'soft': 1048576, 'hard': 1048576}}}}}) 
skipping: [ctrl01] => (item={'key': 'kolla-toolbox', 'value': {'container_name': 'kolla_toolbox', 'group': 'kolla-toolbox', 'enabled': True, 'image': 'quay.io/openstack.kolla/kolla-toolbox:2025.1-ubuntu-noble', 'environment': {'ANSIBLE_NOCOLOR': '1', 'ANSIBLE_LIBRARY': '/usr/share/ansible', 'REQUESTS_CA_BUNDLE': ''}, 'privileged': True, 'volumes': ['/etc/kolla/kolla-toolbox/:/var/lib/kolla/config_files/:ro', '/etc/localtime:/etc/localtime:ro', '/etc/timezone:/etc/timezone:ro', '/dev/:/dev/', '/run/:/run/:shared', 'kolla_logs:/var/log/kolla/'], 'dimensions': {'ulimits': {'nofile': {'soft': 1048576, 'hard': 1048576}}}}}) 
skipping: [ctrl01] => (item={'key': 'cron', 'value': {'container_name': 'cron', 'group': 'cron', 'enabled': True, 'image': 'quay.io/openstack.kolla/cron:2025.1-ubuntu-noble', 'environment': {'KOLLA_LOGROTATE_SCHEDULE': 'daily'}, 'volumes': ['/etc/kolla/cron/:/var/lib/kolla/config_files/:ro', '/etc/localtime:/etc/localtime:ro', '/etc/timezone:/etc/timezone:ro', 'kolla_logs:/var/log/kolla/'], 'dimensions': {'ulimits': {'nofile': {'soft': 1048576, 'hard': 1048576}}}}}) 
skipping: [ctrl01]
skipping: [comp01] => (item={'key': 'fluentd', 'value': {'container_name': 'fluentd', 'group': 'fluentd', 'enabled': True, 'image': 'quay.io/openstack.kolla/fluentd:2025.1-ubuntu-noble', 'environment': {'KOLLA_CONFIG_STRATEGY': 'COPY_ALWAYS'}, 'volumes': ['/etc/kolla/fluentd/:/var/lib/kolla/config_files/:ro', '/etc/localtime:/etc/localtime:ro', '/etc/timezone:/etc/timezone:ro', 'kolla_logs:/var/log/kolla/', 'fluentd_data:/var/lib/fluentd/data/', '/var/log/journal:/var/log/journal:ro'], 'dimensions': {'ulimits': {'nofile': {'soft': 1048576, 'hard': 1048576}}}}}) 
skipping: [comp01] => (item={'key': 'kolla-toolbox', 'value': {'container_name': 'kolla_toolbox', 'group': 'kolla-toolbox', 'enabled': True, 'image': 'quay.io/openstack.kolla/kolla-toolbox:2025.1-ubuntu-noble', 'environment': {'ANSIBLE_NOCOLOR': '1', 'ANSIBLE_LIBRARY': '/usr/share/ansible', 'REQUESTS_CA_BUNDLE': ''}, 'privileged': True, 'volumes': ['/etc/kolla/kolla-toolbox/:/var/lib/kolla/config_files/:ro', '/etc/localtime:/etc/localtime:ro', '/etc/timezone:/etc/timezone:ro', '/dev/:/dev/', '/run/:/run/:shared', 'kolla_logs:/var/log/kolla/'], 'dimensions': {'ulimits': {'nofile': {'soft': 1048576, 'hard': 1048576}}}}}) 
skipping: [comp01] => (item={'key': 'cron', 'value': {'container_name': 'cron', 'group': 'cron', 'enabled': True, 'image': 'quay.io/openstack.kolla/cron:2025.1-ubuntu-noble', 'environment': {'KOLLA_LOGROTATE_SCHEDULE': 'daily'}, 'volumes': ['/etc/kolla/cron/:/var/lib/kolla/config_files/:ro', '/etc/localtime:/etc/localtime:ro', '/etc/timezone:/etc/timezone:ro', 'kolla_logs:/var/log/kolla/'], 'dimensions': {'ulimits': {'nofile': {'soft': 1048576, 'hard': 1048576}}}}}) 
skipping: [comp01]

TASK [common : Creating log volume] ********************************************
changed: [ctrl01]
changed: [comp01]

TASK [common : Link kolla_logs volume to /var/log/kolla] ***********************
changed: [ctrl01]
changed: [comp01]

TASK [common : Flush handlers] *************************************************

TASK [common : Flush handlers] *************************************************

RUNNING HANDLER [common : Restart fluentd container] ***************************
changed: [comp01]
changed: [ctrl01]

RUNNING HANDLER [common : Restart kolla-toolbox container] *********************
changed: [ctrl01]
changed: [comp01]

RUNNING HANDLER [common : Initializing toolbox container using normal user] ****
ok: [ctrl01]
ok: [comp01]

RUNNING HANDLER [common : Restart cron container] ******************************
changed: [ctrl01]
changed: [comp01]

PLAY [Apply role loadbalancer] *************************************************

TASK [loadbalancer : include_tasks] ********************************************
included: /opt/kolla-venv/share/kolla-ansible/ansible/roles/loadbalancer/tasks/deploy.yml for ctrl01

TASK [loadbalancer : Check IPv6 support] ***************************************
ok: [ctrl01]

TASK [Setting sysctl values] ***************************************************
included: sysctl for ctrl01

TASK [sysctl : Check IPv6 support] *********************************************
ok: [ctrl01]

TASK [sysctl : Setting sysctl values] ******************************************
changed: [ctrl01] => (item={'name': 'net.ipv6.ip_nonlocal_bind', 'value': 1})
changed: [ctrl01] => (item={'name': 'net.ipv4.ip_nonlocal_bind', 'value': 1})
ok: [ctrl01] => (item={'name': 'net.ipv4.tcp_retries2', 'value': 'KOLLA_UNSET'})
changed: [ctrl01] => (item={'name': 'net.unix.max_dgram_qlen', 'value': 128})

TASK [module-load : Load modules] **********************************************
changed: [ctrl01] => (item=ip_vs)

TASK [module-load : Persist modules via modules-load.d] ************************
changed: [ctrl01] => (item=ip_vs)

TASK [module-load : Drop module persistence] ***********************************
skipping: [ctrl01] => (item=ip_vs) 
skipping: [ctrl01]

TASK [loadbalancer : Ensuring config directories exist] ************************
changed: [ctrl01] => (item={'key': 'haproxy', 'value': {'container_name': 'haproxy', 'group': 'loadbalancer', 'enabled': True, 'image': 'quay.io/openstack.kolla/haproxy:2025.1-ubuntu-noble', 'privileged': True, 'volumes': ['/etc/kolla/haproxy/:/var/lib/kolla/config_files/:ro', '/etc/localtime:/etc/localtime:ro', '/etc/timezone:/etc/timezone:ro', 'haproxy_socket:/var/lib/kolla/haproxy/', 'letsencrypt_certificates:/etc/haproxy/certificates'], 'dimensions': {'ulimits': {'nofile': {'soft': 1048576, 'hard': 1048576}}}, 'healthcheck': {'interval': '30', 'retries': '3', 'start_period': '5', 'test': ['CMD-SHELL', 'healthcheck_curl http://192.168.1.101:61313'], 'timeout': '30'}}})
changed: [ctrl01] => (item={'key': 'proxysql', 'value': {'container_name': 'proxysql', 'group': 'loadbalancer', 'enabled': True, 'image': 'quay.io/openstack.kolla/proxysql:2025.1-ubuntu-noble', 'privileged': False, 'volumes': ['/etc/kolla/proxysql/:/var/lib/kolla/config_files/:ro', '/etc/localtime:/etc/localtime:ro', '/etc/timezone:/etc/timezone:ro', 'kolla_logs:/var/log/kolla/', 'proxysql:/var/lib/proxysql/', 'proxysql_socket:/var/lib/kolla/proxysql/'], 'dimensions': {'ulimits': {'nofile': {'soft': 1048576, 'hard': 1048576}}}, 'healthcheck': {'interval': '30', 'retries': '3', 'start_period': '5', 'test': ['CMD-SHELL', 'healthcheck_listen proxysql 6032'], 'timeout': '30'}}})
changed: [ctrl01] => (item={'key': 'keepalived', 'value': {'container_name': 'keepalived', 'group': 'loadbalancer', 'enabled': True, 'image': 'quay.io/openstack.kolla/keepalived:2025.1-ubuntu-noble', 'privileged': True, 'volumes': ['/etc/kolla/keepalived/:/var/lib/kolla/config_files/:ro', '/etc/localtime:/etc/localtime:ro', '/etc/timezone:/etc/timezone:ro', '/lib/modules:/lib/modules:ro', 'haproxy_socket:/var/lib/kolla/haproxy/', 'proxysql_socket:/var/lib/kolla/proxysql/'], 'dimensions': {'ulimits': {'nofile': {'soft': 1048576, 'hard': 1048576}}}}})

TASK [loadbalancer : Ensuring haproxy service config subdir exists] ************
changed: [ctrl01]

TASK [loadbalancer : Ensuring proxysql service config subdirectories exist] ****
changed: [ctrl01] => (item=users)
changed: [ctrl01] => (item=rules)

TASK [loadbalancer : Ensuring keepalived checks subdir exists] *****************
changed: [ctrl01]

TASK [loadbalancer : Remove mariadb.cfg if proxysql enabled] *******************
ok: [ctrl01]

TASK [loadbalancer : Removing checks for services which are disabled] **********
skipping: [ctrl01] => (item={'key': 'haproxy', 'value': {'container_name': 'haproxy', 'group': 'loadbalancer', 'enabled': True, 'image': 'quay.io/openstack.kolla/haproxy:2025.1-ubuntu-noble', 'privileged': True, 'volumes': ['/etc/kolla/haproxy/:/var/lib/kolla/config_files/:ro', '/etc/localtime:/etc/localtime:ro', '/etc/timezone:/etc/timezone:ro', 'haproxy_socket:/var/lib/kolla/haproxy/', 'letsencrypt_certificates:/etc/haproxy/certificates'], 'dimensions': {'ulimits': {'nofile': {'soft': 1048576, 'hard': 1048576}}}, 'healthcheck': {'interval': '30', 'retries': '3', 'start_period': '5', 'test': ['CMD-SHELL', 'healthcheck_curl http://192.168.1.101:61313'], 'timeout': '30'}}}) 
skipping: [ctrl01] => (item={'key': 'proxysql', 'value': {'container_name': 'proxysql', 'group': 'loadbalancer', 'enabled': True, 'image': 'quay.io/openstack.kolla/proxysql:2025.1-ubuntu-noble', 'privileged': False, 'volumes': ['/etc/kolla/proxysql/:/var/lib/kolla/config_files/:ro', '/etc/localtime:/etc/localtime:ro', '/etc/timezone:/etc/timezone:ro', 'kolla_logs:/var/log/kolla/', 'proxysql:/var/lib/proxysql/', 'proxysql_socket:/var/lib/kolla/proxysql/'], 'dimensions': {'ulimits': {'nofile': {'soft': 1048576, 'hard': 1048576}}}, 'healthcheck': {'interval': '30', 'retries': '3', 'start_period': '5', 'test': ['CMD-SHELL', 'healthcheck_listen proxysql 6032'], 'timeout': '30'}}}) 
skipping: [ctrl01] => (item={'key': 'keepalived', 'value': {'container_name': 'keepalived', 'group': 'loadbalancer', 'enabled': True, 'image': 'quay.io/openstack.kolla/keepalived:2025.1-ubuntu-noble', 'privileged': True, 'volumes': ['/etc/kolla/keepalived/:/var/lib/kolla/config_files/:ro', '/etc/localtime:/etc/localtime:ro', '/etc/timezone:/etc/timezone:ro', '/lib/modules:/lib/modules:ro', 'haproxy_socket:/var/lib/kolla/haproxy/', 'proxysql_socket:/var/lib/kolla/proxysql/'], 'dimensions': {'ulimits': {'nofile': {'soft': 1048576, 'hard': 1048576}}}}}) 
skipping: [ctrl01] => (item={'key': 'haproxy-ssh', 'value': {'container_name': 'haproxy_ssh', 'group': 'loadbalancer', 'enabled': False, 'image': 'quay.io/openstack.kolla/haproxy-ssh:2025.1-ubuntu-noble', 'volumes': ['/etc/kolla/haproxy-ssh/:/var/lib/kolla/config_files/:ro', '/etc/localtime:/etc/localtime:ro', '/etc/timezone:/etc/timezone:ro', 'haproxy_socket:/var/lib/kolla/haproxy/', '__omit_place_holder__f1783a72afdb7a66840cedfff97bdf702e84627c', '__omit_place_holder__f1783a72afdb7a66840cedfff97bdf702e84627c'], 'dimensions': {'ulimits': {'nofile': {'soft': 1048576, 'hard': 1048576}}}, 'healthcheck': {'interval': '30', 'retries': '3', 'start_period': '5', 'test': ['CMD-SHELL', 'healthcheck_listen sshd 2985'], 'timeout': '30'}}}) 
skipping: [ctrl01]

TASK [loadbalancer : Copying checks for services which are enabled] ************
changed: [ctrl01] => (item={'key': 'haproxy', 'value': {'container_name': 'haproxy', 'group': 'loadbalancer', 'enabled': True, 'image': 'quay.io/openstack.kolla/haproxy:2025.1-ubuntu-noble', 'privileged': True, 'volumes': ['/etc/kolla/haproxy/:/var/lib/kolla/config_files/:ro', '/etc/localtime:/etc/localtime:ro', '/etc/timezone:/etc/timezone:ro', 'haproxy_socket:/var/lib/kolla/haproxy/', 'letsencrypt_certificates:/etc/haproxy/certificates'], 'dimensions': {'ulimits': {'nofile': {'soft': 1048576, 'hard': 1048576}}}, 'healthcheck': {'interval': '30', 'retries': '3', 'start_period': '5', 'test': ['CMD-SHELL', 'healthcheck_curl http://192.168.1.101:61313'], 'timeout': '30'}}})
changed: [ctrl01] => (item={'key': 'proxysql', 'value': {'container_name': 'proxysql', 'group': 'loadbalancer', 'enabled': True, 'image': 'quay.io/openstack.kolla/proxysql:2025.1-ubuntu-noble', 'privileged': False, 'volumes': ['/etc/kolla/proxysql/:/var/lib/kolla/config_files/:ro', '/etc/localtime:/etc/localtime:ro', '/etc/timezone:/etc/timezone:ro', 'kolla_logs:/var/log/kolla/', 'proxysql:/var/lib/proxysql/', 'proxysql_socket:/var/lib/kolla/proxysql/'], 'dimensions': {'ulimits': {'nofile': {'soft': 1048576, 'hard': 1048576}}}, 'healthcheck': {'interval': '30', 'retries': '3', 'start_period': '5', 'test': ['CMD-SHELL', 'healthcheck_listen proxysql 6032'], 'timeout': '30'}}})
skipping: [ctrl01] => (item={'key': 'keepalived', 'value': {'container_name': 'keepalived', 'group': 'loadbalancer', 'enabled': True, 'image': 'quay.io/openstack.kolla/keepalived:2025.1-ubuntu-noble', 'privileged': True, 'volumes': ['/etc/kolla/keepalived/:/var/lib/kolla/config_files/:ro', '/etc/localtime:/etc/localtime:ro', '/etc/timezone:/etc/timezone:ro', '/lib/modules:/lib/modules:ro', 'haproxy_socket:/var/lib/kolla/haproxy/', 'proxysql_socket:/var/lib/kolla/proxysql/'], 'dimensions': {'ulimits': {'nofile': {'soft': 1048576, 'hard': 1048576}}}}}) 
skipping: [ctrl01] => (item={'key': 'haproxy-ssh', 'value': {'container_name': 'haproxy_ssh', 'group': 'loadbalancer', 'enabled': False, 'image': 'quay.io/openstack.kolla/haproxy-ssh:2025.1-ubuntu-noble', 'volumes': ['/etc/kolla/haproxy-ssh/:/var/lib/kolla/config_files/:ro', '/etc/localtime:/etc/localtime:ro', '/etc/timezone:/etc/timezone:ro', 'haproxy_socket:/var/lib/kolla/haproxy/', '__omit_place_holder__f1783a72afdb7a66840cedfff97bdf702e84627c', '__omit_place_holder__f1783a72afdb7a66840cedfff97bdf702e84627c'], 'dimensions': {'ulimits': {'nofile': {'soft': 1048576, 'hard': 1048576}}}, 'healthcheck': {'interval': '30', 'retries': '3', 'start_period': '5', 'test': ['CMD-SHELL', 'healthcheck_listen sshd 2985'], 'timeout': '30'}}}) 

TASK [loadbalancer : Copying over config.json files for services] **************
changed: [ctrl01] => (item={'key': 'haproxy', 'value': {'container_name': 'haproxy', 'group': 'loadbalancer', 'enabled': True, 'image': 'quay.io/openstack.kolla/haproxy:2025.1-ubuntu-noble', 'privileged': True, 'volumes': ['/etc/kolla/haproxy/:/var/lib/kolla/config_files/:ro', '/etc/localtime:/etc/localtime:ro', '/etc/timezone:/etc/timezone:ro', 'haproxy_socket:/var/lib/kolla/haproxy/', 'letsencrypt_certificates:/etc/haproxy/certificates'], 'dimensions': {'ulimits': {'nofile': {'soft': 1048576, 'hard': 1048576}}}, 'healthcheck': {'interval': '30', 'retries': '3', 'start_period': '5', 'test': ['CMD-SHELL', 'healthcheck_curl http://192.168.1.101:61313'], 'timeout': '30'}}})
changed: [ctrl01] => (item={'key': 'proxysql', 'value': {'container_name': 'proxysql', 'group': 'loadbalancer', 'enabled': True, 'image': 'quay.io/openstack.kolla/proxysql:2025.1-ubuntu-noble', 'privileged': False, 'volumes': ['/etc/kolla/proxysql/:/var/lib/kolla/config_files/:ro', '/etc/localtime:/etc/localtime:ro', '/etc/timezone:/etc/timezone:ro', 'kolla_logs:/var/log/kolla/', 'proxysql:/var/lib/proxysql/', 'proxysql_socket:/var/lib/kolla/proxysql/'], 'dimensions': {'ulimits': {'nofile': {'soft': 1048576, 'hard': 1048576}}}, 'healthcheck': {'interval': '30', 'retries': '3', 'start_period': '5', 'test': ['CMD-SHELL', 'healthcheck_listen proxysql 6032'], 'timeout': '30'}}})
changed: [ctrl01] => (item={'key': 'keepalived', 'value': {'container_name': 'keepalived', 'group': 'loadbalancer', 'enabled': True, 'image': 'quay.io/openstack.kolla/keepalived:2025.1-ubuntu-noble', 'privileged': True, 'volumes': ['/etc/kolla/keepalived/:/var/lib/kolla/config_files/:ro', '/etc/localtime:/etc/localtime:ro', '/etc/timezone:/etc/timezone:ro', '/lib/modules:/lib/modules:ro', 'haproxy_socket:/var/lib/kolla/haproxy/', 'proxysql_socket:/var/lib/kolla/proxysql/'], 'dimensions': {'ulimits': {'nofile': {'soft': 1048576, 'hard': 1048576}}}}})

TASK [loadbalancer : Copying over haproxy.cfg] *********************************
changed: [ctrl01] => (item=/opt/kolla-venv/share/kolla-ansible/ansible/roles/loadbalancer/templates/haproxy/haproxy_main.cfg.j2)

TASK [loadbalancer : Copying over proxysql config] *****************************
changed: [ctrl01] => (item=/opt/kolla-venv/share/kolla-ansible/ansible/roles/loadbalancer/templates/proxysql/proxysql.yaml.j2)

TASK [loadbalancer : Copying over haproxy single external frontend config] *****
skipping: [ctrl01]

TASK [loadbalancer : Copying over custom haproxy services configuration] *******
[WARNING]: Unable to find '/etc/kolla/config/haproxy/services.d' in expected
paths (use -vvvvv to see paths)
skipping: [ctrl01]

TASK [loadbalancer : Copying over keepalived.conf] *****************************
changed: [ctrl01] => (item=/opt/kolla-venv/share/kolla-ansible/ansible/roles/loadbalancer/templates/keepalived/keepalived.conf.j2)

TASK [loadbalancer : include_tasks] ********************************************
skipping: [ctrl01]

TASK [loadbalancer : Copying over haproxy start script] ************************
changed: [ctrl01] => (item=/opt/kolla-venv/share/kolla-ansible/ansible/roles/loadbalancer/templates/haproxy/haproxy_run.sh.j2)

TASK [loadbalancer : Copying over proxysql start script] ***********************
changed: [ctrl01] => (item=/opt/kolla-venv/share/kolla-ansible/ansible/roles/loadbalancer/templates/proxysql/proxysql_run.sh.j2)

TASK [loadbalancer : Copying files for haproxy-ssh] ****************************
skipping: [ctrl01] => (item={'src': 'haproxy-ssh/sshd_config.j2', 'dest': 'sshd_config'}) 
skipping: [ctrl01] => (item={'src': 'haproxy-ssh/id_rsa.pub', 'dest': 'id_rsa.pub'}) 
skipping: [ctrl01]

TASK [service-check-containers : loadbalancer | Check containers] **************
changed: [ctrl01] => (item={'key': 'haproxy', 'value': {'container_name': 'haproxy', 'group': 'loadbalancer', 'enabled': True, 'image': 'quay.io/openstack.kolla/haproxy:2025.1-ubuntu-noble', 'privileged': True, 'volumes': ['/etc/kolla/haproxy/:/var/lib/kolla/config_files/:ro', '/etc/localtime:/etc/localtime:ro', '/etc/timezone:/etc/timezone:ro', 'haproxy_socket:/var/lib/kolla/haproxy/', 'letsencrypt_certificates:/etc/haproxy/certificates'], 'dimensions': {'ulimits': {'nofile': {'soft': 1048576, 'hard': 1048576}}}, 'healthcheck': {'interval': '30', 'retries': '3', 'start_period': '5', 'test': ['CMD-SHELL', 'healthcheck_curl http://192.168.1.101:61313'], 'timeout': '30'}}})
changed: [ctrl01] => (item={'key': 'proxysql', 'value': {'container_name': 'proxysql', 'group': 'loadbalancer', 'enabled': True, 'image': 'quay.io/openstack.kolla/proxysql:2025.1-ubuntu-noble', 'privileged': False, 'volumes': ['/etc/kolla/proxysql/:/var/lib/kolla/config_files/:ro', '/etc/localtime:/etc/localtime:ro', '/etc/timezone:/etc/timezone:ro', 'kolla_logs:/var/log/kolla/', 'proxysql:/var/lib/proxysql/', 'proxysql_socket:/var/lib/kolla/proxysql/'], 'dimensions': {'ulimits': {'nofile': {'soft': 1048576, 'hard': 1048576}}}, 'healthcheck': {'interval': '30', 'retries': '3', 'start_period': '5', 'test': ['CMD-SHELL', 'healthcheck_listen proxysql 6032'], 'timeout': '30'}}})
changed: [ctrl01] => (item={'key': 'keepalived', 'value': {'container_name': 'keepalived', 'group': 'loadbalancer', 'enabled': True, 'image': 'quay.io/openstack.kolla/keepalived:2025.1-ubuntu-noble', 'privileged': True, 'volumes': ['/etc/kolla/keepalived/:/var/lib/kolla/config_files/:ro', '/etc/localtime:/etc/localtime:ro', '/etc/timezone:/etc/timezone:ro', '/lib/modules:/lib/modules:ro', 'haproxy_socket:/var/lib/kolla/haproxy/', 'proxysql_socket:/var/lib/kolla/proxysql/'], 'dimensions': {'ulimits': {'nofile': {'soft': 1048576, 'hard': 1048576}}}}})

TASK [service-check-containers : loadbalancer | Notify handlers to restart containers] ***
changed: [ctrl01] => {
    "msg": "Notifying handlers"
}

TASK [service-check-containers : Include tasks] ********************************
skipping: [ctrl01] => (item={'key': 'haproxy', 'value': {'container_name': 'haproxy', 'group': 'loadbalancer', 'enabled': True, 'image': 'quay.io/openstack.kolla/haproxy:2025.1-ubuntu-noble', 'privileged': True, 'volumes': ['/etc/kolla/haproxy/:/var/lib/kolla/config_files/:ro', '/etc/localtime:/etc/localtime:ro', '/etc/timezone:/etc/timezone:ro', 'haproxy_socket:/var/lib/kolla/haproxy/', 'letsencrypt_certificates:/etc/haproxy/certificates'], 'dimensions': {'ulimits': {'nofile': {'soft': 1048576, 'hard': 1048576}}}, 'healthcheck': {'interval': '30', 'retries': '3', 'start_period': '5', 'test': ['CMD-SHELL', 'healthcheck_curl http://192.168.1.101:61313'], 'timeout': '30'}}}) 
skipping: [ctrl01] => (item={'key': 'proxysql', 'value': {'container_name': 'proxysql', 'group': 'loadbalancer', 'enabled': True, 'image': 'quay.io/openstack.kolla/proxysql:2025.1-ubuntu-noble', 'privileged': False, 'volumes': ['/etc/kolla/proxysql/:/var/lib/kolla/config_files/:ro', '/etc/localtime:/etc/localtime:ro', '/etc/timezone:/etc/timezone:ro', 'kolla_logs:/var/log/kolla/', 'proxysql:/var/lib/proxysql/', 'proxysql_socket:/var/lib/kolla/proxysql/'], 'dimensions': {'ulimits': {'nofile': {'soft': 1048576, 'hard': 1048576}}}, 'healthcheck': {'interval': '30', 'retries': '3', 'start_period': '5', 'test': ['CMD-SHELL', 'healthcheck_listen proxysql 6032'], 'timeout': '30'}}}) 
skipping: [ctrl01] => (item={'key': 'keepalived', 'value': {'container_name': 'keepalived', 'group': 'loadbalancer', 'enabled': True, 'image': 'quay.io/openstack.kolla/keepalived:2025.1-ubuntu-noble', 'privileged': True, 'volumes': ['/etc/kolla/keepalived/:/var/lib/kolla/config_files/:ro', '/etc/localtime:/etc/localtime:ro', '/etc/timezone:/etc/timezone:ro', '/lib/modules:/lib/modules:ro', 'haproxy_socket:/var/lib/kolla/haproxy/', 'proxysql_socket:/var/lib/kolla/proxysql/'], 'dimensions': {'ulimits': {'nofile': {'soft': 1048576, 'hard': 1048576}}}}}) 
skipping: [ctrl01]

TASK [include_role : aodh] *****************************************************
skipping: [ctrl01]

TASK [include_role : barbican] *************************************************
skipping: [ctrl01]

TASK [include_role : blazar] ***************************************************
skipping: [ctrl01]

TASK [include_role : ceph-rgw] *************************************************
skipping: [ctrl01]

TASK [include_role : cinder] ***************************************************
skipping: [ctrl01]

TASK [include_role : cloudkitty] ***********************************************
skipping: [ctrl01]

TASK [include_role : cyborg] ***************************************************
skipping: [ctrl01]

TASK [include_role : designate] ************************************************
skipping: [ctrl01]

TASK [include_role : etcd] *****************************************************
skipping: [ctrl01]

TASK [include_role : glance] ***************************************************
included: glance for ctrl01

TASK [haproxy-config : Copying over glance haproxy config] *********************
changed: [ctrl01] => (item={'key': 'glance-api', 'value': {'container_name': 'glance_api', 'group': 'glance-api', 'host_in_groups': True, 'enabled': True, 'image': 'quay.io/openstack.kolla/glance-api:2025.1-ubuntu-noble', 'environment': {'http_proxy': '', 'https_proxy': '', 'no_proxy': 'localhost,127.0.0.1,192.168.1.101,192.168.1.250'}, 'privileged': False, 'volumes': ['/etc/kolla/glance-api/:/var/lib/kolla/config_files/:ro', '/etc/localtime:/etc/localtime:ro', '/etc/timezone:/etc/timezone:ro', 'glance:/var/lib/glance/', '', 'kolla_logs:/var/log/kolla/', '/dev/shm:/dev/shm', '', ''], 'dimensions': {'ulimits': {'nofile': {'soft': 1048576, 'hard': 1048576}}}, 'healthcheck': {'interval': '30', 'retries': '3', 'start_period': '5', 'test': ['CMD-SHELL', 'healthcheck_curl http://192.168.1.101:9292'], 'timeout': '30'}, 'haproxy': {'glance_api': {'enabled': True, 'mode': 'http', 'external': False, 'port': '9292', 'frontend_http_extra': ['timeout client 6h'], 'backend_http_extra': ['timeout server 6h', 'option httpchk'], 'custom_member_list': ['server ctrl01 192.168.1.101:9292 check inter 2000 rise 2 fall 5', '']}, 'glance_api_external': {'enabled': True, 'mode': 'http', 'external': True, 'external_fqdn': '192.168.1.250', 'port': '9292', 'frontend_http_extra': ['timeout client 6h'], 'backend_http_extra': ['timeout server 6h', 'option httpchk'], 'custom_member_list': ['server ctrl01 192.168.1.101:9292 check inter 2000 rise 2 fall 5', '']}}}})
skipping: [ctrl01] => (item={'key': 'glance-tls-proxy', 'value': {'container_name': 'glance_tls_proxy', 'group': 'glance-api', 'host_in_groups': True, 'enabled': 'no', 'image': 'quay.io/openstack.kolla/haproxy:2025.1-ubuntu-noble', 'volumes': ['/etc/kolla/glance-tls-proxy/:/var/lib/kolla/config_files/:ro', '/etc/localtime:/etc/localtime:ro', '/etc/timezone:/etc/timezone:ro', 'kolla_logs:/var/log/kolla/', '/dev/shm:/dev/shm'], 'dimensions': {'ulimits': {'nofile': {'soft': 1048576, 'hard': 1048576}}}, 'healthcheck': {'interval': '30', 'retries': '3', 'start_period': '5', 'test': ['CMD-SHELL', 'healthcheck_curl -u openstack:qjeus3SEn91bi8JNNmWZfgkVSKEJVeICGQEkwDU5 192.168.1.101:9293'], 'timeout': '30'}, 'haproxy': {'glance_tls_proxy': {'enabled': False, 'mode': 'http', 'external': False, 'port': '9292', 'frontend_http_extra': ['timeout client 6h'], 'backend_http_extra': ['timeout server 6h', 'option httpchk'], 'custom_member_list': ['server ctrl01 192.168.1.101:9292 check inter 2000 rise 2 fall 5 ssl verify required ca-file ca-certificates.crt', ''], 'tls_backend': 'yes'}, 'glance_tls_proxy_external': {'enabled': False, 'mode': 'http', 'external': True, 'external_fqdn': '192.168.1.250', 'port': '9292', 'frontend_http_extra': ['timeout client 6h'], 'backend_http_extra': ['timeout server 6h', 'option httpchk'], 'custom_member_list': ['server ctrl01 192.168.1.101:9292 check inter 2000 rise 2 fall 5 ssl verify required ca-file ca-certificates.crt', ''], 'tls_backend': 'yes'}}}}) 

TASK [haproxy-config : Add configuration for glance when using single external frontend] ***
skipping: [ctrl01] => (item={'key': 'glance-api', 'value': {'container_name': 'glance_api', 'group': 'glance-api', 'host_in_groups': True, 'enabled': True, 'image': 'quay.io/openstack.kolla/glance-api:2025.1-ubuntu-noble', 'environment': {'http_proxy': '', 'https_proxy': '', 'no_proxy': 'localhost,127.0.0.1,192.168.1.101,192.168.1.250'}, 'privileged': False, 'volumes': ['/etc/kolla/glance-api/:/var/lib/kolla/config_files/:ro', '/etc/localtime:/etc/localtime:ro', '/etc/timezone:/etc/timezone:ro', 'glance:/var/lib/glance/', '', 'kolla_logs:/var/log/kolla/', '/dev/shm:/dev/shm', '', ''], 'dimensions': {'ulimits': {'nofile': {'soft': 1048576, 'hard': 1048576}}}, 'healthcheck': {'interval': '30', 'retries': '3', 'start_period': '5', 'test': ['CMD-SHELL', 'healthcheck_curl http://192.168.1.101:9292'], 'timeout': '30'}, 'haproxy': {'glance_api': {'enabled': True, 'mode': 'http', 'external': False, 'port': '9292', 'frontend_http_extra': ['timeout client 6h'], 'backend_http_extra': ['timeout server 6h', 'option httpchk'], 'custom_member_list': ['server ctrl01 192.168.1.101:9292 check inter 2000 rise 2 fall 5', '']}, 'glance_api_external': {'enabled': True, 'mode': 'http', 'external': True, 'external_fqdn': '192.168.1.250', 'port': '9292', 'frontend_http_extra': ['timeout client 6h'], 'backend_http_extra': ['timeout server 6h', 'option httpchk'], 'custom_member_list': ['server ctrl01 192.168.1.101:9292 check inter 2000 rise 2 fall 5', '']}}}}) 
skipping: [ctrl01] => (item={'key': 'glance-tls-proxy', 'value': {'container_name': 'glance_tls_proxy', 'group': 'glance-api', 'host_in_groups': True, 'enabled': 'no', 'image': 'quay.io/openstack.kolla/haproxy:2025.1-ubuntu-noble', 'volumes': ['/etc/kolla/glance-tls-proxy/:/var/lib/kolla/config_files/:ro', '/etc/localtime:/etc/localtime:ro', '/etc/timezone:/etc/timezone:ro', 'kolla_logs:/var/log/kolla/', '/dev/shm:/dev/shm'], 'dimensions': {'ulimits': {'nofile': {'soft': 1048576, 'hard': 1048576}}}, 'healthcheck': {'interval': '30', 'retries': '3', 'start_period': '5', 'test': ['CMD-SHELL', 'healthcheck_curl -u openstack:qjeus3SEn91bi8JNNmWZfgkVSKEJVeICGQEkwDU5 192.168.1.101:9293'], 'timeout': '30'}, 'haproxy': {'glance_tls_proxy': {'enabled': False, 'mode': 'http', 'external': False, 'port': '9292', 'frontend_http_extra': ['timeout client 6h'], 'backend_http_extra': ['timeout server 6h', 'option httpchk'], 'custom_member_list': ['server ctrl01 192.168.1.101:9292 check inter 2000 rise 2 fall 5 ssl verify required ca-file ca-certificates.crt', ''], 'tls_backend': 'yes'}, 'glance_tls_proxy_external': {'enabled': False, 'mode': 'http', 'external': True, 'external_fqdn': '192.168.1.250', 'port': '9292', 'frontend_http_extra': ['timeout client 6h'], 'backend_http_extra': ['timeout server 6h', 'option httpchk'], 'custom_member_list': ['server ctrl01 192.168.1.101:9292 check inter 2000 rise 2 fall 5 ssl verify required ca-file ca-certificates.crt', ''], 'tls_backend': 'yes'}}}}) 
skipping: [ctrl01]

TASK [haproxy-config : Configuring firewall for glance] ************************
skipping: [ctrl01] => (item={'key': 'glance_api', 'value': {'enabled': True, 'mode': 'http', 'external': False, 'port': '9292', 'frontend_http_extra': ['timeout client 6h'], 'backend_http_extra': ['timeout server 6h', 'option httpchk'], 'custom_member_list': ['server ctrl01 192.168.1.101:9292 check inter 2000 rise 2 fall 5', '']}}) 
skipping: [ctrl01] => (item={'key': 'glance_api_external', 'value': {'enabled': True, 'mode': 'http', 'external': True, 'external_fqdn': '192.168.1.250', 'port': '9292', 'frontend_http_extra': ['timeout client 6h'], 'backend_http_extra': ['timeout server 6h', 'option httpchk'], 'custom_member_list': ['server ctrl01 192.168.1.101:9292 check inter 2000 rise 2 fall 5', '']}}) 
skipping: [ctrl01]

TASK [proxysql-config : Copying over glance ProxySQL users config] *************
changed: [ctrl01]

TASK [proxysql-config : Copying over glance ProxySQL rules config] *************
changed: [ctrl01]

TASK [include_role : gnocchi] **************************************************
skipping: [ctrl01]

TASK [include_role : grafana] **************************************************
skipping: [ctrl01]

TASK [include_role : heat] *****************************************************
included: heat for ctrl01

TASK [haproxy-config : Copying over heat haproxy config] ***********************
changed: [ctrl01] => (item={'key': 'heat-api', 'value': {'container_name': 'heat_api', 'group': 'heat-api', 'enabled': True, 'image': 'quay.io/openstack.kolla/heat-api:2025.1-ubuntu-noble', 'volumes': ['/etc/kolla/heat-api/:/var/lib/kolla/config_files/:ro', '/etc/localtime:/etc/localtime:ro', '/etc/timezone:/etc/timezone:ro', '', 'kolla_logs:/var/log/kolla/', '/dev/shm:/dev/shm'], 'dimensions': {'ulimits': {'nofile': {'soft': 1048576, 'hard': 1048576}}}, 'healthcheck': {'interval': '30', 'retries': '3', 'start_period': '5', 'test': ['CMD-SHELL', 'healthcheck_curl http://192.168.1.101:8004'], 'timeout': '30'}, 'haproxy': {'heat_api': {'enabled': True, 'mode': 'http', 'external': False, 'port': '8004', 'listen_port': '8004', 'tls_backend': 'no', 'backend_http_extra': ['option httpchk']}, 'heat_api_external': {'enabled': True, 'mode': 'http', 'external': True, 'external_fqdn': '192.168.1.250', 'port': '8004', 'listen_port': '8004', 'tls_backend': 'no', 'backend_http_extra': ['option httpchk']}}}})
changed: [ctrl01] => (item={'key': 'heat-api-cfn', 'value': {'container_name': 'heat_api_cfn', 'group': 'heat-api-cfn', 'enabled': True, 'image': 'quay.io/openstack.kolla/heat-api-cfn:2025.1-ubuntu-noble', 'volumes': ['/etc/kolla/heat-api-cfn/:/var/lib/kolla/config_files/:ro', '/etc/localtime:/etc/localtime:ro', '/etc/timezone:/etc/timezone:ro', '', 'kolla_logs:/var/log/kolla/', '/dev/shm:/dev/shm'], 'dimensions': {'ulimits': {'nofile': {'soft': 1048576, 'hard': 1048576}}}, 'healthcheck': {'interval': '30', 'retries': '3', 'start_period': '5', 'test': ['CMD-SHELL', 'healthcheck_curl http://192.168.1.101:8000'], 'timeout': '30'}, 'haproxy': {'heat_api_cfn': {'enabled': True, 'mode': 'http', 'external': False, 'port': '8000', 'listen_port': '8000', 'tls_backend': 'no', 'backend_http_extra': ['option httpchk']}, 'heat_api_cfn_external': {'enabled': True, 'mode': 'http', 'external': True, 'external_fqdn': '192.168.1.250', 'port': '8000', 'listen_port': '8000', 'tls_backend': 'no', 'backend_http_extra': ['option httpchk']}}}})
skipping: [ctrl01] => (item={'key': 'heat-engine', 'value': {'container_name': 'heat_engine', 'group': 'heat-engine', 'enabled': True, 'image': 'quay.io/openstack.kolla/heat-engine:2025.1-ubuntu-noble', 'volumes': ['/etc/kolla/heat-engine/:/var/lib/kolla/config_files/:ro', '/etc/localtime:/etc/localtime:ro', '/etc/timezone:/etc/timezone:ro', '', 'kolla_logs:/var/log/kolla/', '/dev/shm:/dev/shm'], 'dimensions': {'ulimits': {'nofile': {'soft': 1048576, 'hard': 1048576}}}, 'healthcheck': {'interval': '30', 'retries': '3', 'start_period': '5', 'test': ['CMD-SHELL', 'healthcheck_port heat-engine 5672'], 'timeout': '30'}}}) 

TASK [haproxy-config : Add configuration for heat when using single external frontend] ***
skipping: [ctrl01] => (item={'key': 'heat-api', 'value': {'container_name': 'heat_api', 'group': 'heat-api', 'enabled': True, 'image': 'quay.io/openstack.kolla/heat-api:2025.1-ubuntu-noble', 'volumes': ['/etc/kolla/heat-api/:/var/lib/kolla/config_files/:ro', '/etc/localtime:/etc/localtime:ro', '/etc/timezone:/etc/timezone:ro', '', 'kolla_logs:/var/log/kolla/', '/dev/shm:/dev/shm'], 'dimensions': {'ulimits': {'nofile': {'soft': 1048576, 'hard': 1048576}}}, 'healthcheck': {'interval': '30', 'retries': '3', 'start_period': '5', 'test': ['CMD-SHELL', 'healthcheck_curl http://192.168.1.101:8004'], 'timeout': '30'}, 'haproxy': {'heat_api': {'enabled': True, 'mode': 'http', 'external': False, 'port': '8004', 'listen_port': '8004', 'tls_backend': 'no', 'backend_http_extra': ['option httpchk']}, 'heat_api_external': {'enabled': True, 'mode': 'http', 'external': True, 'external_fqdn': '192.168.1.250', 'port': '8004', 'listen_port': '8004', 'tls_backend': 'no', 'backend_http_extra': ['option httpchk']}}}}) 
skipping: [ctrl01] => (item={'key': 'heat-api-cfn', 'value': {'container_name': 'heat_api_cfn', 'group': 'heat-api-cfn', 'enabled': True, 'image': 'quay.io/openstack.kolla/heat-api-cfn:2025.1-ubuntu-noble', 'volumes': ['/etc/kolla/heat-api-cfn/:/var/lib/kolla/config_files/:ro', '/etc/localtime:/etc/localtime:ro', '/etc/timezone:/etc/timezone:ro', '', 'kolla_logs:/var/log/kolla/', '/dev/shm:/dev/shm'], 'dimensions': {'ulimits': {'nofile': {'soft': 1048576, 'hard': 1048576}}}, 'healthcheck': {'interval': '30', 'retries': '3', 'start_period': '5', 'test': ['CMD-SHELL', 'healthcheck_curl http://192.168.1.101:8000'], 'timeout': '30'}, 'haproxy': {'heat_api_cfn': {'enabled': True, 'mode': 'http', 'external': False, 'port': '8000', 'listen_port': '8000', 'tls_backend': 'no', 'backend_http_extra': ['option httpchk']}, 'heat_api_cfn_external': {'enabled': True, 'mode': 'http', 'external': True, 'external_fqdn': '192.168.1.250', 'port': '8000', 'listen_port': '8000', 'tls_backend': 'no', 'backend_http_extra': ['option httpchk']}}}}) 
skipping: [ctrl01] => (item={'key': 'heat-engine', 'value': {'container_name': 'heat_engine', 'group': 'heat-engine', 'enabled': True, 'image': 'quay.io/openstack.kolla/heat-engine:2025.1-ubuntu-noble', 'volumes': ['/etc/kolla/heat-engine/:/var/lib/kolla/config_files/:ro', '/etc/localtime:/etc/localtime:ro', '/etc/timezone:/etc/timezone:ro', '', 'kolla_logs:/var/log/kolla/', '/dev/shm:/dev/shm'], 'dimensions': {'ulimits': {'nofile': {'soft': 1048576, 'hard': 1048576}}}, 'healthcheck': {'interval': '30', 'retries': '3', 'start_period': '5', 'test': ['CMD-SHELL', 'healthcheck_port heat-engine 5672'], 'timeout': '30'}}}) 
skipping: [ctrl01]

TASK [haproxy-config : Configuring firewall for heat] **************************
skipping: [ctrl01] => (item={'key': 'heat_api', 'value': {'enabled': True, 'mode': 'http', 'external': False, 'port': '8004', 'listen_port': '8004', 'tls_backend': 'no', 'backend_http_extra': ['option httpchk']}}) 
skipping: [ctrl01] => (item={'key': 'heat_api_external', 'value': {'enabled': True, 'mode': 'http', 'external': True, 'external_fqdn': '192.168.1.250', 'port': '8004', 'listen_port': '8004', 'tls_backend': 'no', 'backend_http_extra': ['option httpchk']}}) 
skipping: [ctrl01] => (item={'key': 'heat_api_cfn', 'value': {'enabled': True, 'mode': 'http', 'external': False, 'port': '8000', 'listen_port': '8000', 'tls_backend': 'no', 'backend_http_extra': ['option httpchk']}}) 
skipping: [ctrl01] => (item={'key': 'heat_api_cfn_external', 'value': {'enabled': True, 'mode': 'http', 'external': True, 'external_fqdn': '192.168.1.250', 'port': '8000', 'listen_port': '8000', 'tls_backend': 'no', 'backend_http_extra': ['option httpchk']}}) 
skipping: [ctrl01]

TASK [proxysql-config : Copying over heat ProxySQL users config] ***************
changed: [ctrl01]

TASK [proxysql-config : Copying over heat ProxySQL rules config] ***************
changed: [ctrl01]

TASK [include_role : horizon] **************************************************
included: horizon for ctrl01

TASK [haproxy-config : Copying over horizon haproxy config] ********************
changed: [ctrl01] => (item={'key': 'horizon', 'value': {'container_name': 'horizon', 'group': 'horizon', 'enabled': True, 'image': 'quay.io/openstack.kolla/horizon:2025.1-ubuntu-noble', 'environment': {'ENABLE_BLAZAR': 'no', 'ENABLE_CLOUDKITTY': 'no', 'ENABLE_DESIGNATE': 'no', 'ENABLE_FWAAS': 'no', 'ENABLE_HEAT': 'yes', 'ENABLE_IRONIC': 'no', 'ENABLE_MAGNUM': 'no', 'ENABLE_MANILA': 'no', 'ENABLE_MASAKARI': 'no', 'ENABLE_MISTRAL': 'no', 'ENABLE_NEUTRON_VPNAAS': 'no', 'ENABLE_OCTAVIA': 'no', 'ENABLE_TACKER': 'no', 'ENABLE_TROVE': 'no', 'ENABLE_VENUS': 'no', 'ENABLE_WATCHER': 'no', 'ENABLE_ZUN': 'no', 'FORCE_GENERATE': 'no'}, 'volumes': ['/etc/kolla/horizon/:/var/lib/kolla/config_files/:ro', '', '/etc/localtime:/etc/localtime:ro', '/etc/timezone:/etc/timezone:ro', 'kolla_logs:/var/log/kolla/'], 'dimensions': {'ulimits': {'nofile': {'soft': 1048576, 'hard': 1048576}}}, 'healthcheck': {'interval': '30', 'retries': '3', 'start_period': '5', 'test': ['CMD-SHELL', 'healthcheck_curl http://192.168.1.101:80'], 'timeout': '30'}, 'haproxy': {'horizon': {'enabled': 'yes', 'mode': 'http', 'external': False, 'port': '80', 'listen_port': '80', 'frontend_http_extra': ['use_backend acme_client_back if { path_reg ^/.well-known/acme-challenge/.+ }'], 'backend_http_extra': ['balance roundrobin', 'option httpchk'], 'tls_backend': 'no'}, 'horizon_redirect': {'enabled': False, 'mode': 'redirect', 'external': False, 'port': '80', 'listen_port': '80', 'frontend_redirect_extra': ['use_backend acme_client_back if { path_reg ^/.well-known/acme-challenge/.+ }']}, 'horizon_external': {'enabled': 'yes', 'mode': 'http', 'external': True, 'external_fqdn': '192.168.1.250', 'port': '80', 'listen_port': '80', 'frontend_http_extra': ['use_backend acme_client_back if { path_reg ^/.well-known/acme-challenge/.+ }'], 'backend_http_extra': ['balance roundrobin', 'option httpchk'], 'tls_backend': 'no'}, 'horizon_external_redirect': {'enabled': False, 'mode': 'redirect', 'external': True, 'external_fqdn': '192.168.1.250', 'port': '80', 'listen_port': '80', 'frontend_redirect_extra': ['use_backend acme_client_back if { path_reg ^/.well-known/acme-challenge/.+ }']}, 'acme_client': {'enabled': 'yes', 'with_frontend': False, 'custom_member_list': []}}}})

TASK [haproxy-config : Add configuration for horizon when using single external frontend] ***
skipping: [ctrl01] => (item={'key': 'horizon', 'value': {'container_name': 'horizon', 'group': 'horizon', 'enabled': True, 'image': 'quay.io/openstack.kolla/horizon:2025.1-ubuntu-noble', 'environment': {'ENABLE_BLAZAR': 'no', 'ENABLE_CLOUDKITTY': 'no', 'ENABLE_DESIGNATE': 'no', 'ENABLE_FWAAS': 'no', 'ENABLE_HEAT': 'yes', 'ENABLE_IRONIC': 'no', 'ENABLE_MAGNUM': 'no', 'ENABLE_MANILA': 'no', 'ENABLE_MASAKARI': 'no', 'ENABLE_MISTRAL': 'no', 'ENABLE_NEUTRON_VPNAAS': 'no', 'ENABLE_OCTAVIA': 'no', 'ENABLE_TACKER': 'no', 'ENABLE_TROVE': 'no', 'ENABLE_VENUS': 'no', 'ENABLE_WATCHER': 'no', 'ENABLE_ZUN': 'no', 'FORCE_GENERATE': 'no'}, 'volumes': ['/etc/kolla/horizon/:/var/lib/kolla/config_files/:ro', '', '/etc/localtime:/etc/localtime:ro', '/etc/timezone:/etc/timezone:ro', 'kolla_logs:/var/log/kolla/'], 'dimensions': {'ulimits': {'nofile': {'soft': 1048576, 'hard': 1048576}}}, 'healthcheck': {'interval': '30', 'retries': '3', 'start_period': '5', 'test': ['CMD-SHELL', 'healthcheck_curl http://192.168.1.101:80'], 'timeout': '30'}, 'haproxy': {'horizon': {'enabled': 'yes', 'mode': 'http', 'external': False, 'port': '80', 'listen_port': '80', 'frontend_http_extra': ['use_backend acme_client_back if { path_reg ^/.well-known/acme-challenge/.+ }'], 'backend_http_extra': ['balance roundrobin', 'option httpchk'], 'tls_backend': 'no'}, 'horizon_redirect': {'enabled': False, 'mode': 'redirect', 'external': False, 'port': '80', 'listen_port': '80', 'frontend_redirect_extra': ['use_backend acme_client_back if { path_reg ^/.well-known/acme-challenge/.+ }']}, 'horizon_external': {'enabled': 'yes', 'mode': 'http', 'external': True, 'external_fqdn': '192.168.1.250', 'port': '80', 'listen_port': '80', 'frontend_http_extra': ['use_backend acme_client_back if { path_reg ^/.well-known/acme-challenge/.+ }'], 'backend_http_extra': ['balance roundrobin', 'option httpchk'], 'tls_backend': 'no'}, 'horizon_external_redirect': {'enabled': False, 'mode': 'redirect', 'external': True, 'external_fqdn': '192.168.1.250', 'port': '80', 'listen_port': '80', 'frontend_redirect_extra': ['use_backend acme_client_back if { path_reg ^/.well-known/acme-challenge/.+ }']}, 'acme_client': {'enabled': 'yes', 'with_frontend': False, 'custom_member_list': []}}}}) 
skipping: [ctrl01]

TASK [haproxy-config : Configuring firewall for horizon] ***********************
skipping: [ctrl01] => (item={'key': 'horizon', 'value': {'enabled': 'yes', 'mode': 'http', 'external': False, 'port': '80', 'listen_port': '80', 'frontend_http_extra': ['use_backend acme_client_back if { path_reg ^/.well-known/acme-challenge/.+ }'], 'backend_http_extra': ['balance roundrobin', 'option httpchk'], 'tls_backend': 'no'}}) 
skipping: [ctrl01] => (item={'key': 'horizon_redirect', 'value': {'enabled': False, 'mode': 'redirect', 'external': False, 'port': '80', 'listen_port': '80', 'frontend_redirect_extra': ['use_backend acme_client_back if { path_reg ^/.well-known/acme-challenge/.+ }']}}) 
skipping: [ctrl01] => (item={'key': 'horizon_external', 'value': {'enabled': 'yes', 'mode': 'http', 'external': True, 'external_fqdn': '192.168.1.250', 'port': '80', 'listen_port': '80', 'frontend_http_extra': ['use_backend acme_client_back if { path_reg ^/.well-known/acme-challenge/.+ }'], 'backend_http_extra': ['balance roundrobin', 'option httpchk'], 'tls_backend': 'no'}}) 
skipping: [ctrl01] => (item={'key': 'horizon_external_redirect', 'value': {'enabled': False, 'mode': 'redirect', 'external': True, 'external_fqdn': '192.168.1.250', 'port': '80', 'listen_port': '80', 'frontend_redirect_extra': ['use_backend acme_client_back if { path_reg ^/.well-known/acme-challenge/.+ }']}}) 
skipping: [ctrl01] => (item={'key': 'acme_client', 'value': {'enabled': 'yes', 'with_frontend': False, 'custom_member_list': []}}) 
skipping: [ctrl01]

TASK [proxysql-config : Copying over horizon ProxySQL users config] ************
changed: [ctrl01]

TASK [proxysql-config : Copying over horizon ProxySQL rules config] ************
changed: [ctrl01]

TASK [include_role : influxdb] *************************************************
skipping: [ctrl01]

TASK [include_role : ironic] ***************************************************
skipping: [ctrl01]

TASK [include_role : keystone] *************************************************
included: keystone for ctrl01

TASK [haproxy-config : Copying over keystone haproxy config] *******************
changed: [ctrl01] => (item={'key': 'keystone', 'value': {'container_name': 'keystone', 'group': 'keystone', 'enabled': True, 'image': 'quay.io/openstack.kolla/keystone:2025.1-ubuntu-noble', 'volumes': ['/etc/kolla/keystone/:/var/lib/kolla/config_files/:ro', '/etc/localtime:/etc/localtime:ro', '/etc/timezone:/etc/timezone:ro', '', 'kolla_logs:/var/log/kolla/', '/dev/shm:/dev/shm', 'keystone_fernet_tokens:/etc/keystone/fernet-keys'], 'dimensions': {'ulimits': {'nofile': {'soft': 1048576, 'hard': 1048576}}}, 'healthcheck': {'interval': '30', 'retries': '3', 'start_period': '5', 'test': ['CMD-SHELL', 'healthcheck_curl http://192.168.1.101:5000'], 'timeout': '30'}, 'haproxy': {'keystone_internal': {'enabled': True, 'mode': 'http', 'external': False, 'tls_backend': 'no', 'port': '5000', 'listen_port': '5000', 'backend_http_extra': ['balance roundrobin', 'option httpchk']}, 'keystone_external': {'enabled': True, 'mode': 'http', 'external': True, 'external_fqdn': '192.168.1.250', 'tls_backend': 'no', 'port': '5000', 'listen_port': '5000', 'backend_http_extra': ['balance roundrobin', 'option httpchk']}}}})
skipping: [ctrl01] => (item={'key': 'keystone-ssh', 'value': {'container_name': 'keystone_ssh', 'group': 'keystone', 'enabled': True, 'image': 'quay.io/openstack.kolla/keystone-ssh:2025.1-ubuntu-noble', 'volumes': ['/etc/kolla/keystone-ssh/:/var/lib/kolla/config_files/:ro', '/etc/localtime:/etc/localtime:ro', '/etc/timezone:/etc/timezone:ro', 'kolla_logs:/var/log/kolla/', 'keystone_fernet_tokens:/etc/keystone/fernet-keys'], 'dimensions': {'ulimits': {'nofile': {'soft': 1048576, 'hard': 1048576}}}, 'healthcheck': {'interval': '30', 'retries': '3', 'start_period': '5', 'test': ['CMD-SHELL', 'healthcheck_listen sshd 8023'], 'timeout': '30'}}}) 
skipping: [ctrl01] => (item={'key': 'keystone-fernet', 'value': {'container_name': 'keystone_fernet', 'group': 'keystone', 'enabled': True, 'image': 'quay.io/openstack.kolla/keystone-fernet:2025.1-ubuntu-noble', 'volumes': ['/etc/kolla/keystone-fernet/:/var/lib/kolla/config_files/:ro', '/etc/localtime:/etc/localtime:ro', '/etc/timezone:/etc/timezone:ro', 'kolla_logs:/var/log/kolla/', 'keystone_fernet_tokens:/etc/keystone/fernet-keys'], 'dimensions': {'ulimits': {'nofile': {'soft': 1048576, 'hard': 1048576}}}, 'healthcheck': {'interval': '30', 'retries': '3', 'start_period': '5', 'test': ['CMD-SHELL', '/usr/bin/fernet-healthcheck.sh'], 'timeout': '30'}}}) 

TASK [haproxy-config : Add configuration for keystone when using single external frontend] ***
skipping: [ctrl01] => (item={'key': 'keystone', 'value': {'container_name': 'keystone', 'group': 'keystone', 'enabled': True, 'image': 'quay.io/openstack.kolla/keystone:2025.1-ubuntu-noble', 'volumes': ['/etc/kolla/keystone/:/var/lib/kolla/config_files/:ro', '/etc/localtime:/etc/localtime:ro', '/etc/timezone:/etc/timezone:ro', '', 'kolla_logs:/var/log/kolla/', '/dev/shm:/dev/shm', 'keystone_fernet_tokens:/etc/keystone/fernet-keys'], 'dimensions': {'ulimits': {'nofile': {'soft': 1048576, 'hard': 1048576}}}, 'healthcheck': {'interval': '30', 'retries': '3', 'start_period': '5', 'test': ['CMD-SHELL', 'healthcheck_curl http://192.168.1.101:5000'], 'timeout': '30'}, 'haproxy': {'keystone_internal': {'enabled': True, 'mode': 'http', 'external': False, 'tls_backend': 'no', 'port': '5000', 'listen_port': '5000', 'backend_http_extra': ['balance roundrobin', 'option httpchk']}, 'keystone_external': {'enabled': True, 'mode': 'http', 'external': True, 'external_fqdn': '192.168.1.250', 'tls_backend': 'no', 'port': '5000', 'listen_port': '5000', 'backend_http_extra': ['balance roundrobin', 'option httpchk']}}}}) 
skipping: [ctrl01] => (item={'key': 'keystone-ssh', 'value': {'container_name': 'keystone_ssh', 'group': 'keystone', 'enabled': True, 'image': 'quay.io/openstack.kolla/keystone-ssh:2025.1-ubuntu-noble', 'volumes': ['/etc/kolla/keystone-ssh/:/var/lib/kolla/config_files/:ro', '/etc/localtime:/etc/localtime:ro', '/etc/timezone:/etc/timezone:ro', 'kolla_logs:/var/log/kolla/', 'keystone_fernet_tokens:/etc/keystone/fernet-keys'], 'dimensions': {'ulimits': {'nofile': {'soft': 1048576, 'hard': 1048576}}}, 'healthcheck': {'interval': '30', 'retries': '3', 'start_period': '5', 'test': ['CMD-SHELL', 'healthcheck_listen sshd 8023'], 'timeout': '30'}}}) 
skipping: [ctrl01] => (item={'key': 'keystone-fernet', 'value': {'container_name': 'keystone_fernet', 'group': 'keystone', 'enabled': True, 'image': 'quay.io/openstack.kolla/keystone-fernet:2025.1-ubuntu-noble', 'volumes': ['/etc/kolla/keystone-fernet/:/var/lib/kolla/config_files/:ro', '/etc/localtime:/etc/localtime:ro', '/etc/timezone:/etc/timezone:ro', 'kolla_logs:/var/log/kolla/', 'keystone_fernet_tokens:/etc/keystone/fernet-keys'], 'dimensions': {'ulimits': {'nofile': {'soft': 1048576, 'hard': 1048576}}}, 'healthcheck': {'interval': '30', 'retries': '3', 'start_period': '5', 'test': ['CMD-SHELL', '/usr/bin/fernet-healthcheck.sh'], 'timeout': '30'}}}) 
skipping: [ctrl01]

TASK [haproxy-config : Configuring firewall for keystone] **********************
skipping: [ctrl01] => (item={'key': 'keystone_internal', 'value': {'enabled': True, 'mode': 'http', 'external': False, 'tls_backend': 'no', 'port': '5000', 'listen_port': '5000', 'backend_http_extra': ['balance roundrobin', 'option httpchk']}}) 
skipping: [ctrl01] => (item={'key': 'keystone_external', 'value': {'enabled': True, 'mode': 'http', 'external': True, 'external_fqdn': '192.168.1.250', 'tls_backend': 'no', 'port': '5000', 'listen_port': '5000', 'backend_http_extra': ['balance roundrobin', 'option httpchk']}}) 
skipping: [ctrl01]

TASK [proxysql-config : Copying over keystone ProxySQL users config] ***********
changed: [ctrl01]

TASK [proxysql-config : Copying over keystone ProxySQL rules config] ***********
changed: [ctrl01]

TASK [include_role : letsencrypt] **********************************************
skipping: [ctrl01]

TASK [include_role : magnum] ***************************************************
skipping: [ctrl01]

TASK [include_role : manila] ***************************************************
skipping: [ctrl01]

TASK [include_role : mariadb] **************************************************
included: mariadb for ctrl01

TASK [mariadb : Ensure mysql monitor user exist] *******************************
ok: [ctrl01] => (item=ctrl01)

TASK [haproxy-config : Copying over mariadb haproxy config] ********************
skipping: [ctrl01] => (item={'key': 'mariadb', 'value': {'container_name': 'mariadb', 'group': 'mariadb_shard_0', 'enabled': True, 'image': 'quay.io/openstack.kolla/mariadb-server:2025.1-ubuntu-noble', 'volumes': ['/etc/kolla/mariadb/:/var/lib/kolla/config_files/:ro', '/etc/localtime:/etc/localtime:ro', '/etc/timezone:/etc/timezone:ro', 'mariadb:/var/lib/mysql', 'kolla_logs:/var/log/kolla/'], 'dimensions': {'ulimits': {'nofile': {'soft': 1048576, 'hard': 1048576}}}, 'healthcheck': {'interval': '30', 'retries': '3', 'start_period': '5', 'test': ['CMD-SHELL', '/usr/bin/clustercheck'], 'timeout': '30'}, 'environment': {'MYSQL_USERNAME': 'monitor', 'MYSQL_PASSWORD': 'YK0S6Xgts8IWPsbRazVpKbV9KdQqjwLVprEOisjp', 'MYSQL_HOST': '192.168.1.101', 'AVAILABLE_WHEN_DONOR': '1'}, 'haproxy': {'mariadb': {'enabled': True, 'mode': 'tcp', 'port': '3306', 'listen_port': '3306', 'frontend_tcp_extra': ['option clitcpka', 'timeout client 3600s'], 'backend_tcp_extra': ['option srvtcpka', 'timeout server 3600s', ''], 'custom_member_list': [' server ctrl01 192.168.1.101:3306 check port 3306 inter 2000 rise 2 fall 5', '']}, 'mariadb_external_lb': {'enabled': False, 'mode': 'tcp', 'port': '3306', 'listen_port': '3306', 'frontend_tcp_extra': ['option clitcpka', 'timeout client 3600s'], 'backend_tcp_extra': ['option srvtcpka', 'timeout server 3600s'], 'custom_member_list': [' server ctrl01 ctrl01:3306 check port 3306 inter 2000 rise 2 fall 5', '']}}}}) 
skipping: [ctrl01] => (item={'key': 'mariadb-clustercheck', 'value': {'container_name': 'mariadb_clustercheck', 'group': 'mariadb_shard_0', 'enabled': False, 'image': 'quay.io/openstack.kolla/mariadb-clustercheck:2025.1-ubuntu-noble', 'volumes': ['/etc/kolla/mariadb-clustercheck/:/var/lib/kolla/config_files/:ro', '/etc/localtime:/etc/localtime:ro', '/etc/timezone:/etc/timezone:ro', 'kolla_logs:/var/log/kolla/'], 'dimensions': {'ulimits': {'nofile': {'soft': 1048576, 'hard': 1048576}}}, 'environment': {'MYSQL_USERNAME': 'monitor', 'MYSQL_PASSWORD': 'YK0S6Xgts8IWPsbRazVpKbV9KdQqjwLVprEOisjp', 'MYSQL_HOST': '192.168.1.101', 'AVAILABLE_WHEN_DONOR': '1'}}}) 
skipping: [ctrl01]

TASK [haproxy-config : Add configuration for mariadb when using single external frontend] ***
skipping: [ctrl01] => (item={'key': 'mariadb', 'value': {'container_name': 'mariadb', 'group': 'mariadb_shard_0', 'enabled': True, 'image': 'quay.io/openstack.kolla/mariadb-server:2025.1-ubuntu-noble', 'volumes': ['/etc/kolla/mariadb/:/var/lib/kolla/config_files/:ro', '/etc/localtime:/etc/localtime:ro', '/etc/timezone:/etc/timezone:ro', 'mariadb:/var/lib/mysql', 'kolla_logs:/var/log/kolla/'], 'dimensions': {'ulimits': {'nofile': {'soft': 1048576, 'hard': 1048576}}}, 'healthcheck': {'interval': '30', 'retries': '3', 'start_period': '5', 'test': ['CMD-SHELL', '/usr/bin/clustercheck'], 'timeout': '30'}, 'environment': {'MYSQL_USERNAME': 'monitor', 'MYSQL_PASSWORD': 'YK0S6Xgts8IWPsbRazVpKbV9KdQqjwLVprEOisjp', 'MYSQL_HOST': '192.168.1.101', 'AVAILABLE_WHEN_DONOR': '1'}, 'haproxy': {'mariadb': {'enabled': True, 'mode': 'tcp', 'port': '3306', 'listen_port': '3306', 'frontend_tcp_extra': ['option clitcpka', 'timeout client 3600s'], 'backend_tcp_extra': ['option srvtcpka', 'timeout server 3600s', ''], 'custom_member_list': [' server ctrl01 192.168.1.101:3306 check port 3306 inter 2000 rise 2 fall 5', '']}, 'mariadb_external_lb': {'enabled': False, 'mode': 'tcp', 'port': '3306', 'listen_port': '3306', 'frontend_tcp_extra': ['option clitcpka', 'timeout client 3600s'], 'backend_tcp_extra': ['option srvtcpka', 'timeout server 3600s'], 'custom_member_list': [' server ctrl01 ctrl01:3306 check port 3306 inter 2000 rise 2 fall 5', '']}}}}) 
skipping: [ctrl01] => (item={'key': 'mariadb-clustercheck', 'value': {'container_name': 'mariadb_clustercheck', 'group': 'mariadb_shard_0', 'enabled': False, 'image': 'quay.io/openstack.kolla/mariadb-clustercheck:2025.1-ubuntu-noble', 'volumes': ['/etc/kolla/mariadb-clustercheck/:/var/lib/kolla/config_files/:ro', '/etc/localtime:/etc/localtime:ro', '/etc/timezone:/etc/timezone:ro', 'kolla_logs:/var/log/kolla/'], 'dimensions': {'ulimits': {'nofile': {'soft': 1048576, 'hard': 1048576}}}, 'environment': {'MYSQL_USERNAME': 'monitor', 'MYSQL_PASSWORD': 'YK0S6Xgts8IWPsbRazVpKbV9KdQqjwLVprEOisjp', 'MYSQL_HOST': '192.168.1.101', 'AVAILABLE_WHEN_DONOR': '1'}}}) 
skipping: [ctrl01]

TASK [haproxy-config : Configuring firewall for mariadb] ***********************
skipping: [ctrl01] => (item={'key': 'mariadb', 'value': {'enabled': True, 'mode': 'tcp', 'port': '3306', 'listen_port': '3306', 'frontend_tcp_extra': ['option clitcpka', 'timeout client 3600s'], 'backend_tcp_extra': ['option srvtcpka', 'timeout server 3600s', ''], 'custom_member_list': [' server ctrl01 192.168.1.101:3306 check port 3306 inter 2000 rise 2 fall 5', '']}}) 
skipping: [ctrl01] => (item={'key': 'mariadb_external_lb', 'value': {'enabled': False, 'mode': 'tcp', 'port': '3306', 'listen_port': '3306', 'frontend_tcp_extra': ['option clitcpka', 'timeout client 3600s'], 'backend_tcp_extra': ['option srvtcpka', 'timeout server 3600s'], 'custom_member_list': [' server ctrl01 ctrl01:3306 check port 3306 inter 2000 rise 2 fall 5', '']}}) 
skipping: [ctrl01]

TASK [proxysql-config : Copying over mariadb ProxySQL users config] ************
changed: [ctrl01]

TASK [proxysql-config : Copying over mariadb ProxySQL rules config] ************
skipping: [ctrl01]

TASK [include_role : masakari] *************************************************
skipping: [ctrl01]

TASK [include_role : memcached] ************************************************
included: memcached for ctrl01

TASK [haproxy-config : Copying over memcached haproxy config] ******************
changed: [ctrl01] => (item={'key': 'memcached', 'value': {'container_name': 'memcached', 'image': 'quay.io/openstack.kolla/memcached:2025.1-ubuntu-noble', 'enabled': True, 'group': 'memcached', 'volumes': ['/etc/kolla/memcached/:/var/lib/kolla/config_files/:ro', '/etc/localtime:/etc/localtime:ro', '/etc/timezone:/etc/timezone:ro'], 'dimensions': {'ulimits': {'nofile': {'soft': 1048576, 'hard': 1048576}}}, 'healthcheck': {'interval': '30', 'retries': '3', 'start_period': '5', 'test': ['CMD-SHELL', 'healthcheck_listen memcached 11211'], 'timeout': '30'}, 'haproxy': {'memcached': {'enabled': False, 'mode': 'tcp', 'port': '11211', 'frontend_tcp_extra': ['option clitcpka', 'timeout client 3600s'], 'backend_tcp_extra': ['option srvtcpka', 'timeout server 3600s'], 'active_passive': True}}}})

TASK [haproxy-config : Add configuration for memcached when using single external frontend] ***
skipping: [ctrl01] => (item={'key': 'memcached', 'value': {'container_name': 'memcached', 'image': 'quay.io/openstack.kolla/memcached:2025.1-ubuntu-noble', 'enabled': True, 'group': 'memcached', 'volumes': ['/etc/kolla/memcached/:/var/lib/kolla/config_files/:ro', '/etc/localtime:/etc/localtime:ro', '/etc/timezone:/etc/timezone:ro'], 'dimensions': {'ulimits': {'nofile': {'soft': 1048576, 'hard': 1048576}}}, 'healthcheck': {'interval': '30', 'retries': '3', 'start_period': '5', 'test': ['CMD-SHELL', 'healthcheck_listen memcached 11211'], 'timeout': '30'}, 'haproxy': {'memcached': {'enabled': False, 'mode': 'tcp', 'port': '11211', 'frontend_tcp_extra': ['option clitcpka', 'timeout client 3600s'], 'backend_tcp_extra': ['option srvtcpka', 'timeout server 3600s'], 'active_passive': True}}}}) 
skipping: [ctrl01]

TASK [haproxy-config : Configuring firewall for memcached] *********************
skipping: [ctrl01] => (item={'key': 'memcached', 'value': {'enabled': False, 'mode': 'tcp', 'port': '11211', 'frontend_tcp_extra': ['option clitcpka', 'timeout client 3600s'], 'backend_tcp_extra': ['option srvtcpka', 'timeout server 3600s'], 'active_passive': True}}) 
skipping: [ctrl01]

TASK [proxysql-config : Copying over memcached ProxySQL users config] **********
skipping: [ctrl01]

TASK [proxysql-config : Copying over memcached ProxySQL rules config] **********
skipping: [ctrl01]

TASK [include_role : mistral] **************************************************
skipping: [ctrl01]

TASK [include_role : neutron] **************************************************
included: neutron for ctrl01

TASK [haproxy-config : Copying over neutron haproxy config] ********************
changed: [ctrl01] => (item={'key': 'neutron-server', 'value': {'container_name': 'neutron_server', 'image': 'quay.io/openstack.kolla/neutron-server:2025.1-ubuntu-noble', 'enabled': True, 'group': 'neutron-server', 'host_in_groups': True, 'volumes': ['/etc/kolla/neutron-server/:/var/lib/kolla/config_files/:ro', '/etc/localtime:/etc/localtime:ro', '/etc/timezone:/etc/timezone:ro', 'kolla_logs:/var/log/kolla/', '/dev/shm:/dev/shm', ''], 'dimensions': {'ulimits': {'nofile': {'soft': 1048576, 'hard': 1048576}}}, 'healthcheck': {'interval': '30', 'retries': '3', 'start_period': '5', 'test': ['CMD-SHELL', 'healthcheck_curl http://192.168.1.101:9696'], 'timeout': '30'}, 'haproxy': {'neutron_server': {'enabled': True, 'mode': 'http', 'external': False, 'port': '9696', 'listen_port': '9696', 'backend_http_extra': ['option httpchk']}, 'neutron_server_external': {'enabled': True, 'mode': 'http', 'external': True, 'external_fqdn': '192.168.1.250', 'port': '9696', 'listen_port': '9696', 'backend_http_extra': ['option httpchk']}}}})
skipping: [ctrl01] => (item={'key': 'neutron-openvswitch-agent', 'value': {'container_name': 'neutron_openvswitch_agent', 'image': 'quay.io/openstack.kolla/neutron-openvswitch-agent:2025.1-ubuntu-noble', 'enabled': False, 'privileged': True, 'environment': {'KOLLA_LEGACY_IPTABLES': 'false'}, 'host_in_groups': True, 'volumes': ['/etc/kolla/neutron-openvswitch-agent/:/var/lib/kolla/config_files/:ro', '/etc/localtime:/etc/localtime:ro', '/etc/timezone:/etc/timezone:ro', '/lib/modules:/lib/modules:ro', '/run/openvswitch:/run/openvswitch:shared', 'kolla_logs:/var/log/kolla/', '/dev/shm:/dev/shm', ''], 'dimensions': {'ulimits': {'nofile': {'soft': 1048576, 'hard': 1048576}}}, 'healthcheck': {'interval': '30', 'retries': '3', 'start_period': '5', 'test': ['CMD-SHELL', 'healthcheck_port neutron-openvswitch-agent 5672'], 'timeout': '30'}}}) 
skipping: [ctrl01] => (item={'key': 'neutron-dhcp-agent', 'value': {'cgroupns_mode': 'private', 'container_name': 'neutron_dhcp_agent', 'image': 'quay.io/openstack.kolla/neutron-dhcp-agent:2025.1-ubuntu-noble', 'privileged': True, 'enabled': False, 'group': 'neutron-dhcp-agent', 'host_in_groups': True, 'volumes': ['/etc/kolla/neutron-dhcp-agent/:/var/lib/kolla/config_files/:ro', '/etc/localtime:/etc/localtime:ro', '/etc/timezone:/etc/timezone:ro', 'neutron_metadata_socket:/var/lib/neutron/kolla/', '/run/netns:/run/netns:shared', 'kolla_logs:/var/log/kolla/', '/dev/shm:/dev/shm', '', '', '', ''], 'dimensions': {'ulimits': {'nofile': {'soft': 1048576, 'hard': 1048576}}}, 'healthcheck': {'interval': '30', 'retries': '3', 'start_period': '5', 'test': ['CMD-SHELL', 'healthcheck_port neutron-dhcp-agent 5672'], 'timeout': '30'}, 'pid_mode': '', 'environment': {'KOLLA_IMAGE': 'quay.io/openstack.kolla/neutron-dhcp-agent:2025.1-ubuntu-noble', 'KOLLA_NAME': 'neutron_dhcp_agent', 'KOLLA_NEUTRON_WRAPPERS': 'false'}}}) 
skipping: [ctrl01] => (item={'key': 'neutron-l3-agent', 'value': {'cgroupns_mode': 'private', 'container_name': 'neutron_l3_agent', 'image': 'quay.io/openstack.kolla/neutron-l3-agent:2025.1-ubuntu-noble', 'privileged': True, 'enabled': False, 'environment': {'KOLLA_IMAGE': 'quay.io/openstack.kolla/neutron-l3-agent:2025.1-ubuntu-noble', 'KOLLA_LEGACY_IPTABLES': 'false', 'KOLLA_NAME': 'neutron_l3_agent', 'KOLLA_NEUTRON_WRAPPERS': 'false'}, 'host_in_groups': True, 'volumes': ['/etc/kolla/neutron-l3-agent/:/var/lib/kolla/config_files/:ro', '/etc/localtime:/etc/localtime:ro', '/etc/timezone:/etc/timezone:ro', '/lib/modules:/lib/modules:ro', 'neutron_metadata_socket:/var/lib/neutron/kolla/', '/run/netns:/run/netns:shared', 'kolla_logs:/var/log/kolla/', '/dev/shm:/dev/shm', '', '', '', ''], 'dimensions': {'ulimits': {'nofile': {'soft': 1048576, 'hard': 1048576}}}, 'healthcheck': {'interval': '30', 'retries': '3', 'start_period': '5', 'test': ['CMD-SHELL', "healthcheck_port 'neutron-l3-agent ' 5672"], 'timeout': '30'}, 'pid_mode': ''}}) 
skipping: [ctrl01] => (item={'key': 'neutron-sriov-agent', 'value': {'container_name': 'neutron_sriov_agent', 'image': 'quay.io/openstack.kolla/neutron-sriov-agent:2025.1-ubuntu-noble', 'privileged': True, 'enabled': False, 'host_in_groups': False, 'volumes': ['/etc/kolla/neutron-sriov-agent/:/var/lib/kolla/config_files/:ro', '/etc/localtime:/etc/localtime:ro', '/etc/timezone:/etc/timezone:ro', 'kolla_logs:/var/log/kolla/', '/dev/shm:/dev/shm', ''], 'dimensions': {'ulimits': {'nofile': {'soft': 1048576, 'hard': 1048576}}}, 'healthcheck': {'interval': '30', 'retries': '3', 'start_period': '5', 'test': ['CMD-SHELL', 'healthcheck_port neutron-sriov-nic-agent 5672'], 'timeout': '30'}}}) 
skipping: [ctrl01] => (item={'key': 'neutron-mlnx-agent', 'value': {'container_name': 'neutron_mlnx_agent', 'image': 'quay.io/openstack.kolla/neutron-mlnx-agent:2025.1-ubuntu-noble', 'enabled': False, 'host_in_groups': False, 'volumes': ['/etc/kolla/neutron-mlnx-agent/:/var/lib/kolla/config_files/:ro', '/etc/localtime:/etc/localtime:ro', '/etc/timezone:/etc/timezone:ro', 'kolla_logs:/var/log/kolla/', '/dev/shm:/dev/shm', ''], 'dimensions': {'ulimits': {'nofile': {'soft': 1048576, 'hard': 1048576}}}}}) 
skipping: [ctrl01] => (item={'key': 'neutron-eswitchd', 'value': {'container_name': 'neutron_eswitchd', 'image': 'quay.io/openstack.kolla/neutron-mlnx-agent:2025.1-ubuntu-noble', 'privileged': True, 'enabled': False, 'host_in_groups': False, 'volumes': ['/etc/kolla/neutron-eswitchd/:/var/lib/kolla/config_files/:ro', '/etc/localtime:/etc/localtime:ro', '/run/libvirt:/run/libvirt:ro', '/etc/timezone:/etc/timezone:ro', 'kolla_logs:/var/log/kolla/', '/dev/shm:/dev/shm', ''], 'dimensions': {'ulimits': {'nofile': {'soft': 1048576, 'hard': 1048576}}}}}) 
skipping: [ctrl01] => (item={'key': 'neutron-metadata-agent', 'value': {'container_name': 'neutron_metadata_agent', 'image': 'quay.io/openstack.kolla/neutron-metadata-agent:2025.1-ubuntu-noble', 'privileged': True, 'enabled': False, 'host_in_groups': True, 'volumes': ['/etc/kolla/neutron-metadata-agent/:/var/lib/kolla/config_files/:ro', '/etc/localtime:/etc/localtime:ro', '/etc/timezone:/etc/timezone:ro', 'neutron_metadata_socket:/var/lib/neutron/kolla/', 'kolla_logs:/var/log/kolla/', '/dev/shm:/dev/shm', ''], 'dimensions': {'ulimits': {'nofile': {'soft': 1048576, 'hard': 1048576}}}, 'healthcheck': {'interval': '30', 'retries': '3', 'start_period': '5', 'test': 'NONE', 'timeout': '30'}}}) 
skipping: [ctrl01] => (item={'key': 'neutron-ovn-metadata-agent', 'value': {'container_name': 'neutron_ovn_metadata_agent', 'image': 'quay.io/openstack.kolla/neutron-metadata-agent:2025.1-ubuntu-noble', 'privileged': True, 'enabled': True, 'host_in_groups': True, 'volumes': ['/etc/kolla/neutron-ovn-metadata-agent/:/var/lib/kolla/config_files/:ro', '/etc/localtime:/etc/localtime:ro', 'neutron_metadata_socket:/var/lib/neutron/kolla/', '/run/openvswitch:/run/openvswitch:shared', '/run/netns:/run/netns:shared', 'kolla_logs:/var/log/kolla/', '/dev/shm:/dev/shm', ''], 'dimensions': {'ulimits': {'nofile': {'soft': 1048576, 'hard': 1048576}}}, 'healthcheck': {'interval': '30', 'retries': '3', 'start_period': '5', 'test': ['CMD-SHELL', 'healthcheck_port neutron-ovn-metadata-agent 6640'], 'timeout': '30'}}}) 
skipping: [ctrl01] => (item={'key': 'neutron-bgp-dragent', 'value': {'container_name': 'neutron_bgp_dragent', 'image': 'quay.io/openstack.kolla/neutron-bgp-dragent:2025.1-ubuntu-noble', 'privileged': True, 'enabled': False, 'group': 'neutron-bgp-dragent', 'host_in_groups': True, 'volumes': ['/etc/kolla/neutron-bgp-dragent/:/var/lib/kolla/config_files/:ro', '/etc/localtime:/etc/localtime:ro', '/etc/timezone:/etc/timezone:ro', 'kolla_logs:/var/log/kolla/', '/dev/shm:/dev/shm'], 'dimensions': {'ulimits': {'nofile': {'soft': 1048576, 'hard': 1048576}}}, 'healthcheck': {'interval': '30', 'retries': '3', 'start_period': '5', 'test': ['CMD-SHELL', 'healthcheck_port neutron-bgp-dragent 5672'], 'timeout': '30'}}}) 
skipping: [ctrl01] => (item={'key': 'neutron-infoblox-ipam-agent', 'value': {'container_name': 'neutron_infoblox_ipam_agent', 'image': 'quay.io/openstack.kolla/neutron-infoblox-ipam-agent:2025.1-ubuntu-noble', 'privileged': True, 'enabled': False, 'group': 'neutron-infoblox-ipam-agent', 'host_in_groups': True, 'volumes': ['/etc/kolla/neutron-infoblox-ipam-agent/:/var/lib/kolla/config_files/:ro', '/etc/localtime:/etc/localtime:ro', '/etc/timezone:/etc/timezone:ro', 'kolla_logs:/var/log/kolla/', '/dev/shm:/dev/shm'], 'dimensions': {'ulimits': {'nofile': {'soft': 1048576, 'hard': 1048576}}}}}) 
skipping: [ctrl01] => (item={'key': 'neutron-metering-agent', 'value': {'container_name': 'neutron_metering_agent', 'image': 'quay.io/openstack.kolla/neutron-metering-agent:2025.1-ubuntu-noble', 'privileged': True, 'enabled': False, 'group': 'neutron-metering-agent', 'host_in_groups': True, 'volumes': ['/etc/kolla/neutron-metering-agent/:/var/lib/kolla/config_files/:ro', '/etc/localtime:/etc/localtime:ro', '/etc/timezone:/etc/timezone:ro', 'kolla_logs:/var/log/kolla/', '/dev/shm:/dev/shm', ''], 'dimensions': {'ulimits': {'nofile': {'soft': 1048576, 'hard': 1048576}}}}}) 
skipping: [ctrl01] => (item={'key': 'ironic-neutron-agent', 'value': {'container_name': 'ironic_neutron_agent', 'image': 'quay.io/openstack.kolla/ironic-neutron-agent:2025.1-ubuntu-noble', 'privileged': False, 'enabled': False, 'group': 'ironic-neutron-agent', 'host_in_groups': True, 'volumes': ['/etc/kolla/ironic-neutron-agent/:/var/lib/kolla/config_files/:ro', '/etc/localtime:/etc/localtime:ro', '/etc/timezone:/etc/timezone:ro', 'kolla_logs:/var/log/kolla/', '/dev/shm:/dev/shm'], 'dimensions': {'ulimits': {'nofile': {'soft': 1048576, 'hard': 1048576}}}, 'healthcheck': {'interval': '30', 'retries': '3', 'start_period': '5', 'test': ['CMD-SHELL', 'healthcheck_port ironic-neutron-agent 5672'], 'timeout': '30'}}}) 
skipping: [ctrl01] => (item={'key': 'neutron-tls-proxy', 'value': {'container_name': 'neutron_tls_proxy', 'group': 'neutron-server', 'host_in_groups': True, 'enabled': 'no', 'image': 'quay.io/openstack.kolla/haproxy:2025.1-ubuntu-noble', 'volumes': ['/etc/kolla/neutron-tls-proxy/:/var/lib/kolla/config_files/:ro', '/etc/localtime:/etc/localtime:ro', '/etc/timezone:/etc/timezone:ro', 'kolla_logs:/var/log/kolla/', '/dev/shm:/dev/shm'], 'dimensions': {'ulimits': {'nofile': {'soft': 1048576, 'hard': 1048576}}}, 'healthcheck': {'interval': '30', 'retries': '3', 'start_period': '5', 'test': ['CMD-SHELL', 'healthcheck_curl -u openstack:qjeus3SEn91bi8JNNmWZfgkVSKEJVeICGQEkwDU5 192.168.1.101:9697'], 'timeout': '30'}, 'haproxy': {'neutron_tls_proxy': {'enabled': False, 'mode': 'http', 'external': False, 'port': '9696', 'listen_port': '9696', 'tls_backend': 'yes'}, 'neutron_tls_proxy_external': {'enabled': False, 'mode': 'http', 'external': True, 'external_fqdn': '192.168.1.250', 'port': '9696', 'listen_port': '9696', 'tls_backend': 'yes'}}}}) 
skipping: [ctrl01] => (item={'key': 'neutron-ovn-agent', 'value': {'container_name': 'neutron_ovn_agent', 'group': 'neutron-ovn-agent', 'host_in_groups': True, 'enabled': False, 'image': 'quay.io/openstack.kolla/neutron-ovn-agent:2025.1-ubuntu-noble', 'volumes': ['/etc/kolla/neutron-ovn-agent/:/var/lib/kolla/config_files/:ro', '/etc/localtime:/etc/localtime:ro', '/etc/timezone:/etc/timezone:ro', 'kolla_logs:/var/log/kolla/', '/dev/shm:/dev/shm'], 'dimensions': {'ulimits': {'nofile': {'soft': 1048576, 'hard': 1048576}}}, 'healthcheck': {'interval': '30', 'retries': '3', 'start_period': '5', 'test': ['CMD-SHELL', 'healthcheck_port neutron-ovn-agent 6640'], 'timeout': '30'}}}) 

TASK [haproxy-config : Add configuration for neutron when using single external frontend] ***
skipping: [ctrl01] => (item={'key': 'neutron-server', 'value': {'container_name': 'neutron_server', 'image': 'quay.io/openstack.kolla/neutron-server:2025.1-ubuntu-noble', 'enabled': True, 'group': 'neutron-server', 'host_in_groups': True, 'volumes': ['/etc/kolla/neutron-server/:/var/lib/kolla/config_files/:ro', '/etc/localtime:/etc/localtime:ro', '/etc/timezone:/etc/timezone:ro', 'kolla_logs:/var/log/kolla/', '/dev/shm:/dev/shm', ''], 'dimensions': {'ulimits': {'nofile': {'soft': 1048576, 'hard': 1048576}}}, 'healthcheck': {'interval': '30', 'retries': '3', 'start_period': '5', 'test': ['CMD-SHELL', 'healthcheck_curl http://192.168.1.101:9696'], 'timeout': '30'}, 'haproxy': {'neutron_server': {'enabled': True, 'mode': 'http', 'external': False, 'port': '9696', 'listen_port': '9696', 'backend_http_extra': ['option httpchk']}, 'neutron_server_external': {'enabled': True, 'mode': 'http', 'external': True, 'external_fqdn': '192.168.1.250', 'port': '9696', 'listen_port': '9696', 'backend_http_extra': ['option httpchk']}}}}) 
skipping: [ctrl01] => (item={'key': 'neutron-openvswitch-agent', 'value': {'container_name': 'neutron_openvswitch_agent', 'image': 'quay.io/openstack.kolla/neutron-openvswitch-agent:2025.1-ubuntu-noble', 'enabled': False, 'privileged': True, 'environment': {'KOLLA_LEGACY_IPTABLES': 'false'}, 'host_in_groups': True, 'volumes': ['/etc/kolla/neutron-openvswitch-agent/:/var/lib/kolla/config_files/:ro', '/etc/localtime:/etc/localtime:ro', '/etc/timezone:/etc/timezone:ro', '/lib/modules:/lib/modules:ro', '/run/openvswitch:/run/openvswitch:shared', 'kolla_logs:/var/log/kolla/', '/dev/shm:/dev/shm', ''], 'dimensions': {'ulimits': {'nofile': {'soft': 1048576, 'hard': 1048576}}}, 'healthcheck': {'interval': '30', 'retries': '3', 'start_period': '5', 'test': ['CMD-SHELL', 'healthcheck_port neutron-openvswitch-agent 5672'], 'timeout': '30'}}}) 
skipping: [ctrl01] => (item={'key': 'neutron-dhcp-agent', 'value': {'cgroupns_mode': 'private', 'container_name': 'neutron_dhcp_agent', 'image': 'quay.io/openstack.kolla/neutron-dhcp-agent:2025.1-ubuntu-noble', 'privileged': True, 'enabled': False, 'group': 'neutron-dhcp-agent', 'host_in_groups': True, 'volumes': ['/etc/kolla/neutron-dhcp-agent/:/var/lib/kolla/config_files/:ro', '/etc/localtime:/etc/localtime:ro', '/etc/timezone:/etc/timezone:ro', 'neutron_metadata_socket:/var/lib/neutron/kolla/', '/run/netns:/run/netns:shared', 'kolla_logs:/var/log/kolla/', '/dev/shm:/dev/shm', '', '', '', ''], 'dimensions': {'ulimits': {'nofile': {'soft': 1048576, 'hard': 1048576}}}, 'healthcheck': {'interval': '30', 'retries': '3', 'start_period': '5', 'test': ['CMD-SHELL', 'healthcheck_port neutron-dhcp-agent 5672'], 'timeout': '30'}, 'pid_mode': '', 'environment': {'KOLLA_IMAGE': 'quay.io/openstack.kolla/neutron-dhcp-agent:2025.1-ubuntu-noble', 'KOLLA_NAME': 'neutron_dhcp_agent', 'KOLLA_NEUTRON_WRAPPERS': 'false'}}}) 
skipping: [ctrl01] => (item={'key': 'neutron-l3-agent', 'value': {'cgroupns_mode': 'private', 'container_name': 'neutron_l3_agent', 'image': 'quay.io/openstack.kolla/neutron-l3-agent:2025.1-ubuntu-noble', 'privileged': True, 'enabled': False, 'environment': {'KOLLA_IMAGE': 'quay.io/openstack.kolla/neutron-l3-agent:2025.1-ubuntu-noble', 'KOLLA_LEGACY_IPTABLES': 'false', 'KOLLA_NAME': 'neutron_l3_agent', 'KOLLA_NEUTRON_WRAPPERS': 'false'}, 'host_in_groups': True, 'volumes': ['/etc/kolla/neutron-l3-agent/:/var/lib/kolla/config_files/:ro', '/etc/localtime:/etc/localtime:ro', '/etc/timezone:/etc/timezone:ro', '/lib/modules:/lib/modules:ro', 'neutron_metadata_socket:/var/lib/neutron/kolla/', '/run/netns:/run/netns:shared', 'kolla_logs:/var/log/kolla/', '/dev/shm:/dev/shm', '', '', '', ''], 'dimensions': {'ulimits': {'nofile': {'soft': 1048576, 'hard': 1048576}}}, 'healthcheck': {'interval': '30', 'retries': '3', 'start_period': '5', 'test': ['CMD-SHELL', "healthcheck_port 'neutron-l3-agent ' 5672"], 'timeout': '30'}, 'pid_mode': ''}}) 
skipping: [ctrl01] => (item={'key': 'neutron-sriov-agent', 'value': {'container_name': 'neutron_sriov_agent', 'image': 'quay.io/openstack.kolla/neutron-sriov-agent:2025.1-ubuntu-noble', 'privileged': True, 'enabled': False, 'host_in_groups': False, 'volumes': ['/etc/kolla/neutron-sriov-agent/:/var/lib/kolla/config_files/:ro', '/etc/localtime:/etc/localtime:ro', '/etc/timezone:/etc/timezone:ro', 'kolla_logs:/var/log/kolla/', '/dev/shm:/dev/shm', ''], 'dimensions': {'ulimits': {'nofile': {'soft': 1048576, 'hard': 1048576}}}, 'healthcheck': {'interval': '30', 'retries': '3', 'start_period': '5', 'test': ['CMD-SHELL', 'healthcheck_port neutron-sriov-nic-agent 5672'], 'timeout': '30'}}}) 
skipping: [ctrl01] => (item={'key': 'neutron-mlnx-agent', 'value': {'container_name': 'neutron_mlnx_agent', 'image': 'quay.io/openstack.kolla/neutron-mlnx-agent:2025.1-ubuntu-noble', 'enabled': False, 'host_in_groups': False, 'volumes': ['/etc/kolla/neutron-mlnx-agent/:/var/lib/kolla/config_files/:ro', '/etc/localtime:/etc/localtime:ro', '/etc/timezone:/etc/timezone:ro', 'kolla_logs:/var/log/kolla/', '/dev/shm:/dev/shm', ''], 'dimensions': {'ulimits': {'nofile': {'soft': 1048576, 'hard': 1048576}}}}}) 
skipping: [ctrl01] => (item={'key': 'neutron-eswitchd', 'value': {'container_name': 'neutron_eswitchd', 'image': 'quay.io/openstack.kolla/neutron-mlnx-agent:2025.1-ubuntu-noble', 'privileged': True, 'enabled': False, 'host_in_groups': False, 'volumes': ['/etc/kolla/neutron-eswitchd/:/var/lib/kolla/config_files/:ro', '/etc/localtime:/etc/localtime:ro', '/run/libvirt:/run/libvirt:ro', '/etc/timezone:/etc/timezone:ro', 'kolla_logs:/var/log/kolla/', '/dev/shm:/dev/shm', ''], 'dimensions': {'ulimits': {'nofile': {'soft': 1048576, 'hard': 1048576}}}}}) 
skipping: [ctrl01] => (item={'key': 'neutron-metadata-agent', 'value': {'container_name': 'neutron_metadata_agent', 'image': 'quay.io/openstack.kolla/neutron-metadata-agent:2025.1-ubuntu-noble', 'privileged': True, 'enabled': False, 'host_in_groups': True, 'volumes': ['/etc/kolla/neutron-metadata-agent/:/var/lib/kolla/config_files/:ro', '/etc/localtime:/etc/localtime:ro', '/etc/timezone:/etc/timezone:ro', 'neutron_metadata_socket:/var/lib/neutron/kolla/', 'kolla_logs:/var/log/kolla/', '/dev/shm:/dev/shm', ''], 'dimensions': {'ulimits': {'nofile': {'soft': 1048576, 'hard': 1048576}}}, 'healthcheck': {'interval': '30', 'retries': '3', 'start_period': '5', 'test': 'NONE', 'timeout': '30'}}}) 
skipping: [ctrl01] => (item={'key': 'neutron-ovn-metadata-agent', 'value': {'container_name': 'neutron_ovn_metadata_agent', 'image': 'quay.io/openstack.kolla/neutron-metadata-agent:2025.1-ubuntu-noble', 'privileged': True, 'enabled': True, 'host_in_groups': True, 'volumes': ['/etc/kolla/neutron-ovn-metadata-agent/:/var/lib/kolla/config_files/:ro', '/etc/localtime:/etc/localtime:ro', 'neutron_metadata_socket:/var/lib/neutron/kolla/', '/run/openvswitch:/run/openvswitch:shared', '/run/netns:/run/netns:shared', 'kolla_logs:/var/log/kolla/', '/dev/shm:/dev/shm', ''], 'dimensions': {'ulimits': {'nofile': {'soft': 1048576, 'hard': 1048576}}}, 'healthcheck': {'interval': '30', 'retries': '3', 'start_period': '5', 'test': ['CMD-SHELL', 'healthcheck_port neutron-ovn-metadata-agent 6640'], 'timeout': '30'}}}) 
skipping: [ctrl01] => (item={'key': 'neutron-bgp-dragent', 'value': {'container_name': 'neutron_bgp_dragent', 'image': 'quay.io/openstack.kolla/neutron-bgp-dragent:2025.1-ubuntu-noble', 'privileged': True, 'enabled': False, 'group': 'neutron-bgp-dragent', 'host_in_groups': True, 'volumes': ['/etc/kolla/neutron-bgp-dragent/:/var/lib/kolla/config_files/:ro', '/etc/localtime:/etc/localtime:ro', '/etc/timezone:/etc/timezone:ro', 'kolla_logs:/var/log/kolla/', '/dev/shm:/dev/shm'], 'dimensions': {'ulimits': {'nofile': {'soft': 1048576, 'hard': 1048576}}}, 'healthcheck': {'interval': '30', 'retries': '3', 'start_period': '5', 'test': ['CMD-SHELL', 'healthcheck_port neutron-bgp-dragent 5672'], 'timeout': '30'}}}) 
skipping: [ctrl01] => (item={'key': 'neutron-infoblox-ipam-agent', 'value': {'container_name': 'neutron_infoblox_ipam_agent', 'image': 'quay.io/openstack.kolla/neutron-infoblox-ipam-agent:2025.1-ubuntu-noble', 'privileged': True, 'enabled': False, 'group': 'neutron-infoblox-ipam-agent', 'host_in_groups': True, 'volumes': ['/etc/kolla/neutron-infoblox-ipam-agent/:/var/lib/kolla/config_files/:ro', '/etc/localtime:/etc/localtime:ro', '/etc/timezone:/etc/timezone:ro', 'kolla_logs:/var/log/kolla/', '/dev/shm:/dev/shm'], 'dimensions': {'ulimits': {'nofile': {'soft': 1048576, 'hard': 1048576}}}}}) 
skipping: [ctrl01] => (item={'key': 'neutron-metering-agent', 'value': {'container_name': 'neutron_metering_agent', 'image': 'quay.io/openstack.kolla/neutron-metering-agent:2025.1-ubuntu-noble', 'privileged': True, 'enabled': False, 'group': 'neutron-metering-agent', 'host_in_groups': True, 'volumes': ['/etc/kolla/neutron-metering-agent/:/var/lib/kolla/config_files/:ro', '/etc/localtime:/etc/localtime:ro', '/etc/timezone:/etc/timezone:ro', 'kolla_logs:/var/log/kolla/', '/dev/shm:/dev/shm', ''], 'dimensions': {'ulimits': {'nofile': {'soft': 1048576, 'hard': 1048576}}}}}) 
skipping: [ctrl01] => (item={'key': 'ironic-neutron-agent', 'value': {'container_name': 'ironic_neutron_agent', 'image': 'quay.io/openstack.kolla/ironic-neutron-agent:2025.1-ubuntu-noble', 'privileged': False, 'enabled': False, 'group': 'ironic-neutron-agent', 'host_in_groups': True, 'volumes': ['/etc/kolla/ironic-neutron-agent/:/var/lib/kolla/config_files/:ro', '/etc/localtime:/etc/localtime:ro', '/etc/timezone:/etc/timezone:ro', 'kolla_logs:/var/log/kolla/', '/dev/shm:/dev/shm'], 'dimensions': {'ulimits': {'nofile': {'soft': 1048576, 'hard': 1048576}}}, 'healthcheck': {'interval': '30', 'retries': '3', 'start_period': '5', 'test': ['CMD-SHELL', 'healthcheck_port ironic-neutron-agent 5672'], 'timeout': '30'}}}) 
skipping: [ctrl01] => (item={'key': 'neutron-tls-proxy', 'value': {'container_name': 'neutron_tls_proxy', 'group': 'neutron-server', 'host_in_groups': True, 'enabled': 'no', 'image': 'quay.io/openstack.kolla/haproxy:2025.1-ubuntu-noble', 'volumes': ['/etc/kolla/neutron-tls-proxy/:/var/lib/kolla/config_files/:ro', '/etc/localtime:/etc/localtime:ro', '/etc/timezone:/etc/timezone:ro', 'kolla_logs:/var/log/kolla/', '/dev/shm:/dev/shm'], 'dimensions': {'ulimits': {'nofile': {'soft': 1048576, 'hard': 1048576}}}, 'healthcheck': {'interval': '30', 'retries': '3', 'start_period': '5', 'test': ['CMD-SHELL', 'healthcheck_curl -u openstack:qjeus3SEn91bi8JNNmWZfgkVSKEJVeICGQEkwDU5 192.168.1.101:9697'], 'timeout': '30'}, 'haproxy': {'neutron_tls_proxy': {'enabled': False, 'mode': 'http', 'external': False, 'port': '9696', 'listen_port': '9696', 'tls_backend': 'yes'}, 'neutron_tls_proxy_external': {'enabled': False, 'mode': 'http', 'external': True, 'external_fqdn': '192.168.1.250', 'port': '9696', 'listen_port': '9696', 'tls_backend': 'yes'}}}}) 
skipping: [ctrl01] => (item={'key': 'neutron-ovn-agent', 'value': {'container_name': 'neutron_ovn_agent', 'group': 'neutron-ovn-agent', 'host_in_groups': True, 'enabled': False, 'image': 'quay.io/openstack.kolla/neutron-ovn-agent:2025.1-ubuntu-noble', 'volumes': ['/etc/kolla/neutron-ovn-agent/:/var/lib/kolla/config_files/:ro', '/etc/localtime:/etc/localtime:ro', '/etc/timezone:/etc/timezone:ro', 'kolla_logs:/var/log/kolla/', '/dev/shm:/dev/shm'], 'dimensions': {'ulimits': {'nofile': {'soft': 1048576, 'hard': 1048576}}}, 'healthcheck': {'interval': '30', 'retries': '3', 'start_period': '5', 'test': ['CMD-SHELL', 'healthcheck_port neutron-ovn-agent 6640'], 'timeout': '30'}}}) 
skipping: [ctrl01]

TASK [haproxy-config : Configuring firewall for neutron] ***********************
skipping: [ctrl01] => (item={'key': 'neutron_server', 'value': {'enabled': True, 'mode': 'http', 'external': False, 'port': '9696', 'listen_port': '9696', 'backend_http_extra': ['option httpchk']}}) 
skipping: [ctrl01] => (item={'key': 'neutron_server_external', 'value': {'enabled': True, 'mode': 'http', 'external': True, 'external_fqdn': '192.168.1.250', 'port': '9696', 'listen_port': '9696', 'backend_http_extra': ['option httpchk']}}) 
skipping: [ctrl01]

TASK [proxysql-config : Copying over neutron ProxySQL users config] ************
changed: [ctrl01]

TASK [proxysql-config : Copying over neutron ProxySQL rules config] ************
changed: [ctrl01]

TASK [include_role : placement] ************************************************
included: placement for ctrl01

TASK [haproxy-config : Copying over placement haproxy config] ******************
changed: [ctrl01] => (item={'key': 'placement-api', 'value': {'container_name': 'placement_api', 'group': 'placement-api', 'image': 'quay.io/openstack.kolla/placement-api:2025.1-ubuntu-noble', 'enabled': True, 'volumes': ['/etc/kolla/placement-api/:/var/lib/kolla/config_files/:ro', '/etc/localtime:/etc/localtime:ro', '/etc/timezone:/etc/timezone:ro', 'kolla_logs:/var/log/kolla/', ''], 'dimensions': {'ulimits': {'nofile': {'soft': 1048576, 'hard': 1048576}}}, 'healthcheck': {'interval': '30', 'retries': '3', 'start_period': '5', 'test': ['CMD-SHELL', 'healthcheck_curl http://192.168.1.101:8780'], 'timeout': '30'}, 'wsgi': 'placement.wsgi.api:application', 'haproxy': {'placement_api': {'enabled': True, 'mode': 'http', 'external': False, 'port': '8780', 'listen_port': '8780', 'tls_backend': 'no', 'backend_http_extra': ['option httpchk GET /']}, 'placement_api_external': {'enabled': True, 'mode': 'http', 'external': True, 'external_fqdn': '192.168.1.250', 'port': '8780', 'listen_port': '8780', 'tls_backend': 'no', 'backend_http_extra': ['option httpchk GET /']}}}})

TASK [haproxy-config : Add configuration for placement when using single external frontend] ***
skipping: [ctrl01] => (item={'key': 'placement-api', 'value': {'container_name': 'placement_api', 'group': 'placement-api', 'image': 'quay.io/openstack.kolla/placement-api:2025.1-ubuntu-noble', 'enabled': True, 'volumes': ['/etc/kolla/placement-api/:/var/lib/kolla/config_files/:ro', '/etc/localtime:/etc/localtime:ro', '/etc/timezone:/etc/timezone:ro', 'kolla_logs:/var/log/kolla/', ''], 'dimensions': {'ulimits': {'nofile': {'soft': 1048576, 'hard': 1048576}}}, 'healthcheck': {'interval': '30', 'retries': '3', 'start_period': '5', 'test': ['CMD-SHELL', 'healthcheck_curl http://192.168.1.101:8780'], 'timeout': '30'}, 'wsgi': 'placement.wsgi.api:application', 'haproxy': {'placement_api': {'enabled': True, 'mode': 'http', 'external': False, 'port': '8780', 'listen_port': '8780', 'tls_backend': 'no', 'backend_http_extra': ['option httpchk GET /']}, 'placement_api_external': {'enabled': True, 'mode': 'http', 'external': True, 'external_fqdn': '192.168.1.250', 'port': '8780', 'listen_port': '8780', 'tls_backend': 'no', 'backend_http_extra': ['option httpchk GET /']}}}}) 
skipping: [ctrl01]

TASK [haproxy-config : Configuring firewall for placement] *********************
skipping: [ctrl01] => (item={'key': 'placement_api', 'value': {'enabled': True, 'mode': 'http', 'external': False, 'port': '8780', 'listen_port': '8780', 'tls_backend': 'no', 'backend_http_extra': ['option httpchk GET /']}}) 
skipping: [ctrl01] => (item={'key': 'placement_api_external', 'value': {'enabled': True, 'mode': 'http', 'external': True, 'external_fqdn': '192.168.1.250', 'port': '8780', 'listen_port': '8780', 'tls_backend': 'no', 'backend_http_extra': ['option httpchk GET /']}}) 
skipping: [ctrl01]

TASK [proxysql-config : Copying over placement ProxySQL users config] **********
changed: [ctrl01]

TASK [proxysql-config : Copying over placement ProxySQL rules config] **********
changed: [ctrl01]

TASK [include_role : nova] *****************************************************
included: nova for ctrl01

TASK [haproxy-config : Copying over nova haproxy config] ***********************
changed: [ctrl01] => (item={'key': 'nova-api', 'value': {'container_name': 'nova_api', 'group': 'nova-api', 'image': 'quay.io/openstack.kolla/nova-api:2025.1-ubuntu-noble', 'enabled': True, 'privileged': True, 'volumes': ['/etc/kolla/nova-api/:/var/lib/kolla/config_files/:ro', '/etc/localtime:/etc/localtime:ro', '/etc/timezone:/etc/timezone:ro', '/lib/modules:/lib/modules:ro', 'kolla_logs:/var/log/kolla/', '/dev/shm:/dev/shm', ''], 'dimensions': {'ulimits': {'nofile': {'soft': 1048576, 'hard': 1048576}}}, 'healthcheck': {'interval': '30', 'retries': '3', 'start_period': '5', 'test': ['CMD-SHELL', 'healthcheck_curl http://192.168.1.101:8774 '], 'timeout': '30'}, 'wsgi': 'nova.wsgi.osapi_compute:application', 'haproxy': {'nova_api': {'enabled': True, 'mode': 'http', 'external': False, 'port': '8774', 'listen_port': '8774', 'tls_backend': 'no', 'backend_http_extra': ['option httpchk']}, 'nova_api_external': {'enabled': True, 'mode': 'http', 'external': True, 'external_fqdn': '192.168.1.250', 'port': '8774', 'listen_port': '8774', 'tls_backend': 'no', 'backend_http_extra': ['option httpchk']}}}})
changed: [ctrl01] => (item={'key': 'nova-metadata', 'value': {'container_name': 'nova_metadata', 'group': 'nova-metadata', 'image': 'quay.io/openstack.kolla/nova-api:2025.1-ubuntu-noble', 'enabled': True, 'volumes': ['/etc/kolla/nova-metadata/:/var/lib/kolla/config_files/:ro', '/etc/localtime:/etc/localtime:ro', '/etc/timezone:/etc/timezone:ro', 'kolla_logs:/var/log/kolla/', ''], 'dimensions': {'ulimits': {'nofile': {'soft': 1048576, 'hard': 1048576}}}, 'healthcheck': {'interval': '30', 'retries': '3', 'start_period': '5', 'test': ['CMD-SHELL', 'healthcheck_curl http://192.168.1.101:8775 '], 'timeout': '30'}, 'wsgi': 'nova.wsgi.metadata:application', 'haproxy': {'nova_metadata': {'enabled': True, 'mode': 'http', 'external': False, 'port': '8775', 'listen_port': '8775', 'tls_backend': 'no', 'backend_http_extra': ['option httpchk']}, 'nova_metadata_external': {'enabled': 'no', 'mode': 'http', 'external': True, 'external_fqdn': '192.168.1.250', 'port': '8775', 'listen_port': '8775', 'tls_backend': 'no', 'backend_http_extra': ['option httpchk']}}}})
skipping: [ctrl01] => (item={'key': 'nova-scheduler', 'value': {'container_name': 'nova_scheduler', 'group': 'nova-scheduler', 'image': 'quay.io/openstack.kolla/nova-scheduler:2025.1-ubuntu-noble', 'enabled': True, 'volumes': ['/etc/kolla/nova-scheduler/:/var/lib/kolla/config_files/:ro', '/etc/localtime:/etc/localtime:ro', '/etc/timezone:/etc/timezone:ro', 'kolla_logs:/var/log/kolla/', '/dev/shm:/dev/shm', ''], 'dimensions': {'ulimits': {'nofile': {'soft': 1048576, 'hard': 1048576}}}, 'healthcheck': {'interval': '30', 'retries': '3', 'start_period': '5', 'test': ['CMD-SHELL', 'healthcheck_port nova-scheduler 5672'], 'timeout': '30'}}}) 
skipping: [ctrl01] => (item={'key': 'nova-super-conductor', 'value': {'container_name': 'nova_super_conductor', 'group': 'nova-super-conductor', 'enabled': 'no', 'image': 'quay.io/openstack.kolla/nova-conductor:2025.1-ubuntu-noble', 'volumes': ['/etc/kolla/nova-super-conductor/:/var/lib/kolla/config_files/:ro', '/etc/localtime:/etc/localtime:ro', '/etc/timezone:/etc/timezone:ro', 'kolla_logs:/var/log/kolla/', '/dev/shm:/dev/shm', ''], 'dimensions': {'ulimits': {'nofile': {'soft': 1048576, 'hard': 1048576}}}, 'healthcheck': {'interval': '30', 'retries': '3', 'start_period': '5', 'test': ['CMD-SHELL', 'healthcheck_port nova-conductor 5672'], 'timeout': '30'}}}) 

TASK [haproxy-config : Add configuration for nova when using single external frontend] ***
skipping: [ctrl01] => (item={'key': 'nova-api', 'value': {'container_name': 'nova_api', 'group': 'nova-api', 'image': 'quay.io/openstack.kolla/nova-api:2025.1-ubuntu-noble', 'enabled': True, 'privileged': True, 'volumes': ['/etc/kolla/nova-api/:/var/lib/kolla/config_files/:ro', '/etc/localtime:/etc/localtime:ro', '/etc/timezone:/etc/timezone:ro', '/lib/modules:/lib/modules:ro', 'kolla_logs:/var/log/kolla/', '/dev/shm:/dev/shm', ''], 'dimensions': {'ulimits': {'nofile': {'soft': 1048576, 'hard': 1048576}}}, 'healthcheck': {'interval': '30', 'retries': '3', 'start_period': '5', 'test': ['CMD-SHELL', 'healthcheck_curl http://192.168.1.101:8774 '], 'timeout': '30'}, 'wsgi': 'nova.wsgi.osapi_compute:application', 'haproxy': {'nova_api': {'enabled': True, 'mode': 'http', 'external': False, 'port': '8774', 'listen_port': '8774', 'tls_backend': 'no', 'backend_http_extra': ['option httpchk']}, 'nova_api_external': {'enabled': True, 'mode': 'http', 'external': True, 'external_fqdn': '192.168.1.250', 'port': '8774', 'listen_port': '8774', 'tls_backend': 'no', 'backend_http_extra': ['option httpchk']}}}}) 
skipping: [ctrl01] => (item={'key': 'nova-metadata', 'value': {'container_name': 'nova_metadata', 'group': 'nova-metadata', 'image': 'quay.io/openstack.kolla/nova-api:2025.1-ubuntu-noble', 'enabled': True, 'volumes': ['/etc/kolla/nova-metadata/:/var/lib/kolla/config_files/:ro', '/etc/localtime:/etc/localtime:ro', '/etc/timezone:/etc/timezone:ro', 'kolla_logs:/var/log/kolla/', ''], 'dimensions': {'ulimits': {'nofile': {'soft': 1048576, 'hard': 1048576}}}, 'healthcheck': {'interval': '30', 'retries': '3', 'start_period': '5', 'test': ['CMD-SHELL', 'healthcheck_curl http://192.168.1.101:8775 '], 'timeout': '30'}, 'wsgi': 'nova.wsgi.metadata:application', 'haproxy': {'nova_metadata': {'enabled': True, 'mode': 'http', 'external': False, 'port': '8775', 'listen_port': '8775', 'tls_backend': 'no', 'backend_http_extra': ['option httpchk']}, 'nova_metadata_external': {'enabled': 'no', 'mode': 'http', 'external': True, 'external_fqdn': '192.168.1.250', 'port': '8775', 'listen_port': '8775', 'tls_backend': 'no', 'backend_http_extra': ['option httpchk']}}}}) 
skipping: [ctrl01] => (item={'key': 'nova-scheduler', 'value': {'container_name': 'nova_scheduler', 'group': 'nova-scheduler', 'image': 'quay.io/openstack.kolla/nova-scheduler:2025.1-ubuntu-noble', 'enabled': True, 'volumes': ['/etc/kolla/nova-scheduler/:/var/lib/kolla/config_files/:ro', '/etc/localtime:/etc/localtime:ro', '/etc/timezone:/etc/timezone:ro', 'kolla_logs:/var/log/kolla/', '/dev/shm:/dev/shm', ''], 'dimensions': {'ulimits': {'nofile': {'soft': 1048576, 'hard': 1048576}}}, 'healthcheck': {'interval': '30', 'retries': '3', 'start_period': '5', 'test': ['CMD-SHELL', 'healthcheck_port nova-scheduler 5672'], 'timeout': '30'}}}) 
skipping: [ctrl01] => (item={'key': 'nova-super-conductor', 'value': {'container_name': 'nova_super_conductor', 'group': 'nova-super-conductor', 'enabled': 'no', 'image': 'quay.io/openstack.kolla/nova-conductor:2025.1-ubuntu-noble', 'volumes': ['/etc/kolla/nova-super-conductor/:/var/lib/kolla/config_files/:ro', '/etc/localtime:/etc/localtime:ro', '/etc/timezone:/etc/timezone:ro', 'kolla_logs:/var/log/kolla/', '/dev/shm:/dev/shm', ''], 'dimensions': {'ulimits': {'nofile': {'soft': 1048576, 'hard': 1048576}}}, 'healthcheck': {'interval': '30', 'retries': '3', 'start_period': '5', 'test': ['CMD-SHELL', 'healthcheck_port nova-conductor 5672'], 'timeout': '30'}}}) 
skipping: [ctrl01]

TASK [haproxy-config : Configuring firewall for nova] **************************
skipping: [ctrl01] => (item={'key': 'nova_api', 'value': {'enabled': True, 'mode': 'http', 'external': False, 'port': '8774', 'listen_port': '8774', 'tls_backend': 'no', 'backend_http_extra': ['option httpchk']}}) 
skipping: [ctrl01] => (item={'key': 'nova_api_external', 'value': {'enabled': True, 'mode': 'http', 'external': True, 'external_fqdn': '192.168.1.250', 'port': '8774', 'listen_port': '8774', 'tls_backend': 'no', 'backend_http_extra': ['option httpchk']}}) 
skipping: [ctrl01] => (item={'key': 'nova_metadata', 'value': {'enabled': True, 'mode': 'http', 'external': False, 'port': '8775', 'listen_port': '8775', 'tls_backend': 'no', 'backend_http_extra': ['option httpchk']}}) 
skipping: [ctrl01] => (item={'key': 'nova_metadata_external', 'value': {'enabled': 'no', 'mode': 'http', 'external': True, 'external_fqdn': '192.168.1.250', 'port': '8775', 'listen_port': '8775', 'tls_backend': 'no', 'backend_http_extra': ['option httpchk']}}) 
skipping: [ctrl01]

TASK [proxysql-config : Copying over nova ProxySQL users config] ***************
changed: [ctrl01]

TASK [proxysql-config : Copying over nova ProxySQL rules config] ***************
changed: [ctrl01]

TASK [include_role : nova-cell] ************************************************
included: nova-cell for ctrl01

TASK [nova-cell : Configure loadbalancer for nova-novncproxy] ******************
included: /opt/kolla-venv/share/kolla-ansible/ansible/roles/nova-cell/tasks/cell_proxy_loadbalancer.yml for ctrl01 => (item=nova-novncproxy)

TASK [haproxy-config : Copying over nova-cell:nova-novncproxy haproxy config] ***
changed: [ctrl01] => (item={'key': 'nova-novncproxy', 'value': {'group': 'nova-novncproxy', 'enabled': True, 'haproxy': {'nova_novncproxy': {'enabled': True, 'mode': 'http', 'external': False, 'port': '6080', 'listen_port': '6080', 'backend_http_extra': ['timeout tunnel 1h']}, 'nova_novncproxy_external': {'enabled': True, 'mode': 'http', 'external': True, 'external_fqdn': '192.168.1.250', 'port': '6080', 'listen_port': '6080', 'backend_http_extra': ['timeout tunnel 1h']}}}})

TASK [haproxy-config : Add configuration for nova-cell:nova-novncproxy when using single external frontend] ***
skipping: [ctrl01] => (item={'key': 'nova-novncproxy', 'value': {'group': 'nova-novncproxy', 'enabled': True, 'haproxy': {'nova_novncproxy': {'enabled': True, 'mode': 'http', 'external': False, 'port': '6080', 'listen_port': '6080', 'backend_http_extra': ['timeout tunnel 1h']}, 'nova_novncproxy_external': {'enabled': True, 'mode': 'http', 'external': True, 'external_fqdn': '192.168.1.250', 'port': '6080', 'listen_port': '6080', 'backend_http_extra': ['timeout tunnel 1h']}}}}) 
skipping: [ctrl01]

TASK [haproxy-config : Configuring firewall for nova-cell:nova-novncproxy] *****
skipping: [ctrl01] => (item={'key': 'nova_novncproxy', 'value': {'enabled': True, 'mode': 'http', 'external': False, 'port': '6080', 'listen_port': '6080', 'backend_http_extra': ['timeout tunnel 1h']}}) 
skipping: [ctrl01] => (item={'key': 'nova_novncproxy_external', 'value': {'enabled': True, 'mode': 'http', 'external': True, 'external_fqdn': '192.168.1.250', 'port': '6080', 'listen_port': '6080', 'backend_http_extra': ['timeout tunnel 1h']}}) 
skipping: [ctrl01]

TASK [proxysql-config : Copying over nova-cell ProxySQL users config] **********
changed: [ctrl01]

TASK [proxysql-config : Copying over nova-cell ProxySQL rules config] **********
changed: [ctrl01]

TASK [nova-cell : Configure loadbalancer for nova-spicehtml5proxy] *************
included: /opt/kolla-venv/share/kolla-ansible/ansible/roles/nova-cell/tasks/cell_proxy_loadbalancer.yml for ctrl01 => (item=nova-spicehtml5proxy)

TASK [haproxy-config : Copying over nova-cell:nova-spicehtml5proxy haproxy config] ***
skipping: [ctrl01] => (item={'key': 'nova-spicehtml5proxy', 'value': {'group': 'nova-spicehtml5proxy', 'enabled': False, 'haproxy': {'nova_spicehtml5proxy': {'enabled': False, 'mode': 'http', 'external': False, 'port': '6082', 'listen_port': '6082', 'backend_http_extra': ['timeout tunnel 1h']}, 'nova_spicehtml5proxy_external': {'enabled': False, 'mode': 'http', 'external': True, 'external_fqdn': '192.168.1.250', 'port': '6082', 'listen_port': '6082', 'backend_http_extra': ['timeout tunnel 1h']}}}}) 
skipping: [ctrl01]

TASK [haproxy-config : Add configuration for nova-cell:nova-spicehtml5proxy when using single external frontend] ***
skipping: [ctrl01] => (item={'key': 'nova-spicehtml5proxy', 'value': {'group': 'nova-spicehtml5proxy', 'enabled': False, 'haproxy': {'nova_spicehtml5proxy': {'enabled': False, 'mode': 'http', 'external': False, 'port': '6082', 'listen_port': '6082', 'backend_http_extra': ['timeout tunnel 1h']}, 'nova_spicehtml5proxy_external': {'enabled': False, 'mode': 'http', 'external': True, 'external_fqdn': '192.168.1.250', 'port': '6082', 'listen_port': '6082', 'backend_http_extra': ['timeout tunnel 1h']}}}}) 
skipping: [ctrl01]

TASK [haproxy-config : Configuring firewall for nova-cell:nova-spicehtml5proxy] ***
skipping: [ctrl01]

TASK [proxysql-config : Copying over nova-cell ProxySQL users config] **********
ok: [ctrl01]

TASK [proxysql-config : Copying over nova-cell ProxySQL rules config] **********
ok: [ctrl01]

TASK [nova-cell : Configure loadbalancer for nova-serialproxy] *****************
included: /opt/kolla-venv/share/kolla-ansible/ansible/roles/nova-cell/tasks/cell_proxy_loadbalancer.yml for ctrl01 => (item=nova-serialproxy)

TASK [haproxy-config : Copying over nova-cell:nova-serialproxy haproxy config] ***
skipping: [ctrl01] => (item={'key': 'nova-serialproxy', 'value': {'group': 'nova-serialproxy', 'enabled': False, 'haproxy': {'nova_serialconsole_proxy': {'enabled': False, 'mode': 'http', 'external': False, 'port': '6083', 'listen_port': '6083', 'backend_http_extra': ['timeout tunnel 10m']}, 'nova_serialconsole_proxy_external': {'enabled': False, 'mode': 'http', 'external': True, 'external_fqdn': '192.168.1.250', 'port': '6083', 'listen_port': '6083', 'backend_http_extra': ['timeout tunnel 10m']}}}}) 
skipping: [ctrl01]

TASK [haproxy-config : Add configuration for nova-cell:nova-serialproxy when using single external frontend] ***
skipping: [ctrl01] => (item={'key': 'nova-serialproxy', 'value': {'group': 'nova-serialproxy', 'enabled': False, 'haproxy': {'nova_serialconsole_proxy': {'enabled': False, 'mode': 'http', 'external': False, 'port': '6083', 'listen_port': '6083', 'backend_http_extra': ['timeout tunnel 10m']}, 'nova_serialconsole_proxy_external': {'enabled': False, 'mode': 'http', 'external': True, 'external_fqdn': '192.168.1.250', 'port': '6083', 'listen_port': '6083', 'backend_http_extra': ['timeout tunnel 10m']}}}}) 
skipping: [ctrl01]

TASK [haproxy-config : Configuring firewall for nova-cell:nova-serialproxy] ****
skipping: [ctrl01]

TASK [proxysql-config : Copying over nova-cell ProxySQL users config] **********
ok: [ctrl01]

TASK [proxysql-config : Copying over nova-cell ProxySQL rules config] **********
ok: [ctrl01]

TASK [include_role : octavia] **************************************************
skipping: [ctrl01]

TASK [include_role : opensearch] ***********************************************
skipping: [ctrl01]

TASK [include_role : prometheus] ***********************************************
skipping: [ctrl01]

TASK [include_role : rabbitmq] *************************************************
included: rabbitmq for ctrl01

TASK [haproxy-config : Copying over rabbitmq haproxy config] *******************
changed: [ctrl01] => (item={'key': 'rabbitmq', 'value': {'container_name': 'rabbitmq', 'group': None, 'enabled': True, 'image': 'quay.io/openstack.kolla/rabbitmq:2025.1-ubuntu-noble', 'bootstrap_environment': {'KOLLA_BOOTSTRAP': None, 'KOLLA_CONFIG_STRATEGY': 'COPY_ALWAYS', 'RABBITMQ_CLUSTER_COOKIE': None, 'RABBITMQ_LOG_DIR': '/var/log/kolla/rabbitmq'}, 'environment': {'KOLLA_CONFIG_STRATEGY': 'COPY_ALWAYS', 'RABBITMQ_CLUSTER_COOKIE': None, 'RABBITMQ_LOG_DIR': '/var/log/kolla/rabbitmq'}, 'volumes': ['/etc/kolla/rabbitmq/:/var/lib/kolla/config_files/:ro', '/etc/localtime:/etc/localtime:ro', '/etc/timezone:/etc/timezone:ro', 'rabbitmq:/var/lib/rabbitmq/', 'kolla_logs:/var/log/kolla/'], 'dimensions': {'ulimits': {'nofile': {'soft': 1048576, 'hard': 1048576}}}, 'healthcheck': {'interval': '30', 'retries': '3', 'start_period': '5', 'test': ['CMD-SHELL', 'healthcheck_rabbitmq'], 'timeout': '30'}, 'haproxy': {'rabbitmq_management': {'enabled': 'yes', 'mode': 'http', 'port': '15672', 'host_group': 'rabbitmq'}}}})

TASK [haproxy-config : Add configuration for rabbitmq when using single external frontend] ***
skipping: [ctrl01] => (item={'key': 'rabbitmq', 'value': {'container_name': 'rabbitmq', 'group': None, 'enabled': True, 'image': 'quay.io/openstack.kolla/rabbitmq:2025.1-ubuntu-noble', 'bootstrap_environment': {'KOLLA_BOOTSTRAP': None, 'KOLLA_CONFIG_STRATEGY': 'COPY_ALWAYS', 'RABBITMQ_CLUSTER_COOKIE': None, 'RABBITMQ_LOG_DIR': '/var/log/kolla/rabbitmq'}, 'environment': {'KOLLA_CONFIG_STRATEGY': 'COPY_ALWAYS', 'RABBITMQ_CLUSTER_COOKIE': None, 'RABBITMQ_LOG_DIR': '/var/log/kolla/rabbitmq'}, 'volumes': ['/etc/kolla/rabbitmq/:/var/lib/kolla/config_files/:ro', '/etc/localtime:/etc/localtime:ro', '/etc/timezone:/etc/timezone:ro', 'rabbitmq:/var/lib/rabbitmq/', 'kolla_logs:/var/log/kolla/'], 'dimensions': {'ulimits': {'nofile': {'soft': 1048576, 'hard': 1048576}}}, 'healthcheck': {'interval': '30', 'retries': '3', 'start_period': '5', 'test': ['CMD-SHELL', 'healthcheck_rabbitmq'], 'timeout': '30'}, 'haproxy': {'rabbitmq_management': {'enabled': 'yes', 'mode': 'http', 'port': '15672', 'host_group': 'rabbitmq'}}}}) 
skipping: [ctrl01]

TASK [haproxy-config : Configuring firewall for rabbitmq] **********************
skipping: [ctrl01] => (item={'key': 'rabbitmq_management', 'value': {'enabled': 'yes', 'mode': 'http', 'port': '15672', 'host_group': 'rabbitmq'}}) 
skipping: [ctrl01]

TASK [proxysql-config : Copying over rabbitmq ProxySQL users config] ***********
skipping: [ctrl01]

TASK [proxysql-config : Copying over rabbitmq ProxySQL rules config] ***********
skipping: [ctrl01]

TASK [include_role : skyline] **************************************************
skipping: [ctrl01]

TASK [include_role : tacker] ***************************************************
skipping: [ctrl01]

TASK [include_role : trove] ****************************************************
skipping: [ctrl01]

TASK [include_role : venus] ****************************************************
skipping: [ctrl01]

TASK [include_role : watcher] **************************************************
skipping: [ctrl01]

TASK [include_role : zun] ******************************************************
skipping: [ctrl01]

TASK [include_role : loadbalancer] *********************************************
included: loadbalancer for ctrl01

TASK [service-check-containers : loadbalancer | Check containers] **************
changed: [ctrl01] => (item={'key': 'haproxy', 'value': {'container_name': 'haproxy', 'group': 'loadbalancer', 'enabled': True, 'image': 'quay.io/openstack.kolla/haproxy:2025.1-ubuntu-noble', 'privileged': True, 'volumes': ['/etc/kolla/haproxy/:/var/lib/kolla/config_files/:ro', '/etc/localtime:/etc/localtime:ro', '/etc/timezone:/etc/timezone:ro', 'haproxy_socket:/var/lib/kolla/haproxy/', 'letsencrypt_certificates:/etc/haproxy/certificates'], 'dimensions': {'ulimits': {'nofile': {'soft': 1048576, 'hard': 1048576}}}, 'healthcheck': {'interval': '30', 'retries': '3', 'start_period': '5', 'test': ['CMD-SHELL', 'healthcheck_curl http://192.168.1.101:61313'], 'timeout': '30'}}})
changed: [ctrl01] => (item={'key': 'proxysql', 'value': {'container_name': 'proxysql', 'group': 'loadbalancer', 'enabled': True, 'image': 'quay.io/openstack.kolla/proxysql:2025.1-ubuntu-noble', 'privileged': False, 'volumes': ['/etc/kolla/proxysql/:/var/lib/kolla/config_files/:ro', '/etc/localtime:/etc/localtime:ro', '/etc/timezone:/etc/timezone:ro', 'kolla_logs:/var/log/kolla/', 'proxysql:/var/lib/proxysql/', 'proxysql_socket:/var/lib/kolla/proxysql/'], 'dimensions': {'ulimits': {'nofile': {'soft': 1048576, 'hard': 1048576}}}, 'healthcheck': {'interval': '30', 'retries': '3', 'start_period': '5', 'test': ['CMD-SHELL', 'healthcheck_listen proxysql 6032'], 'timeout': '30'}}})
changed: [ctrl01] => (item={'key': 'keepalived', 'value': {'container_name': 'keepalived', 'group': 'loadbalancer', 'enabled': True, 'image': 'quay.io/openstack.kolla/keepalived:2025.1-ubuntu-noble', 'privileged': True, 'volumes': ['/etc/kolla/keepalived/:/var/lib/kolla/config_files/:ro', '/etc/localtime:/etc/localtime:ro', '/etc/timezone:/etc/timezone:ro', '/lib/modules:/lib/modules:ro', 'haproxy_socket:/var/lib/kolla/haproxy/', 'proxysql_socket:/var/lib/kolla/proxysql/'], 'dimensions': {'ulimits': {'nofile': {'soft': 1048576, 'hard': 1048576}}}}})

TASK [service-check-containers : loadbalancer | Notify handlers to restart containers] ***
changed: [ctrl01] => {
    "msg": "Notifying handlers"
}

TASK [service-check-containers : Include tasks] ********************************
skipping: [ctrl01] => (item={'key': 'haproxy', 'value': {'container_name': 'haproxy', 'group': 'loadbalancer', 'enabled': True, 'image': 'quay.io/openstack.kolla/haproxy:2025.1-ubuntu-noble', 'privileged': True, 'volumes': ['/etc/kolla/haproxy/:/var/lib/kolla/config_files/:ro', '/etc/localtime:/etc/localtime:ro', '/etc/timezone:/etc/timezone:ro', 'haproxy_socket:/var/lib/kolla/haproxy/', 'letsencrypt_certificates:/etc/haproxy/certificates'], 'dimensions': {'ulimits': {'nofile': {'soft': 1048576, 'hard': 1048576}}}, 'healthcheck': {'interval': '30', 'retries': '3', 'start_period': '5', 'test': ['CMD-SHELL', 'healthcheck_curl http://192.168.1.101:61313'], 'timeout': '30'}}}) 
skipping: [ctrl01] => (item={'key': 'proxysql', 'value': {'container_name': 'proxysql', 'group': 'loadbalancer', 'enabled': True, 'image': 'quay.io/openstack.kolla/proxysql:2025.1-ubuntu-noble', 'privileged': False, 'volumes': ['/etc/kolla/proxysql/:/var/lib/kolla/config_files/:ro', '/etc/localtime:/etc/localtime:ro', '/etc/timezone:/etc/timezone:ro', 'kolla_logs:/var/log/kolla/', 'proxysql:/var/lib/proxysql/', 'proxysql_socket:/var/lib/kolla/proxysql/'], 'dimensions': {'ulimits': {'nofile': {'soft': 1048576, 'hard': 1048576}}}, 'healthcheck': {'interval': '30', 'retries': '3', 'start_period': '5', 'test': ['CMD-SHELL', 'healthcheck_listen proxysql 6032'], 'timeout': '30'}}}) 
skipping: [ctrl01] => (item={'key': 'keepalived', 'value': {'container_name': 'keepalived', 'group': 'loadbalancer', 'enabled': True, 'image': 'quay.io/openstack.kolla/keepalived:2025.1-ubuntu-noble', 'privileged': True, 'volumes': ['/etc/kolla/keepalived/:/var/lib/kolla/config_files/:ro', '/etc/localtime:/etc/localtime:ro', '/etc/timezone:/etc/timezone:ro', '/lib/modules:/lib/modules:ro', 'haproxy_socket:/var/lib/kolla/haproxy/', 'proxysql_socket:/var/lib/kolla/proxysql/'], 'dimensions': {'ulimits': {'nofile': {'soft': 1048576, 'hard': 1048576}}}}}) 
skipping: [ctrl01]

RUNNING HANDLER [loadbalancer : Check IP addresses on the API interface] *******
ok: [ctrl01]

RUNNING HANDLER [loadbalancer : Group HA nodes by status] **********************
ok: [ctrl01]

RUNNING HANDLER [loadbalancer : Stop backup keepalived container] **************
ok: [ctrl01]

RUNNING HANDLER [loadbalancer : Stop backup haproxy container] *****************
ok: [ctrl01]

RUNNING HANDLER [loadbalancer : Stop backup proxysql container] ****************
ok: [ctrl01]

RUNNING HANDLER [loadbalancer : Start backup haproxy container] ****************
changed: [ctrl01]

RUNNING HANDLER [loadbalancer : Wait for backup haproxy to start] **************
ok: [ctrl01]

RUNNING HANDLER [loadbalancer : Start backup proxysql container] ***************
changed: [ctrl01]

RUNNING HANDLER [loadbalancer : Wait for backup proxysql to start] *************
ok: [ctrl01]

RUNNING HANDLER [loadbalancer : Start backup keepalived container] *************
changed: [ctrl01]

RUNNING HANDLER [loadbalancer : Stop master haproxy container] *****************
skipping: [ctrl01]

RUNNING HANDLER [loadbalancer : Stop master proxysql container] ****************
skipping: [ctrl01]

RUNNING HANDLER [loadbalancer : Stop master keepalived container] **************
skipping: [ctrl01]

RUNNING HANDLER [loadbalancer : Start master haproxy container] ****************
skipping: [ctrl01]

RUNNING HANDLER [loadbalancer : Start master proxysql container] ***************
skipping: [ctrl01]

RUNNING HANDLER [loadbalancer : Start master keepalived container] *************
skipping: [ctrl01]

RUNNING HANDLER [loadbalancer : Wait for haproxy to listen on VIP] *************
ok: [ctrl01]

RUNNING HANDLER [loadbalancer : Wait for proxysql to listen on VIP] ************
[WARNING]: Could not match supplied host pattern, ignoring:
enable_letsencrypt_True
[WARNING]: Could not match supplied host pattern, ignoring:
enable_collectd_True
[WARNING]: Could not match supplied host pattern, ignoring:
enable_influxdb_True
[WARNING]: Could not match supplied host pattern, ignoring:
enable_telegraf_True
[WARNING]: Could not match supplied host pattern, ignoring: enable_redis_True
[WARNING]: Could not match supplied host pattern, ignoring: enable_valkey_True
ok: [ctrl01]

PLAY [Apply role letsencrypt] **************************************************
skipping: no hosts matched

PLAY [Apply role collectd] *****************************************************
skipping: no hosts matched

PLAY [Apply role influxdb] *****************************************************
skipping: no hosts matched

PLAY [Apply role telegraf] *****************************************************
skipping: no hosts matched

PLAY [Apply role redis] ********************************************************
skipping: no hosts matched

PLAY [Apply role valkey] *******************************************************
skipping: no hosts matched

PLAY [Apply role mariadb] ******************************************************

TASK [mariadb : Group MariaDB hosts based on shards] ***************************
ok: [ctrl01] => (item=ctrl01)

TASK [mariadb : include_tasks] *************************************************
included: /opt/kolla-venv/share/kolla-ansible/ansible/roles/mariadb/tasks/deploy.yml for ctrl01

TASK [mariadb : Ensuring config directories exist] *****************************
changed: [ctrl01] => (item={'key': 'mariadb', 'value': {'container_name': 'mariadb', 'group': 'mariadb_shard_0', 'enabled': True, 'image': 'quay.io/openstack.kolla/mariadb-server:2025.1-ubuntu-noble', 'volumes': ['/etc/kolla/mariadb/:/var/lib/kolla/config_files/:ro', '/etc/localtime:/etc/localtime:ro', '/etc/timezone:/etc/timezone:ro', 'mariadb:/var/lib/mysql', 'kolla_logs:/var/log/kolla/'], 'dimensions': {'ulimits': {'nofile': {'soft': 1048576, 'hard': 1048576}}}, 'healthcheck': {'interval': '30', 'retries': '3', 'start_period': '5', 'test': ['CMD-SHELL', '/usr/bin/clustercheck'], 'timeout': '30'}, 'environment': {'MYSQL_USERNAME': 'monitor', 'MYSQL_PASSWORD': 'YK0S6Xgts8IWPsbRazVpKbV9KdQqjwLVprEOisjp', 'MYSQL_HOST': '192.168.1.101', 'AVAILABLE_WHEN_DONOR': '1'}, 'haproxy': {'mariadb': {'enabled': True, 'mode': 'tcp', 'port': '3306', 'listen_port': '3306', 'frontend_tcp_extra': ['option clitcpka', 'timeout client 3600s'], 'backend_tcp_extra': ['option srvtcpka', 'timeout server 3600s', ''], 'custom_member_list': [' server ctrl01 192.168.1.101:3306 check port 3306 inter 2000 rise 2 fall 5', '']}, 'mariadb_external_lb': {'enabled': False, 'mode': 'tcp', 'port': '3306', 'listen_port': '3306', 'frontend_tcp_extra': ['option clitcpka', 'timeout client 3600s'], 'backend_tcp_extra': ['option srvtcpka', 'timeout server 3600s'], 'custom_member_list': [' server ctrl01 ctrl01:3306 check port 3306 inter 2000 rise 2 fall 5', '']}}}})

TASK [mariadb : Ensuring database backup config directory exists] **************
skipping: [ctrl01]

TASK [mariadb : Copying over my.cnf for mariabackup] ***************************
skipping: [ctrl01]

TASK [mariadb : Copying over config.json files for services] *******************
changed: [ctrl01] => (item={'key': 'mariadb', 'value': {'container_name': 'mariadb', 'group': 'mariadb_shard_0', 'enabled': True, 'image': 'quay.io/openstack.kolla/mariadb-server:2025.1-ubuntu-noble', 'volumes': ['/etc/kolla/mariadb/:/var/lib/kolla/config_files/:ro', '/etc/localtime:/etc/localtime:ro', '/etc/timezone:/etc/timezone:ro', 'mariadb:/var/lib/mysql', 'kolla_logs:/var/log/kolla/'], 'dimensions': {'ulimits': {'nofile': {'soft': 1048576, 'hard': 1048576}}}, 'healthcheck': {'interval': '30', 'retries': '3', 'start_period': '5', 'test': ['CMD-SHELL', '/usr/bin/clustercheck'], 'timeout': '30'}, 'environment': {'MYSQL_USERNAME': 'monitor', 'MYSQL_PASSWORD': 'YK0S6Xgts8IWPsbRazVpKbV9KdQqjwLVprEOisjp', 'MYSQL_HOST': '192.168.1.101', 'AVAILABLE_WHEN_DONOR': '1'}, 'haproxy': {'mariadb': {'enabled': True, 'mode': 'tcp', 'port': '3306', 'listen_port': '3306', 'frontend_tcp_extra': ['option clitcpka', 'timeout client 3600s'], 'backend_tcp_extra': ['option srvtcpka', 'timeout server 3600s', ''], 'custom_member_list': [' server ctrl01 192.168.1.101:3306 check port 3306 inter 2000 rise 2 fall 5', '']}, 'mariadb_external_lb': {'enabled': False, 'mode': 'tcp', 'port': '3306', 'listen_port': '3306', 'frontend_tcp_extra': ['option clitcpka', 'timeout client 3600s'], 'backend_tcp_extra': ['option srvtcpka', 'timeout server 3600s'], 'custom_member_list': [' server ctrl01 ctrl01:3306 check port 3306 inter 2000 rise 2 fall 5', '']}}}})

TASK [mariadb : Copying over config.json files for mariabackup] ****************
skipping: [ctrl01]

TASK [mariadb : Copying over galera.cnf] ***************************************
changed: [ctrl01]

TASK [mariadb : include_tasks] *************************************************
included: /opt/kolla-venv/share/kolla-ansible/ansible/roles/mariadb/tasks/copy-certs.yml for ctrl01

TASK [service-cert-copy : mariadb | Copying over extra CA certificates] ********
skipping: [ctrl01] => (item={'key': 'mariadb', 'value': {'container_name': 'mariadb', 'group': 'mariadb_shard_0', 'enabled': True, 'image': 'quay.io/openstack.kolla/mariadb-server:2025.1-ubuntu-noble', 'volumes': ['/etc/kolla/mariadb/:/var/lib/kolla/config_files/:ro', '/etc/localtime:/etc/localtime:ro', '/etc/timezone:/etc/timezone:ro', 'mariadb:/var/lib/mysql', 'kolla_logs:/var/log/kolla/'], 'dimensions': {'ulimits': {'nofile': {'soft': 1048576, 'hard': 1048576}}}, 'healthcheck': {'interval': '30', 'retries': '3', 'start_period': '5', 'test': ['CMD-SHELL', '/usr/bin/clustercheck'], 'timeout': '30'}, 'environment': {'MYSQL_USERNAME': 'monitor', 'MYSQL_PASSWORD': 'YK0S6Xgts8IWPsbRazVpKbV9KdQqjwLVprEOisjp', 'MYSQL_HOST': '192.168.1.101', 'AVAILABLE_WHEN_DONOR': '1'}, 'haproxy': {'mariadb': {'enabled': True, 'mode': 'tcp', 'port': '3306', 'listen_port': '3306', 'frontend_tcp_extra': ['option clitcpka', 'timeout client 3600s'], 'backend_tcp_extra': ['option srvtcpka', 'timeout server 3600s', ''], 'custom_member_list': [' server ctrl01 192.168.1.101:3306 check port 3306 inter 2000 rise 2 fall 5', '']}, 'mariadb_external_lb': {'enabled': False, 'mode': 'tcp', 'port': '3306', 'listen_port': '3306', 'frontend_tcp_extra': ['option clitcpka', 'timeout client 3600s'], 'backend_tcp_extra': ['option srvtcpka', 'timeout server 3600s'], 'custom_member_list': [' server ctrl01 ctrl01:3306 check port 3306 inter 2000 rise 2 fall 5', '']}}}}) 
skipping: [ctrl01]

TASK [service-cert-copy : mariadb | Copying over backend internal TLS certificate] ***
skipping: [ctrl01] => (item={'key': 'mariadb', 'value': {'container_name': 'mariadb', 'group': 'mariadb_shard_0', 'enabled': True, 'image': 'quay.io/openstack.kolla/mariadb-server:2025.1-ubuntu-noble', 'volumes': ['/etc/kolla/mariadb/:/var/lib/kolla/config_files/:ro', '/etc/localtime:/etc/localtime:ro', '/etc/timezone:/etc/timezone:ro', 'mariadb:/var/lib/mysql', 'kolla_logs:/var/log/kolla/'], 'dimensions': {'ulimits': {'nofile': {'soft': 1048576, 'hard': 1048576}}}, 'healthcheck': {'interval': '30', 'retries': '3', 'start_period': '5', 'test': ['CMD-SHELL', '/usr/bin/clustercheck'], 'timeout': '30'}, 'environment': {'MYSQL_USERNAME': 'monitor', 'MYSQL_PASSWORD': 'YK0S6Xgts8IWPsbRazVpKbV9KdQqjwLVprEOisjp', 'MYSQL_HOST': '192.168.1.101', 'AVAILABLE_WHEN_DONOR': '1'}, 'haproxy': {'mariadb': {'enabled': True, 'mode': 'tcp', 'port': '3306', 'listen_port': '3306', 'frontend_tcp_extra': ['option clitcpka', 'timeout client 3600s'], 'backend_tcp_extra': ['option srvtcpka', 'timeout server 3600s', ''], 'custom_member_list': [' server ctrl01 192.168.1.101:3306 check port 3306 inter 2000 rise 2 fall 5', '']}, 'mariadb_external_lb': {'enabled': False, 'mode': 'tcp', 'port': '3306', 'listen_port': '3306', 'frontend_tcp_extra': ['option clitcpka', 'timeout client 3600s'], 'backend_tcp_extra': ['option srvtcpka', 'timeout server 3600s'], 'custom_member_list': [' server ctrl01 ctrl01:3306 check port 3306 inter 2000 rise 2 fall 5', '']}}}}) 
skipping: [ctrl01]

TASK [service-cert-copy : mariadb | Copying over backend internal TLS key] *****
skipping: [ctrl01] => (item={'key': 'mariadb', 'value': {'container_name': 'mariadb', 'group': 'mariadb_shard_0', 'enabled': True, 'image': 'quay.io/openstack.kolla/mariadb-server:2025.1-ubuntu-noble', 'volumes': ['/etc/kolla/mariadb/:/var/lib/kolla/config_files/:ro', '/etc/localtime:/etc/localtime:ro', '/etc/timezone:/etc/timezone:ro', 'mariadb:/var/lib/mysql', 'kolla_logs:/var/log/kolla/'], 'dimensions': {'ulimits': {'nofile': {'soft': 1048576, 'hard': 1048576}}}, 'healthcheck': {'interval': '30', 'retries': '3', 'start_period': '5', 'test': ['CMD-SHELL', '/usr/bin/clustercheck'], 'timeout': '30'}, 'environment': {'MYSQL_USERNAME': 'monitor', 'MYSQL_PASSWORD': 'YK0S6Xgts8IWPsbRazVpKbV9KdQqjwLVprEOisjp', 'MYSQL_HOST': '192.168.1.101', 'AVAILABLE_WHEN_DONOR': '1'}, 'haproxy': {'mariadb': {'enabled': True, 'mode': 'tcp', 'port': '3306', 'listen_port': '3306', 'frontend_tcp_extra': ['option clitcpka', 'timeout client 3600s'], 'backend_tcp_extra': ['option srvtcpka', 'timeout server 3600s', ''], 'custom_member_list': [' server ctrl01 192.168.1.101:3306 check port 3306 inter 2000 rise 2 fall 5', '']}, 'mariadb_external_lb': {'enabled': False, 'mode': 'tcp', 'port': '3306', 'listen_port': '3306', 'frontend_tcp_extra': ['option clitcpka', 'timeout client 3600s'], 'backend_tcp_extra': ['option srvtcpka', 'timeout server 3600s'], 'custom_member_list': [' server ctrl01 ctrl01:3306 check port 3306 inter 2000 rise 2 fall 5', '']}}}}) 
skipping: [ctrl01]

TASK [service-check-containers : mariadb | Check containers] *******************
changed: [ctrl01] => (item={'key': 'mariadb', 'value': {'container_name': 'mariadb', 'group': 'mariadb_shard_0', 'enabled': True, 'image': 'quay.io/openstack.kolla/mariadb-server:2025.1-ubuntu-noble', 'volumes': ['/etc/kolla/mariadb/:/var/lib/kolla/config_files/:ro', '/etc/localtime:/etc/localtime:ro', '/etc/timezone:/etc/timezone:ro', 'mariadb:/var/lib/mysql', 'kolla_logs:/var/log/kolla/'], 'dimensions': {'ulimits': {'nofile': {'soft': 1048576, 'hard': 1048576}}}, 'healthcheck': {'interval': '30', 'retries': '3', 'start_period': '5', 'test': ['CMD-SHELL', '/usr/bin/clustercheck'], 'timeout': '30'}, 'environment': {'MYSQL_USERNAME': 'monitor', 'MYSQL_PASSWORD': 'YK0S6Xgts8IWPsbRazVpKbV9KdQqjwLVprEOisjp', 'MYSQL_HOST': '192.168.1.101', 'AVAILABLE_WHEN_DONOR': '1'}, 'haproxy': {'mariadb': {'enabled': True, 'mode': 'tcp', 'port': '3306', 'listen_port': '3306', 'frontend_tcp_extra': ['option clitcpka', 'timeout client 3600s'], 'backend_tcp_extra': ['option srvtcpka', 'timeout server 3600s', ''], 'custom_member_list': [' server ctrl01 192.168.1.101:3306 check port 3306 inter 2000 rise 2 fall 5', '']}, 'mariadb_external_lb': {'enabled': False, 'mode': 'tcp', 'port': '3306', 'listen_port': '3306', 'frontend_tcp_extra': ['option clitcpka', 'timeout client 3600s'], 'backend_tcp_extra': ['option srvtcpka', 'timeout server 3600s'], 'custom_member_list': [' server ctrl01 ctrl01:3306 check port 3306 inter 2000 rise 2 fall 5', '']}}}})

TASK [service-check-containers : mariadb | Notify handlers to restart containers] ***
changed: [ctrl01] => {
    "msg": "Notifying handlers"
}

TASK [service-check-containers : Include tasks] ********************************
skipping: [ctrl01] => (item={'key': 'mariadb', 'value': {'container_name': 'mariadb', 'group': 'mariadb_shard_0', 'enabled': True, 'image': 'quay.io/openstack.kolla/mariadb-server:2025.1-ubuntu-noble', 'volumes': ['/etc/kolla/mariadb/:/var/lib/kolla/config_files/:ro', '/etc/localtime:/etc/localtime:ro', '/etc/timezone:/etc/timezone:ro', 'mariadb:/var/lib/mysql', 'kolla_logs:/var/log/kolla/'], 'dimensions': {'ulimits': {'nofile': {'soft': 1048576, 'hard': 1048576}}}, 'healthcheck': {'interval': '30', 'retries': '3', 'start_period': '5', 'test': ['CMD-SHELL', '/usr/bin/clustercheck'], 'timeout': '30'}, 'environment': {'MYSQL_USERNAME': 'monitor', 'MYSQL_PASSWORD': 'YK0S6Xgts8IWPsbRazVpKbV9KdQqjwLVprEOisjp', 'MYSQL_HOST': '192.168.1.101', 'AVAILABLE_WHEN_DONOR': '1'}, 'haproxy': {'mariadb': {'enabled': True, 'mode': 'tcp', 'port': '3306', 'listen_port': '3306', 'frontend_tcp_extra': ['option clitcpka', 'timeout client 3600s'], 'backend_tcp_extra': ['option srvtcpka', 'timeout server 3600s', ''], 'custom_member_list': [' server ctrl01 192.168.1.101:3306 check port 3306 inter 2000 rise 2 fall 5', '']}, 'mariadb_external_lb': {'enabled': False, 'mode': 'tcp', 'port': '3306', 'listen_port': '3306', 'frontend_tcp_extra': ['option clitcpka', 'timeout client 3600s'], 'backend_tcp_extra': ['option srvtcpka', 'timeout server 3600s'], 'custom_member_list': [' server ctrl01 ctrl01:3306 check port 3306 inter 2000 rise 2 fall 5', '']}}}}) 
skipping: [ctrl01]

TASK [mariadb : Checking for mariadb cluster] **********************************
skipping: [ctrl01]

TASK [mariadb : Cleaning up temp file on localhost] ****************************
skipping: [ctrl01]

TASK [mariadb : Stop MariaDB containers] ***************************************
skipping: [ctrl01]

TASK [mariadb : Run MariaDB wsrep recovery] ************************************
skipping: [ctrl01]

TASK [mariadb : Copying MariaDB log file to /tmp] ******************************
skipping: [ctrl01]

TASK [mariadb : Get MariaDB wsrep recovery seqno] ******************************
skipping: [ctrl01]

TASK [mariadb : Removing MariaDB log file from /tmp] ***************************
skipping: [ctrl01]

TASK [mariadb : Registering MariaDB seqno variable] ****************************
skipping: [ctrl01]

TASK [mariadb : Comparing seqno value on all mariadb hosts] ********************
skipping: [ctrl01] => (item=ctrl01) 
skipping: [ctrl01]

TASK [mariadb : Writing hostname of host with the largest seqno to temp file] ***
skipping: [ctrl01]

TASK [mariadb : Registering mariadb_recover_inventory_name from temp file] *****
skipping: [ctrl01]

TASK [mariadb : Store bootstrap and master hostnames into facts] ***************
skipping: [ctrl01]

TASK [mariadb : Set grastate.dat file from MariaDB container in bootstrap host] ***
skipping: [ctrl01]

TASK [mariadb : Starting first MariaDB container] ******************************
skipping: [ctrl01]

TASK [mariadb : Wait for first MariaDB container] ******************************
skipping: [ctrl01]

TASK [mariadb : Set first MariaDB container as primary] ************************
skipping: [ctrl01]

TASK [mariadb : Wait for MariaDB to become operational] ************************
skipping: [ctrl01]

TASK [mariadb : Restart slave MariaDB container(s)] ****************************
skipping: [ctrl01] => (item={'key': 'mariadb', 'value': {'container_name': 'mariadb', 'group': 'mariadb_shard_0', 'enabled': True, 'image': 'quay.io/openstack.kolla/mariadb-server:2025.1-ubuntu-noble', 'volumes': ['/etc/kolla/mariadb/:/var/lib/kolla/config_files/:ro', '/etc/localtime:/etc/localtime:ro', '/etc/timezone:/etc/timezone:ro', 'mariadb:/var/lib/mysql', 'kolla_logs:/var/log/kolla/'], 'dimensions': {'ulimits': {'nofile': {'soft': 1048576, 'hard': 1048576}}}, 'healthcheck': {'interval': '30', 'retries': '3', 'start_period': '5', 'test': ['CMD-SHELL', '/usr/bin/clustercheck'], 'timeout': '30'}, 'environment': {'MYSQL_USERNAME': 'monitor', 'MYSQL_PASSWORD': 'YK0S6Xgts8IWPsbRazVpKbV9KdQqjwLVprEOisjp', 'MYSQL_HOST': '192.168.1.101', 'AVAILABLE_WHEN_DONOR': '1'}, 'haproxy': {'mariadb': {'enabled': True, 'mode': 'tcp', 'port': '3306', 'listen_port': '3306', 'frontend_tcp_extra': ['option clitcpka', 'timeout client 3600s'], 'backend_tcp_extra': ['option srvtcpka', 'timeout server 3600s', ''], 'custom_member_list': [' server ctrl01 192.168.1.101:3306 check port 3306 inter 2000 rise 2 fall 5', '']}, 'mariadb_external_lb': {'enabled': False, 'mode': 'tcp', 'port': '3306', 'listen_port': '3306', 'frontend_tcp_extra': ['option clitcpka', 'timeout client 3600s'], 'backend_tcp_extra': ['option srvtcpka', 'timeout server 3600s'], 'custom_member_list': [' server ctrl01 ctrl01:3306 check port 3306 inter 2000 rise 2 fall 5', '']}}}}) 
skipping: [ctrl01]

TASK [mariadb : Wait for slave MariaDB] ****************************************
skipping: [ctrl01]

TASK [mariadb : Restart master MariaDB container(s)] ***************************
skipping: [ctrl01] => (item={'key': 'mariadb', 'value': {'container_name': 'mariadb', 'group': 'mariadb_shard_0', 'enabled': True, 'image': 'quay.io/openstack.kolla/mariadb-server:2025.1-ubuntu-noble', 'volumes': ['/etc/kolla/mariadb/:/var/lib/kolla/config_files/:ro', '/etc/localtime:/etc/localtime:ro', '/etc/timezone:/etc/timezone:ro', 'mariadb:/var/lib/mysql', 'kolla_logs:/var/log/kolla/'], 'dimensions': {'ulimits': {'nofile': {'soft': 1048576, 'hard': 1048576}}}, 'healthcheck': {'interval': '30', 'retries': '3', 'start_period': '5', 'test': ['CMD-SHELL', '/usr/bin/clustercheck'], 'timeout': '30'}, 'environment': {'MYSQL_USERNAME': 'monitor', 'MYSQL_PASSWORD': 'YK0S6Xgts8IWPsbRazVpKbV9KdQqjwLVprEOisjp', 'MYSQL_HOST': '192.168.1.101', 'AVAILABLE_WHEN_DONOR': '1'}, 'haproxy': {'mariadb': {'enabled': True, 'mode': 'tcp', 'port': '3306', 'listen_port': '3306', 'frontend_tcp_extra': ['option clitcpka', 'timeout client 3600s'], 'backend_tcp_extra': ['option srvtcpka', 'timeout server 3600s', ''], 'custom_member_list': [' server ctrl01 192.168.1.101:3306 check port 3306 inter 2000 rise 2 fall 5', '']}, 'mariadb_external_lb': {'enabled': False, 'mode': 'tcp', 'port': '3306', 'listen_port': '3306', 'frontend_tcp_extra': ['option clitcpka', 'timeout client 3600s'], 'backend_tcp_extra': ['option srvtcpka', 'timeout server 3600s'], 'custom_member_list': [' server ctrl01 ctrl01:3306 check port 3306 inter 2000 rise 2 fall 5', '']}}}}) 
skipping: [ctrl01]

TASK [mariadb : Wait for master mariadb] ***************************************
skipping: [ctrl01]

TASK [service-check : mariadb | Get container facts] ***************************
skipping: [ctrl01]

TASK [service-check : mariadb | Fail if containers are missing or not running] ***
skipping: [ctrl01]

TASK [service-check : mariadb | Fail if containers are unhealthy] **************
skipping: [ctrl01]

TASK [mariadb : Wait for MariaDB service to be ready through VIP] **************
skipping: [ctrl01]

TASK [mariadb : Create MariaDB volume] *****************************************
changed: [ctrl01]

TASK [mariadb : Divide hosts by their MariaDB volume availability] *************
ok: [ctrl01]

TASK [mariadb : Establish whether the cluster has already existed] *************
ok: [ctrl01]

TASK [mariadb : Check MariaDB service port liveness] ***************************
fatal: [ctrl01]: FAILED! => {"changed": false, "elapsed": 10, "msg": "Timeout when waiting for search string MariaDB in 192.168.1.101:3306"}
...ignoring

TASK [mariadb : Divide hosts by their MariaDB service port liveness] ***********
ok: [ctrl01]

TASK [mariadb : Fail on existing but stopped cluster] **************************
skipping: [ctrl01]

TASK [mariadb : Check MariaDB service WSREP sync status] ***********************
skipping: [ctrl01]

TASK [mariadb : Extract MariaDB service WSREP sync status] *********************
skipping: [ctrl01]

TASK [mariadb : Divide hosts by their MariaDB service WSREP sync status] *******
ok: [ctrl01]

TASK [mariadb : Fail when MariaDB services are not synced across the whole cluster] ***
skipping: [ctrl01]

TASK [mariadb : include_tasks] *************************************************
included: /opt/kolla-venv/share/kolla-ansible/ansible/roles/mariadb/tasks/bootstrap_cluster.yml for ctrl01

TASK [mariadb : Running MariaDB bootstrap container] ***************************
changed: [ctrl01]

TASK [mariadb : Store bootstrap host name into facts] **************************
ok: [ctrl01]

TASK [mariadb : include_tasks] *************************************************
skipping: [ctrl01]

RUNNING HANDLER [mariadb : Starting first MariaDB container] *******************
changed: [ctrl01]

RUNNING HANDLER [mariadb : Wait for first MariaDB service port liveness] *******
ok: [ctrl01]

RUNNING HANDLER [mariadb : Wait for first MariaDB service to sync WSREP] *******
ok: [ctrl01]

RUNNING HANDLER [mariadb : Ensure MariaDB is running normally on bootstrap host] ***
changed: [ctrl01]

RUNNING HANDLER [mariadb : Restart MariaDB on existing cluster members] ********
skipping: [ctrl01]

RUNNING HANDLER [mariadb : Start MariaDB on new nodes] *************************
[WARNING]: Could not match supplied host pattern, ignoring: mariadb_restart
[WARNING]: Could not match supplied host pattern, ignoring: mariadb_start
skipping: [ctrl01]

PLAY [Restart mariadb services] ************************************************
skipping: no hosts matched

PLAY [Start mariadb services] **************************************************
skipping: no hosts matched

PLAY [Restart bootstrap mariadb service] ***************************************

TASK [mariadb : Restart MariaDB container] *************************************
changed: [ctrl01]

TASK [mariadb : Wait for MariaDB service port liveness] ************************
ok: [ctrl01]

TASK [mariadb : Wait for MariaDB service to sync WSREP] ************************
ok: [ctrl01]

PLAY [Apply mariadb post-configuration] ****************************************

TASK [Include mariadb post-deploy.yml] *****************************************
included: mariadb for ctrl01

TASK [mariadb : Creating shard root mysql user] ********************************
changed: [ctrl01]

TASK [mariadb : Creating mysql monitor user] ***********************************
changed: [ctrl01]

TASK [mariadb : Creating database backup user and setting permissions] *********
skipping: [ctrl01]

TASK [mariadb : Granting permissions on Mariabackup database to backup user] ***
skipping: [ctrl01]

TASK [service-check : mariadb | Get container facts] ***************************
ok: [ctrl01]

TASK [service-check : mariadb | Fail if containers are missing or not running] ***
skipping: [ctrl01]

TASK [service-check : mariadb | Fail if containers are unhealthy] **************
skipping: [ctrl01]

TASK [mariadb : Wait for MariaDB service to be ready through VIP] **************
ok: [ctrl01]

TASK [Include mariadb post-upgrade.yml] ****************************************
skipping: [ctrl01]

PLAY [Apply role memcached] ****************************************************

TASK [memcached : include_tasks] ***********************************************
included: /opt/kolla-venv/share/kolla-ansible/ansible/roles/memcached/tasks/deploy.yml for ctrl01

TASK [memcached : Ensuring config directories exist] ***************************
changed: [ctrl01] => (item=memcached)

TASK [memcached : Copying over config.json files for services] *****************
changed: [ctrl01] => (item=memcached)

TASK [service-check-containers : memcached | Check containers] *****************
changed: [ctrl01] => (item={'key': 'memcached', 'value': {'container_name': 'memcached', 'image': 'quay.io/openstack.kolla/memcached:2025.1-ubuntu-noble', 'enabled': True, 'group': 'memcached', 'volumes': ['/etc/kolla/memcached/:/var/lib/kolla/config_files/:ro', '/etc/localtime:/etc/localtime:ro', '/etc/timezone:/etc/timezone:ro'], 'dimensions': {'ulimits': {'nofile': {'soft': 1048576, 'hard': 1048576}}}, 'healthcheck': {'interval': '30', 'retries': '3', 'start_period': '5', 'test': ['CMD-SHELL', 'healthcheck_listen memcached 11211'], 'timeout': '30'}, 'haproxy': {'memcached': {'enabled': False, 'mode': 'tcp', 'port': '11211', 'frontend_tcp_extra': ['option clitcpka', 'timeout client 3600s'], 'backend_tcp_extra': ['option srvtcpka', 'timeout server 3600s'], 'active_passive': True}}}})

TASK [service-check-containers : memcached | Notify handlers to restart containers] ***
changed: [ctrl01] => {
    "msg": "Notifying handlers"
}

TASK [service-check-containers : Include tasks] ********************************
skipping: [ctrl01] => (item={'key': 'memcached', 'value': {'container_name': 'memcached', 'image': 'quay.io/openstack.kolla/memcached:2025.1-ubuntu-noble', 'enabled': True, 'group': 'memcached', 'volumes': ['/etc/kolla/memcached/:/var/lib/kolla/config_files/:ro', '/etc/localtime:/etc/localtime:ro', '/etc/timezone:/etc/timezone:ro'], 'dimensions': {'ulimits': {'nofile': {'soft': 1048576, 'hard': 1048576}}}, 'healthcheck': {'interval': '30', 'retries': '3', 'start_period': '5', 'test': ['CMD-SHELL', 'healthcheck_listen memcached 11211'], 'timeout': '30'}, 'haproxy': {'memcached': {'enabled': False, 'mode': 'tcp', 'port': '11211', 'frontend_tcp_extra': ['option clitcpka', 'timeout client 3600s'], 'backend_tcp_extra': ['option srvtcpka', 'timeout server 3600s'], 'active_passive': True}}}}) 
skipping: [ctrl01]

RUNNING HANDLER [memcached : Restart memcached container] **********************
[WARNING]: Could not match supplied host pattern, ignoring:
enable_prometheus_True
[WARNING]: Could not match supplied host pattern, ignoring: enable_iscsid_True
[WARNING]: Could not match supplied host pattern, ignoring:
enable_multipathd_True
changed: [ctrl01]

PLAY [Apply role prometheus] ***************************************************
skipping: no hosts matched

PLAY [Apply role iscsi] ********************************************************
skipping: no hosts matched

PLAY [Apply role multipathd] ***************************************************
skipping: no hosts matched

PLAY [Apply role rabbitmq] *****************************************************

TASK [rabbitmq : include_tasks] ************************************************
included: /opt/kolla-venv/share/kolla-ansible/ansible/roles/rabbitmq/tasks/deploy.yml for ctrl01

TASK [rabbitmq : Get container facts] ******************************************
ok: [ctrl01]

TASK [rabbitmq : Get current RabbitMQ version] *********************************
skipping: [ctrl01]

TASK [rabbitmq : Get new RabbitMQ version] *************************************
skipping: [ctrl01]

TASK [rabbitmq : Check if running RabbitMQ is at most one version behind] ******
skipping: [ctrl01]

TASK [rabbitmq : Catch when RabbitMQ is being downgraded] **********************
skipping: [ctrl01]

TASK [rabbitmq : include_tasks] ************************************************
included: /opt/kolla-venv/share/kolla-ansible/ansible/roles/rabbitmq/tasks/remove-ha-all-policy.yml for ctrl01

TASK [rabbitmq : Get container facts] ******************************************
ok: [ctrl01]

TASK [rabbitmq : List RabbitMQ policies] ***************************************
skipping: [ctrl01]

TASK [rabbitmq : Remove ha-all policy from RabbitMQ] ***************************
skipping: [ctrl01]

TASK [rabbitmq : Ensuring config directories exist] ****************************
changed: [ctrl01] => (item={'key': 'rabbitmq', 'value': {'container_name': 'rabbitmq', 'group': 'rabbitmq', 'enabled': True, 'image': 'quay.io/openstack.kolla/rabbitmq:2025.1-ubuntu-noble', 'bootstrap_environment': {'KOLLA_BOOTSTRAP': None, 'KOLLA_CONFIG_STRATEGY': 'COPY_ALWAYS', 'RABBITMQ_CLUSTER_COOKIE': 'YgG4Rgobnx7On3yIXslDAuHytLcHg98VbiAViwJB', 'RABBITMQ_LOG_DIR': '/var/log/kolla/rabbitmq'}, 'environment': {'KOLLA_CONFIG_STRATEGY': 'COPY_ALWAYS', 'RABBITMQ_CLUSTER_COOKIE': 'YgG4Rgobnx7On3yIXslDAuHytLcHg98VbiAViwJB', 'RABBITMQ_LOG_DIR': '/var/log/kolla/rabbitmq'}, 'volumes': ['/etc/kolla/rabbitmq/:/var/lib/kolla/config_files/:ro', '/etc/localtime:/etc/localtime:ro', '/etc/timezone:/etc/timezone:ro', 'rabbitmq:/var/lib/rabbitmq/', 'kolla_logs:/var/log/kolla/'], 'dimensions': {'ulimits': {'nofile': {'soft': 1048576, 'hard': 1048576}}}, 'healthcheck': {'interval': '30', 'retries': '3', 'start_period': '5', 'test': ['CMD-SHELL', 'healthcheck_rabbitmq'], 'timeout': '30'}, 'haproxy': {'rabbitmq_management': {'enabled': 'yes', 'mode': 'http', 'port': '15672', 'host_group': 'rabbitmq'}}}})

TASK [rabbitmq : Copying over config.json files for services] ******************
changed: [ctrl01] => (item={'key': 'rabbitmq', 'value': {'container_name': 'rabbitmq', 'group': 'rabbitmq', 'enabled': True, 'image': 'quay.io/openstack.kolla/rabbitmq:2025.1-ubuntu-noble', 'bootstrap_environment': {'KOLLA_BOOTSTRAP': None, 'KOLLA_CONFIG_STRATEGY': 'COPY_ALWAYS', 'RABBITMQ_CLUSTER_COOKIE': 'YgG4Rgobnx7On3yIXslDAuHytLcHg98VbiAViwJB', 'RABBITMQ_LOG_DIR': '/var/log/kolla/rabbitmq'}, 'environment': {'KOLLA_CONFIG_STRATEGY': 'COPY_ALWAYS', 'RABBITMQ_CLUSTER_COOKIE': 'YgG4Rgobnx7On3yIXslDAuHytLcHg98VbiAViwJB', 'RABBITMQ_LOG_DIR': '/var/log/kolla/rabbitmq'}, 'volumes': ['/etc/kolla/rabbitmq/:/var/lib/kolla/config_files/:ro', '/etc/localtime:/etc/localtime:ro', '/etc/timezone:/etc/timezone:ro', 'rabbitmq:/var/lib/rabbitmq/', 'kolla_logs:/var/log/kolla/'], 'dimensions': {'ulimits': {'nofile': {'soft': 1048576, 'hard': 1048576}}}, 'healthcheck': {'interval': '30', 'retries': '3', 'start_period': '5', 'test': ['CMD-SHELL', 'healthcheck_rabbitmq'], 'timeout': '30'}, 'haproxy': {'rabbitmq_management': {'enabled': 'yes', 'mode': 'http', 'port': '15672', 'host_group': 'rabbitmq'}}}})

TASK [rabbitmq : Copying over rabbitmq-env.conf] *******************************
changed: [ctrl01] => (item=/opt/kolla-venv/share/kolla-ansible/ansible/roles/rabbitmq/templates/rabbitmq-env.conf.j2)

TASK [rabbitmq : Copying over rabbitmq.conf] ***********************************
changed: [ctrl01] => (item=/opt/kolla-venv/share/kolla-ansible/ansible/roles/rabbitmq/templates/rabbitmq.conf.j2)

TASK [rabbitmq : Copying over erl_inetrc] **************************************
changed: [ctrl01] => (item=/opt/kolla-venv/share/kolla-ansible/ansible/roles/rabbitmq/templates/erl_inetrc.j2)

TASK [rabbitmq : Copying over advanced.config] *********************************
changed: [ctrl01] => (item=/opt/kolla-venv/share/kolla-ansible/ansible/roles/rabbitmq/templates/advanced.config.j2)

TASK [rabbitmq : Copying over definitions.json] ********************************
changed: [ctrl01] => (item=/opt/kolla-venv/share/kolla-ansible/ansible/roles/rabbitmq/templates/definitions.json.j2)

TASK [rabbitmq : Copying over enabled_plugins] *********************************
changed: [ctrl01] => (item=/opt/kolla-venv/share/kolla-ansible/ansible/roles/rabbitmq/templates/enabled_plugins.j2)

TASK [rabbitmq : include_tasks] ************************************************
skipping: [ctrl01]

TASK [service-check-containers : rabbitmq | Check containers] ******************
changed: [ctrl01] => (item={'key': 'rabbitmq', 'value': {'container_name': 'rabbitmq', 'group': 'rabbitmq', 'enabled': True, 'image': 'quay.io/openstack.kolla/rabbitmq:2025.1-ubuntu-noble', 'bootstrap_environment': {'KOLLA_BOOTSTRAP': None, 'KOLLA_CONFIG_STRATEGY': 'COPY_ALWAYS', 'RABBITMQ_CLUSTER_COOKIE': 'YgG4Rgobnx7On3yIXslDAuHytLcHg98VbiAViwJB', 'RABBITMQ_LOG_DIR': '/var/log/kolla/rabbitmq'}, 'environment': {'KOLLA_CONFIG_STRATEGY': 'COPY_ALWAYS', 'RABBITMQ_CLUSTER_COOKIE': 'YgG4Rgobnx7On3yIXslDAuHytLcHg98VbiAViwJB', 'RABBITMQ_LOG_DIR': '/var/log/kolla/rabbitmq'}, 'volumes': ['/etc/kolla/rabbitmq/:/var/lib/kolla/config_files/:ro', '/etc/localtime:/etc/localtime:ro', '/etc/timezone:/etc/timezone:ro', 'rabbitmq:/var/lib/rabbitmq/', 'kolla_logs:/var/log/kolla/'], 'dimensions': {'ulimits': {'nofile': {'soft': 1048576, 'hard': 1048576}}}, 'healthcheck': {'interval': '30', 'retries': '3', 'start_period': '5', 'test': ['CMD-SHELL', 'healthcheck_rabbitmq'], 'timeout': '30'}, 'haproxy': {'rabbitmq_management': {'enabled': 'yes', 'mode': 'http', 'port': '15672', 'host_group': 'rabbitmq'}}}})

TASK [service-check-containers : rabbitmq | Notify handlers to restart containers] ***
changed: [ctrl01] => {
    "msg": "Notifying handlers"
}

TASK [service-check-containers : Include tasks] ********************************
skipping: [ctrl01] => (item={'key': 'rabbitmq', 'value': {'container_name': 'rabbitmq', 'group': 'rabbitmq', 'enabled': True, 'image': 'quay.io/openstack.kolla/rabbitmq:2025.1-ubuntu-noble', 'bootstrap_environment': {'KOLLA_BOOTSTRAP': None, 'KOLLA_CONFIG_STRATEGY': 'COPY_ALWAYS', 'RABBITMQ_CLUSTER_COOKIE': 'YgG4Rgobnx7On3yIXslDAuHytLcHg98VbiAViwJB', 'RABBITMQ_LOG_DIR': '/var/log/kolla/rabbitmq'}, 'environment': {'KOLLA_CONFIG_STRATEGY': 'COPY_ALWAYS', 'RABBITMQ_CLUSTER_COOKIE': 'YgG4Rgobnx7On3yIXslDAuHytLcHg98VbiAViwJB', 'RABBITMQ_LOG_DIR': '/var/log/kolla/rabbitmq'}, 'volumes': ['/etc/kolla/rabbitmq/:/var/lib/kolla/config_files/:ro', '/etc/localtime:/etc/localtime:ro', '/etc/timezone:/etc/timezone:ro', 'rabbitmq:/var/lib/rabbitmq/', 'kolla_logs:/var/log/kolla/'], 'dimensions': {'ulimits': {'nofile': {'soft': 1048576, 'hard': 1048576}}}, 'healthcheck': {'interval': '30', 'retries': '3', 'start_period': '5', 'test': ['CMD-SHELL', 'healthcheck_rabbitmq'], 'timeout': '30'}, 'haproxy': {'rabbitmq_management': {'enabled': 'yes', 'mode': 'http', 'port': '15672', 'host_group': 'rabbitmq'}}}}) 
skipping: [ctrl01]

TASK [rabbitmq : Creating rabbitmq volume] *************************************
changed: [ctrl01]

TASK [rabbitmq : Running RabbitMQ bootstrap container] *************************
changed: [ctrl01]

RUNNING HANDLER [rabbitmq : Restart rabbitmq container] ************************
changed: [ctrl01]

PLAY [Restart rabbitmq services] ***********************************************

TASK [rabbitmq : Get info on RabbitMQ container] *******************************
ok: [ctrl01]

TASK [rabbitmq : Put RabbitMQ node into maintenance mode if in cluster] ********
skipping: [ctrl01]

TASK [rabbitmq : Stop the RabbitMQ application if not in cluster] **************
skipping: [ctrl01]

TASK [rabbitmq : Restart rabbitmq container] ***********************************
changed: [ctrl01]

TASK [rabbitmq : Waiting for rabbitmq to start] ********************************
changed: [ctrl01]

PLAY [Apply rabbitmq post-configuration] ***************************************

TASK [Include rabbitmq post-deploy.yml] ****************************************
included: rabbitmq for ctrl01

TASK [rabbitmq : Enable all stable feature flags] ******************************
[WARNING]: Could not match supplied host pattern, ignoring: enable_etcd_True
ok: [ctrl01]

PLAY [Apply role etcd] *********************************************************
skipping: no hosts matched

PLAY [Apply role keystone] *****************************************************

TASK [keystone : include_tasks] ************************************************
included: /opt/kolla-venv/share/kolla-ansible/ansible/roles/keystone/tasks/deploy.yml for ctrl01

TASK [keystone : Ensuring config directories exist] ****************************
changed: [ctrl01] => (item={'key': 'keystone', 'value': {'container_name': 'keystone', 'group': 'keystone', 'enabled': True, 'image': 'quay.io/openstack.kolla/keystone:2025.1-ubuntu-noble', 'volumes': ['/etc/kolla/keystone/:/var/lib/kolla/config_files/:ro', '/etc/localtime:/etc/localtime:ro', '/etc/timezone:/etc/timezone:ro', '', 'kolla_logs:/var/log/kolla/', '/dev/shm:/dev/shm', 'keystone_fernet_tokens:/etc/keystone/fernet-keys'], 'dimensions': {'ulimits': {'nofile': {'soft': 1048576, 'hard': 1048576}}}, 'healthcheck': {'interval': '30', 'retries': '3', 'start_period': '5', 'test': ['CMD-SHELL', 'healthcheck_curl http://192.168.1.101:5000'], 'timeout': '30'}, 'haproxy': {'keystone_internal': {'enabled': True, 'mode': 'http', 'external': False, 'tls_backend': 'no', 'port': '5000', 'listen_port': '5000', 'backend_http_extra': ['balance roundrobin', 'option httpchk']}, 'keystone_external': {'enabled': True, 'mode': 'http', 'external': True, 'external_fqdn': '192.168.1.250', 'tls_backend': 'no', 'port': '5000', 'listen_port': '5000', 'backend_http_extra': ['balance roundrobin', 'option httpchk']}}}})
changed: [ctrl01] => (item={'key': 'keystone-ssh', 'value': {'container_name': 'keystone_ssh', 'group': 'keystone', 'enabled': True, 'image': 'quay.io/openstack.kolla/keystone-ssh:2025.1-ubuntu-noble', 'volumes': ['/etc/kolla/keystone-ssh/:/var/lib/kolla/config_files/:ro', '/etc/localtime:/etc/localtime:ro', '/etc/timezone:/etc/timezone:ro', 'kolla_logs:/var/log/kolla/', 'keystone_fernet_tokens:/etc/keystone/fernet-keys'], 'dimensions': {'ulimits': {'nofile': {'soft': 1048576, 'hard': 1048576}}}, 'healthcheck': {'interval': '30', 'retries': '3', 'start_period': '5', 'test': ['CMD-SHELL', 'healthcheck_listen sshd 8023'], 'timeout': '30'}}})
changed: [ctrl01] => (item={'key': 'keystone-fernet', 'value': {'container_name': 'keystone_fernet', 'group': 'keystone', 'enabled': True, 'image': 'quay.io/openstack.kolla/keystone-fernet:2025.1-ubuntu-noble', 'volumes': ['/etc/kolla/keystone-fernet/:/var/lib/kolla/config_files/:ro', '/etc/localtime:/etc/localtime:ro', '/etc/timezone:/etc/timezone:ro', 'kolla_logs:/var/log/kolla/', 'keystone_fernet_tokens:/etc/keystone/fernet-keys'], 'dimensions': {'ulimits': {'nofile': {'soft': 1048576, 'hard': 1048576}}}, 'healthcheck': {'interval': '30', 'retries': '3', 'start_period': '5', 'test': ['CMD-SHELL', '/usr/bin/fernet-healthcheck.sh'], 'timeout': '30'}}})

TASK [keystone : Check if policies shall be overwritten] ***********************
skipping: [ctrl01]

TASK [keystone : Set keystone policy file] *************************************
skipping: [ctrl01]

TASK [keystone : Check if Keystone domain-specific config is supplied] *********
ok: [ctrl01 -> localhost]

TASK [keystone : include_tasks] ************************************************
skipping: [ctrl01]

TASK [keystone : Copying over config.json files for services] ******************
changed: [ctrl01] => (item={'key': 'keystone', 'value': {'container_name': 'keystone', 'group': 'keystone', 'enabled': True, 'image': 'quay.io/openstack.kolla/keystone:2025.1-ubuntu-noble', 'volumes': ['/etc/kolla/keystone/:/var/lib/kolla/config_files/:ro', '/etc/localtime:/etc/localtime:ro', '/etc/timezone:/etc/timezone:ro', '', 'kolla_logs:/var/log/kolla/', '/dev/shm:/dev/shm', 'keystone_fernet_tokens:/etc/keystone/fernet-keys'], 'dimensions': {'ulimits': {'nofile': {'soft': 1048576, 'hard': 1048576}}}, 'healthcheck': {'interval': '30', 'retries': '3', 'start_period': '5', 'test': ['CMD-SHELL', 'healthcheck_curl http://192.168.1.101:5000'], 'timeout': '30'}, 'haproxy': {'keystone_internal': {'enabled': True, 'mode': 'http', 'external': False, 'tls_backend': 'no', 'port': '5000', 'listen_port': '5000', 'backend_http_extra': ['balance roundrobin', 'option httpchk']}, 'keystone_external': {'enabled': True, 'mode': 'http', 'external': True, 'external_fqdn': '192.168.1.250', 'tls_backend': 'no', 'port': '5000', 'listen_port': '5000', 'backend_http_extra': ['balance roundrobin', 'option httpchk']}}}})
changed: [ctrl01] => (item={'key': 'keystone-ssh', 'value': {'container_name': 'keystone_ssh', 'group': 'keystone', 'enabled': True, 'image': 'quay.io/openstack.kolla/keystone-ssh:2025.1-ubuntu-noble', 'volumes': ['/etc/kolla/keystone-ssh/:/var/lib/kolla/config_files/:ro', '/etc/localtime:/etc/localtime:ro', '/etc/timezone:/etc/timezone:ro', 'kolla_logs:/var/log/kolla/', 'keystone_fernet_tokens:/etc/keystone/fernet-keys'], 'dimensions': {'ulimits': {'nofile': {'soft': 1048576, 'hard': 1048576}}}, 'healthcheck': {'interval': '30', 'retries': '3', 'start_period': '5', 'test': ['CMD-SHELL', 'healthcheck_listen sshd 8023'], 'timeout': '30'}}})
changed: [ctrl01] => (item={'key': 'keystone-fernet', 'value': {'container_name': 'keystone_fernet', 'group': 'keystone', 'enabled': True, 'image': 'quay.io/openstack.kolla/keystone-fernet:2025.1-ubuntu-noble', 'volumes': ['/etc/kolla/keystone-fernet/:/var/lib/kolla/config_files/:ro', '/etc/localtime:/etc/localtime:ro', '/etc/timezone:/etc/timezone:ro', 'kolla_logs:/var/log/kolla/', 'keystone_fernet_tokens:/etc/keystone/fernet-keys'], 'dimensions': {'ulimits': {'nofile': {'soft': 1048576, 'hard': 1048576}}}, 'healthcheck': {'interval': '30', 'retries': '3', 'start_period': '5', 'test': ['CMD-SHELL', '/usr/bin/fernet-healthcheck.sh'], 'timeout': '30'}}})

TASK [keystone : Copying over keystone.conf] ***********************************
changed: [ctrl01] => (item={'key': 'keystone', 'value': {'container_name': 'keystone', 'group': 'keystone', 'enabled': True, 'image': 'quay.io/openstack.kolla/keystone:2025.1-ubuntu-noble', 'volumes': ['/etc/kolla/keystone/:/var/lib/kolla/config_files/:ro', '/etc/localtime:/etc/localtime:ro', '/etc/timezone:/etc/timezone:ro', '', 'kolla_logs:/var/log/kolla/', '/dev/shm:/dev/shm', 'keystone_fernet_tokens:/etc/keystone/fernet-keys'], 'dimensions': {'ulimits': {'nofile': {'soft': 1048576, 'hard': 1048576}}}, 'healthcheck': {'interval': '30', 'retries': '3', 'start_period': '5', 'test': ['CMD-SHELL', 'healthcheck_curl http://192.168.1.101:5000'], 'timeout': '30'}, 'haproxy': {'keystone_internal': {'enabled': True, 'mode': 'http', 'external': False, 'tls_backend': 'no', 'port': '5000', 'listen_port': '5000', 'backend_http_extra': ['balance roundrobin', 'option httpchk']}, 'keystone_external': {'enabled': True, 'mode': 'http', 'external': True, 'external_fqdn': '192.168.1.250', 'tls_backend': 'no', 'port': '5000', 'listen_port': '5000', 'backend_http_extra': ['balance roundrobin', 'option httpchk']}}}})
skipping: [ctrl01] => (item={'key': 'keystone-ssh', 'value': {'container_name': 'keystone_ssh', 'group': 'keystone', 'enabled': True, 'image': 'quay.io/openstack.kolla/keystone-ssh:2025.1-ubuntu-noble', 'volumes': ['/etc/kolla/keystone-ssh/:/var/lib/kolla/config_files/:ro', '/etc/localtime:/etc/localtime:ro', '/etc/timezone:/etc/timezone:ro', 'kolla_logs:/var/log/kolla/', 'keystone_fernet_tokens:/etc/keystone/fernet-keys'], 'dimensions': {'ulimits': {'nofile': {'soft': 1048576, 'hard': 1048576}}}, 'healthcheck': {'interval': '30', 'retries': '3', 'start_period': '5', 'test': ['CMD-SHELL', 'healthcheck_listen sshd 8023'], 'timeout': '30'}}}) 
changed: [ctrl01] => (item={'key': 'keystone-fernet', 'value': {'container_name': 'keystone_fernet', 'group': 'keystone', 'enabled': True, 'image': 'quay.io/openstack.kolla/keystone-fernet:2025.1-ubuntu-noble', 'volumes': ['/etc/kolla/keystone-fernet/:/var/lib/kolla/config_files/:ro', '/etc/localtime:/etc/localtime:ro', '/etc/timezone:/etc/timezone:ro', 'kolla_logs:/var/log/kolla/', 'keystone_fernet_tokens:/etc/keystone/fernet-keys'], 'dimensions': {'ulimits': {'nofile': {'soft': 1048576, 'hard': 1048576}}}, 'healthcheck': {'interval': '30', 'retries': '3', 'start_period': '5', 'test': ['CMD-SHELL', '/usr/bin/fernet-healthcheck.sh'], 'timeout': '30'}}})

TASK [keystone : Copying keystone-startup script for keystone] *****************
changed: [ctrl01]

TASK [keystone : Create Keystone domain-specific config directory] *************
skipping: [ctrl01]

TASK [keystone : Get file list in custom domains folder] ***********************
skipping: [ctrl01]

TASK [keystone : Copying Keystone Domain specific settings] ********************
skipping: [ctrl01]

TASK [keystone : Copying over existing policy file] ****************************
skipping: [ctrl01] => (item={'key': 'keystone', 'value': {'container_name': 'keystone', 'group': 'keystone', 'enabled': True, 'image': 'quay.io/openstack.kolla/keystone:2025.1-ubuntu-noble', 'volumes': ['/etc/kolla/keystone/:/var/lib/kolla/config_files/:ro', '/etc/localtime:/etc/localtime:ro', '/etc/timezone:/etc/timezone:ro', '', 'kolla_logs:/var/log/kolla/', '/dev/shm:/dev/shm', 'keystone_fernet_tokens:/etc/keystone/fernet-keys'], 'dimensions': {'ulimits': {'nofile': {'soft': 1048576, 'hard': 1048576}}}, 'healthcheck': {'interval': '30', 'retries': '3', 'start_period': '5', 'test': ['CMD-SHELL', 'healthcheck_curl http://192.168.1.101:5000'], 'timeout': '30'}, 'haproxy': {'keystone_internal': {'enabled': True, 'mode': 'http', 'external': False, 'tls_backend': 'no', 'port': '5000', 'listen_port': '5000', 'backend_http_extra': ['balance roundrobin', 'option httpchk']}, 'keystone_external': {'enabled': True, 'mode': 'http', 'external': True, 'external_fqdn': '192.168.1.250', 'tls_backend': 'no', 'port': '5000', 'listen_port': '5000', 'backend_http_extra': ['balance roundrobin', 'option httpchk']}}}}) 
skipping: [ctrl01] => (item={'key': 'keystone-ssh', 'value': {'container_name': 'keystone_ssh', 'group': 'keystone', 'enabled': True, 'image': 'quay.io/openstack.kolla/keystone-ssh:2025.1-ubuntu-noble', 'volumes': ['/etc/kolla/keystone-ssh/:/var/lib/kolla/config_files/:ro', '/etc/localtime:/etc/localtime:ro', '/etc/timezone:/etc/timezone:ro', 'kolla_logs:/var/log/kolla/', 'keystone_fernet_tokens:/etc/keystone/fernet-keys'], 'dimensions': {'ulimits': {'nofile': {'soft': 1048576, 'hard': 1048576}}}, 'healthcheck': {'interval': '30', 'retries': '3', 'start_period': '5', 'test': ['CMD-SHELL', 'healthcheck_listen sshd 8023'], 'timeout': '30'}}}) 
skipping: [ctrl01] => (item={'key': 'keystone-fernet', 'value': {'container_name': 'keystone_fernet', 'group': 'keystone', 'enabled': True, 'image': 'quay.io/openstack.kolla/keystone-fernet:2025.1-ubuntu-noble', 'volumes': ['/etc/kolla/keystone-fernet/:/var/lib/kolla/config_files/:ro', '/etc/localtime:/etc/localtime:ro', '/etc/timezone:/etc/timezone:ro', 'kolla_logs:/var/log/kolla/', 'keystone_fernet_tokens:/etc/keystone/fernet-keys'], 'dimensions': {'ulimits': {'nofile': {'soft': 1048576, 'hard': 1048576}}}, 'healthcheck': {'interval': '30', 'retries': '3', 'start_period': '5', 'test': ['CMD-SHELL', '/usr/bin/fernet-healthcheck.sh'], 'timeout': '30'}}}) 
skipping: [ctrl01]

TASK [keystone : include_tasks] ************************************************
skipping: [ctrl01]

TASK [keystone : Copying over wsgi-keystone.conf] ******************************
changed: [ctrl01] => (item=/opt/kolla-venv/share/kolla-ansible/ansible/roles/keystone/templates/wsgi-keystone.conf.j2)

TASK [keystone : Checking whether keystone-paste.ini file exists] **************
ok: [ctrl01 -> localhost]

TASK [keystone : Copying over keystone-paste.ini] ******************************
skipping: [ctrl01]

TASK [keystone : Generate the required cron jobs for the node] *****************
ok: [ctrl01 -> localhost]

TASK [keystone : Set fact with the generated cron jobs for building the crontab later] ***
ok: [ctrl01]

TASK [keystone : Copying files for keystone-fernet] ****************************
changed: [ctrl01] => (item={'src': 'crontab.j2', 'dest': 'crontab'})
changed: [ctrl01] => (item={'src': 'fernet-rotate.sh.j2', 'dest': 'fernet-rotate.sh'})
changed: [ctrl01] => (item={'src': 'fernet-node-sync.sh.j2', 'dest': 'fernet-node-sync.sh'})
changed: [ctrl01] => (item={'src': 'fernet-push.sh.j2', 'dest': 'fernet-push.sh'})
changed: [ctrl01] => (item={'src': 'fernet-healthcheck.sh.j2', 'dest': 'fernet-healthcheck.sh'})
changed: [ctrl01] => (item={'src': 'id_rsa', 'dest': 'id_rsa'})
changed: [ctrl01] => (item={'src': 'ssh_config.j2', 'dest': 'ssh_config'})

TASK [keystone : Copying files for keystone-ssh] *******************************
changed: [ctrl01] => (item={'src': 'sshd_config.j2', 'dest': 'sshd_config'})
changed: [ctrl01] => (item={'src': 'id_rsa.pub', 'dest': 'id_rsa.pub'})

TASK [service-check-containers : keystone | Check containers] ******************
changed: [ctrl01] => (item={'key': 'keystone', 'value': {'container_name': 'keystone', 'group': 'keystone', 'enabled': True, 'image': 'quay.io/openstack.kolla/keystone:2025.1-ubuntu-noble', 'volumes': ['/etc/kolla/keystone/:/var/lib/kolla/config_files/:ro', '/etc/localtime:/etc/localtime:ro', '/etc/timezone:/etc/timezone:ro', '', 'kolla_logs:/var/log/kolla/', '/dev/shm:/dev/shm', 'keystone_fernet_tokens:/etc/keystone/fernet-keys'], 'dimensions': {'ulimits': {'nofile': {'soft': 1048576, 'hard': 1048576}}}, 'healthcheck': {'interval': '30', 'retries': '3', 'start_period': '5', 'test': ['CMD-SHELL', 'healthcheck_curl http://192.168.1.101:5000'], 'timeout': '30'}, 'haproxy': {'keystone_internal': {'enabled': True, 'mode': 'http', 'external': False, 'tls_backend': 'no', 'port': '5000', 'listen_port': '5000', 'backend_http_extra': ['balance roundrobin', 'option httpchk']}, 'keystone_external': {'enabled': True, 'mode': 'http', 'external': True, 'external_fqdn': '192.168.1.250', 'tls_backend': 'no', 'port': '5000', 'listen_port': '5000', 'backend_http_extra': ['balance roundrobin', 'option httpchk']}}}})
changed: [ctrl01] => (item={'key': 'keystone-ssh', 'value': {'container_name': 'keystone_ssh', 'group': 'keystone', 'enabled': True, 'image': 'quay.io/openstack.kolla/keystone-ssh:2025.1-ubuntu-noble', 'volumes': ['/etc/kolla/keystone-ssh/:/var/lib/kolla/config_files/:ro', '/etc/localtime:/etc/localtime:ro', '/etc/timezone:/etc/timezone:ro', 'kolla_logs:/var/log/kolla/', 'keystone_fernet_tokens:/etc/keystone/fernet-keys'], 'dimensions': {'ulimits': {'nofile': {'soft': 1048576, 'hard': 1048576}}}, 'healthcheck': {'interval': '30', 'retries': '3', 'start_period': '5', 'test': ['CMD-SHELL', 'healthcheck_listen sshd 8023'], 'timeout': '30'}}})
changed: [ctrl01] => (item={'key': 'keystone-fernet', 'value': {'container_name': 'keystone_fernet', 'group': 'keystone', 'enabled': True, 'image': 'quay.io/openstack.kolla/keystone-fernet:2025.1-ubuntu-noble', 'volumes': ['/etc/kolla/keystone-fernet/:/var/lib/kolla/config_files/:ro', '/etc/localtime:/etc/localtime:ro', '/etc/timezone:/etc/timezone:ro', 'kolla_logs:/var/log/kolla/', 'keystone_fernet_tokens:/etc/keystone/fernet-keys'], 'dimensions': {'ulimits': {'nofile': {'soft': 1048576, 'hard': 1048576}}}, 'healthcheck': {'interval': '30', 'retries': '3', 'start_period': '5', 'test': ['CMD-SHELL', '/usr/bin/fernet-healthcheck.sh'], 'timeout': '30'}}})

TASK [service-check-containers : keystone | Notify handlers to restart containers] ***
changed: [ctrl01] => {
    "msg": "Notifying handlers"
}

TASK [service-check-containers : Include tasks] ********************************
skipping: [ctrl01] => (item={'key': 'keystone', 'value': {'container_name': 'keystone', 'group': 'keystone', 'enabled': True, 'image': 'quay.io/openstack.kolla/keystone:2025.1-ubuntu-noble', 'volumes': ['/etc/kolla/keystone/:/var/lib/kolla/config_files/:ro', '/etc/localtime:/etc/localtime:ro', '/etc/timezone:/etc/timezone:ro', '', 'kolla_logs:/var/log/kolla/', '/dev/shm:/dev/shm', 'keystone_fernet_tokens:/etc/keystone/fernet-keys'], 'dimensions': {'ulimits': {'nofile': {'soft': 1048576, 'hard': 1048576}}}, 'healthcheck': {'interval': '30', 'retries': '3', 'start_period': '5', 'test': ['CMD-SHELL', 'healthcheck_curl http://192.168.1.101:5000'], 'timeout': '30'}, 'haproxy': {'keystone_internal': {'enabled': True, 'mode': 'http', 'external': False, 'tls_backend': 'no', 'port': '5000', 'listen_port': '5000', 'backend_http_extra': ['balance roundrobin', 'option httpchk']}, 'keystone_external': {'enabled': True, 'mode': 'http', 'external': True, 'external_fqdn': '192.168.1.250', 'tls_backend': 'no', 'port': '5000', 'listen_port': '5000', 'backend_http_extra': ['balance roundrobin', 'option httpchk']}}}}) 
skipping: [ctrl01] => (item={'key': 'keystone-ssh', 'value': {'container_name': 'keystone_ssh', 'group': 'keystone', 'enabled': True, 'image': 'quay.io/openstack.kolla/keystone-ssh:2025.1-ubuntu-noble', 'volumes': ['/etc/kolla/keystone-ssh/:/var/lib/kolla/config_files/:ro', '/etc/localtime:/etc/localtime:ro', '/etc/timezone:/etc/timezone:ro', 'kolla_logs:/var/log/kolla/', 'keystone_fernet_tokens:/etc/keystone/fernet-keys'], 'dimensions': {'ulimits': {'nofile': {'soft': 1048576, 'hard': 1048576}}}, 'healthcheck': {'interval': '30', 'retries': '3', 'start_period': '5', 'test': ['CMD-SHELL', 'healthcheck_listen sshd 8023'], 'timeout': '30'}}}) 
skipping: [ctrl01] => (item={'key': 'keystone-fernet', 'value': {'container_name': 'keystone_fernet', 'group': 'keystone', 'enabled': True, 'image': 'quay.io/openstack.kolla/keystone-fernet:2025.1-ubuntu-noble', 'volumes': ['/etc/kolla/keystone-fernet/:/var/lib/kolla/config_files/:ro', '/etc/localtime:/etc/localtime:ro', '/etc/timezone:/etc/timezone:ro', 'kolla_logs:/var/log/kolla/', 'keystone_fernet_tokens:/etc/keystone/fernet-keys'], 'dimensions': {'ulimits': {'nofile': {'soft': 1048576, 'hard': 1048576}}}, 'healthcheck': {'interval': '30', 'retries': '3', 'start_period': '5', 'test': ['CMD-SHELL', '/usr/bin/fernet-healthcheck.sh'], 'timeout': '30'}}}) 
skipping: [ctrl01]

TASK [keystone : include_tasks] ************************************************
skipping: [ctrl01]

TASK [keystone : Creating keystone database] ***********************************
changed: [ctrl01]

TASK [keystone : Creating Keystone database user and setting permissions] ******
changed: [ctrl01]

TASK [keystone : Checking for any running keystone_fernet containers] **********
ok: [ctrl01]

TASK [keystone : Group nodes where keystone_fernet is running] *****************
ok: [ctrl01]

TASK [keystone : Fail if any hosts need bootstrapping and not all hosts targeted] ***
skipping: [ctrl01]

TASK [keystone : Running Keystone bootstrap container] *************************
changed: [ctrl01]

TASK [keystone : Running Keystone fernet bootstrap container] ******************
changed: [ctrl01]

TASK [keystone : Flush handlers] ***********************************************

RUNNING HANDLER [keystone : Restart keystone-ssh container] ********************
changed: [ctrl01]

RUNNING HANDLER [keystone : Restart keystone-fernet container] *****************
changed: [ctrl01]

RUNNING HANDLER [keystone : Restart keystone container] ************************
changed: [ctrl01]

TASK [keystone : include_tasks] ************************************************
included: /opt/kolla-venv/share/kolla-ansible/ansible/roles/keystone/tasks/distribute_fernet.yml for ctrl01

TASK [keystone : Waiting for Keystone SSH port to be UP] ***********************
ok: [ctrl01]

TASK [keystone : Run key distribution] *****************************************
changed: [ctrl01]

TASK [keystone : Creating admin project, user, role, service, and endpoint] ****
changed: [ctrl01] => (item=RegionOne)

TASK [service-ks-register : keystone | Creating/deleting services] *************
FAILED - RETRYING: [ctrl01]: keystone | Creating/deleting services (5 retries left).
changed: [ctrl01] => (item=keystone (identity))

TASK [service-ks-register : keystone | Creating/deleting endpoints] ************
ok: [ctrl01] => (item=keystone -> http://192.168.1.250:5000 -> internal)
ok: [ctrl01] => (item=keystone -> http://192.168.1.250:5000 -> public)

TASK [service-ks-register : keystone | Creating projects] **********************
skipping: [ctrl01]

TASK [service-ks-register : keystone | Creating users] *************************
skipping: [ctrl01]

TASK [service-ks-register : keystone | Creating roles] *************************
skipping: [ctrl01]

TASK [service-ks-register : keystone | Granting/revoking user roles] ***********
skipping: [ctrl01]

TASK [keystone : Creating default user role] ***********************************
ok: [ctrl01]

TASK [keystone : include_tasks] ************************************************
[WARNING]: Could not match supplied host pattern, ignoring:
enable_opensearch_True
[WARNING]: Could not match supplied host pattern, ignoring:
enable_ceph_rgw_True
skipping: [ctrl01]

PLAY [Apply role opensearch] ***************************************************
skipping: no hosts matched

PLAY [Apply role ceph-rgw] *****************************************************
skipping: no hosts matched

PLAY [Apply role glance] *******************************************************

TASK [glance : include_tasks] **************************************************
included: /opt/kolla-venv/share/kolla-ansible/ansible/roles/glance/tasks/deploy.yml for ctrl01

TASK [service-ks-register : glance | Creating/deleting services] ***************
changed: [ctrl01] => (item=glance (image))

TASK [service-ks-register : glance | Creating/deleting endpoints] **************
changed: [ctrl01] => (item=glance -> http://192.168.1.250:9292 -> internal)
changed: [ctrl01] => (item=glance -> http://192.168.1.250:9292 -> public)

TASK [service-ks-register : glance | Creating projects] ************************
changed: [ctrl01] => (item=service)

TASK [service-ks-register : glance | Creating users] ***************************
[WARNING]: Module did not set no_log for update_password
changed: [ctrl01] => (item=glance -> service)

TASK [service-ks-register : glance | Creating roles] ***************************
ok: [ctrl01] => (item=admin)

TASK [service-ks-register : glance | Granting/revoking user roles] *************
changed: [ctrl01] => (item=glance -> service -> admin)

TASK [glance : Ensuring config directories exist] ******************************
changed: [ctrl01] => (item={'key': 'glance-api', 'value': {'container_name': 'glance_api', 'group': 'glance-api', 'host_in_groups': True, 'enabled': True, 'image': 'quay.io/openstack.kolla/glance-api:2025.1-ubuntu-noble', 'environment': {'http_proxy': '', 'https_proxy': '', 'no_proxy': 'localhost,127.0.0.1,192.168.1.101,192.168.1.250'}, 'privileged': False, 'volumes': ['/etc/kolla/glance-api/:/var/lib/kolla/config_files/:ro', '/etc/localtime:/etc/localtime:ro', '/etc/timezone:/etc/timezone:ro', 'glance:/var/lib/glance/', '', 'kolla_logs:/var/log/kolla/', '/dev/shm:/dev/shm', '', ''], 'dimensions': {'ulimits': {'nofile': {'soft': 1048576, 'hard': 1048576}}}, 'healthcheck': {'interval': '30', 'retries': '3', 'start_period': '5', 'test': ['CMD-SHELL', 'healthcheck_curl http://192.168.1.101:9292'], 'timeout': '30'}, 'haproxy': {'glance_api': {'enabled': True, 'mode': 'http', 'external': False, 'port': '9292', 'frontend_http_extra': ['timeout client 6h'], 'backend_http_extra': ['timeout server 6h', 'option httpchk'], 'custom_member_list': ['server ctrl01 192.168.1.101:9292 check inter 2000 rise 2 fall 5', '']}, 'glance_api_external': {'enabled': True, 'mode': 'http', 'external': True, 'external_fqdn': '192.168.1.250', 'port': '9292', 'frontend_http_extra': ['timeout client 6h'], 'backend_http_extra': ['timeout server 6h', 'option httpchk'], 'custom_member_list': ['server ctrl01 192.168.1.101:9292 check inter 2000 rise 2 fall 5', '']}}}})

TASK [glance : include_tasks] **************************************************
skipping: [ctrl01]

TASK [glance : Check if policies shall be overwritten] *************************
skipping: [ctrl01]

TASK [glance : Set glance policy file] *****************************************
skipping: [ctrl01]

TASK [glance : include_tasks] **************************************************
skipping: [ctrl01]

TASK [glance : Creating TLS backend PEM File] **********************************
skipping: [ctrl01]

TASK [glance : Copying over config.json files for services] ********************
changed: [ctrl01] => (item={'key': 'glance-api', 'value': {'container_name': 'glance_api', 'group': 'glance-api', 'host_in_groups': True, 'enabled': True, 'image': 'quay.io/openstack.kolla/glance-api:2025.1-ubuntu-noble', 'environment': {'http_proxy': '', 'https_proxy': '', 'no_proxy': 'localhost,127.0.0.1,192.168.1.101,192.168.1.250'}, 'privileged': False, 'volumes': ['/etc/kolla/glance-api/:/var/lib/kolla/config_files/:ro', '/etc/localtime:/etc/localtime:ro', '/etc/timezone:/etc/timezone:ro', 'glance:/var/lib/glance/', '', 'kolla_logs:/var/log/kolla/', '/dev/shm:/dev/shm', '', ''], 'dimensions': {'ulimits': {'nofile': {'soft': 1048576, 'hard': 1048576}}}, 'healthcheck': {'interval': '30', 'retries': '3', 'start_period': '5', 'test': ['CMD-SHELL', 'healthcheck_curl http://192.168.1.101:9292'], 'timeout': '30'}, 'haproxy': {'glance_api': {'enabled': True, 'mode': 'http', 'external': False, 'port': '9292', 'frontend_http_extra': ['timeout client 6h'], 'backend_http_extra': ['timeout server 6h', 'option httpchk'], 'custom_member_list': ['server ctrl01 192.168.1.101:9292 check inter 2000 rise 2 fall 5', '']}, 'glance_api_external': {'enabled': True, 'mode': 'http', 'external': True, 'external_fqdn': '192.168.1.250', 'port': '9292', 'frontend_http_extra': ['timeout client 6h'], 'backend_http_extra': ['timeout server 6h', 'option httpchk'], 'custom_member_list': ['server ctrl01 192.168.1.101:9292 check inter 2000 rise 2 fall 5', '']}}}})

TASK [glance : Copying over glance-api.conf] ***********************************
changed: [ctrl01]

TASK [glance : Copying over glance-cache.conf for glance_api] ******************
skipping: [ctrl01]

TASK [glance : Copying over glance-image-import.conf] **************************
skipping: [ctrl01]

TASK [glance : Copying over property-protections-rules.conf] *******************
skipping: [ctrl01]

TASK [glance : Copying over existing policy file] ******************************
skipping: [ctrl01]

TASK [glance : Copying over glance-haproxy-tls.cfg] ****************************
skipping: [ctrl01] => (item=/opt/kolla-venv/share/kolla-ansible/ansible/roles/glance/templates/glance-tls-proxy.cfg.j2) 
skipping: [ctrl01]

TASK [service-check-containers : glance | Check containers] ********************
changed: [ctrl01] => (item={'key': 'glance-api', 'value': {'container_name': 'glance_api', 'group': 'glance-api', 'host_in_groups': True, 'enabled': True, 'image': 'quay.io/openstack.kolla/glance-api:2025.1-ubuntu-noble', 'environment': {'http_proxy': '', 'https_proxy': '', 'no_proxy': 'localhost,127.0.0.1,192.168.1.101,192.168.1.250'}, 'privileged': False, 'volumes': ['/etc/kolla/glance-api/:/var/lib/kolla/config_files/:ro', '/etc/localtime:/etc/localtime:ro', '/etc/timezone:/etc/timezone:ro', 'glance:/var/lib/glance/', '', 'kolla_logs:/var/log/kolla/', '/dev/shm:/dev/shm', '', ''], 'dimensions': {'ulimits': {'nofile': {'soft': 1048576, 'hard': 1048576}}}, 'healthcheck': {'interval': '30', 'retries': '3', 'start_period': '5', 'test': ['CMD-SHELL', 'healthcheck_curl http://192.168.1.101:9292'], 'timeout': '30'}, 'haproxy': {'glance_api': {'enabled': True, 'mode': 'http', 'external': False, 'port': '9292', 'frontend_http_extra': ['timeout client 6h'], 'backend_http_extra': ['timeout server 6h', 'option httpchk'], 'custom_member_list': ['server ctrl01 192.168.1.101:9292 check inter 2000 rise 2 fall 5', '']}, 'glance_api_external': {'enabled': True, 'mode': 'http', 'external': True, 'external_fqdn': '192.168.1.250', 'port': '9292', 'frontend_http_extra': ['timeout client 6h'], 'backend_http_extra': ['timeout server 6h', 'option httpchk'], 'custom_member_list': ['server ctrl01 192.168.1.101:9292 check inter 2000 rise 2 fall 5', '']}}}})

TASK [service-check-containers : glance | Notify handlers to restart containers] ***
changed: [ctrl01] => {
    "msg": "Notifying handlers"
}

TASK [service-check-containers : Include tasks] ********************************
skipping: [ctrl01] => (item={'key': 'glance-api', 'value': {'container_name': 'glance_api', 'group': 'glance-api', 'host_in_groups': True, 'enabled': True, 'image': 'quay.io/openstack.kolla/glance-api:2025.1-ubuntu-noble', 'environment': {'http_proxy': '', 'https_proxy': '', 'no_proxy': 'localhost,127.0.0.1,192.168.1.101,192.168.1.250'}, 'privileged': False, 'volumes': ['/etc/kolla/glance-api/:/var/lib/kolla/config_files/:ro', '/etc/localtime:/etc/localtime:ro', '/etc/timezone:/etc/timezone:ro', 'glance:/var/lib/glance/', '', 'kolla_logs:/var/log/kolla/', '/dev/shm:/dev/shm', '', ''], 'dimensions': {'ulimits': {'nofile': {'soft': 1048576, 'hard': 1048576}}}, 'healthcheck': {'interval': '30', 'retries': '3', 'start_period': '5', 'test': ['CMD-SHELL', 'healthcheck_curl http://192.168.1.101:9292'], 'timeout': '30'}, 'haproxy': {'glance_api': {'enabled': True, 'mode': 'http', 'external': False, 'port': '9292', 'frontend_http_extra': ['timeout client 6h'], 'backend_http_extra': ['timeout server 6h', 'option httpchk'], 'custom_member_list': ['server ctrl01 192.168.1.101:9292 check inter 2000 rise 2 fall 5', '']}, 'glance_api_external': {'enabled': True, 'mode': 'http', 'external': True, 'external_fqdn': '192.168.1.250', 'port': '9292', 'frontend_http_extra': ['timeout client 6h'], 'backend_http_extra': ['timeout server 6h', 'option httpchk'], 'custom_member_list': ['server ctrl01 192.168.1.101:9292 check inter 2000 rise 2 fall 5', '']}}}}) 
skipping: [ctrl01]

TASK [glance : include_tasks] **************************************************
skipping: [ctrl01]

TASK [glance : Creating Glance database] ***************************************
changed: [ctrl01]

TASK [glance : Creating Glance database user and setting permissions] **********
changed: [ctrl01]

TASK [glance : Enable log_bin_trust_function_creators function] ****************
changed: [ctrl01]

TASK [glance : Running Glance bootstrap container] *****************************
changed: [ctrl01]

TASK [glance : Disable log_bin_trust_function_creators function] ***************
changed: [ctrl01]

TASK [glance : Flush handlers] *************************************************

RUNNING HANDLER [glance : Restart glance-api container] ************************
[WARNING]: Could not match supplied host pattern, ignoring: enable_ironic_True
[WARNING]: Could not match supplied host pattern, ignoring: enable_cinder_True
changed: [ctrl01]

PLAY [Apply role ironic] *******************************************************
skipping: no hosts matched

PLAY [Apply role cinder] *******************************************************
skipping: no hosts matched

PLAY [Apply role placement] ****************************************************

TASK [placement : include_tasks] ***********************************************
included: /opt/kolla-venv/share/kolla-ansible/ansible/roles/placement/tasks/deploy.yml for ctrl01

TASK [service-ks-register : placement | Creating/deleting services] ************
changed: [ctrl01] => (item=placement (placement))

TASK [service-ks-register : placement | Creating/deleting endpoints] ***********
changed: [ctrl01] => (item=placement -> http://192.168.1.250:8780 -> internal)
changed: [ctrl01] => (item=placement -> http://192.168.1.250:8780 -> public)

TASK [service-ks-register : placement | Creating projects] *********************
ok: [ctrl01] => (item=service)

TASK [service-ks-register : placement | Creating users] ************************
changed: [ctrl01] => (item=placement -> service)

TASK [service-ks-register : placement | Creating roles] ************************
ok: [ctrl01] => (item=admin)

TASK [service-ks-register : placement | Granting/revoking user roles] **********
changed: [ctrl01] => (item=placement -> service -> admin)

TASK [placement : include_tasks] ***********************************************
skipping: [ctrl01]

TASK [placement : Ensuring config directories exist] ***************************
changed: [ctrl01] => (item={'key': 'placement-api', 'value': {'container_name': 'placement_api', 'group': 'placement-api', 'image': 'quay.io/openstack.kolla/placement-api:2025.1-ubuntu-noble', 'enabled': True, 'volumes': ['/etc/kolla/placement-api/:/var/lib/kolla/config_files/:ro', '/etc/localtime:/etc/localtime:ro', '/etc/timezone:/etc/timezone:ro', 'kolla_logs:/var/log/kolla/', ''], 'dimensions': {'ulimits': {'nofile': {'soft': 1048576, 'hard': 1048576}}}, 'healthcheck': {'interval': '30', 'retries': '3', 'start_period': '5', 'test': ['CMD-SHELL', 'healthcheck_curl http://192.168.1.101:8780'], 'timeout': '30'}, 'wsgi': 'placement.wsgi.api:application', 'haproxy': {'placement_api': {'enabled': True, 'mode': 'http', 'external': False, 'port': '8780', 'listen_port': '8780', 'tls_backend': 'no', 'backend_http_extra': ['option httpchk GET /']}, 'placement_api_external': {'enabled': True, 'mode': 'http', 'external': True, 'external_fqdn': '192.168.1.250', 'port': '8780', 'listen_port': '8780', 'tls_backend': 'no', 'backend_http_extra': ['option httpchk GET /']}}}})

TASK [placement : Check if policies shall be overwritten] **********************
skipping: [ctrl01]

TASK [placement : Set placement policy file] ***********************************
skipping: [ctrl01]

TASK [placement : include_tasks] ***********************************************
skipping: [ctrl01]

TASK [placement : Copying over config.json files for services] *****************
changed: [ctrl01] => (item={'key': 'placement-api', 'value': {'container_name': 'placement_api', 'group': 'placement-api', 'image': 'quay.io/openstack.kolla/placement-api:2025.1-ubuntu-noble', 'enabled': True, 'volumes': ['/etc/kolla/placement-api/:/var/lib/kolla/config_files/:ro', '/etc/localtime:/etc/localtime:ro', '/etc/timezone:/etc/timezone:ro', 'kolla_logs:/var/log/kolla/', ''], 'dimensions': {'ulimits': {'nofile': {'soft': 1048576, 'hard': 1048576}}}, 'healthcheck': {'interval': '30', 'retries': '3', 'start_period': '5', 'test': ['CMD-SHELL', 'healthcheck_curl http://192.168.1.101:8780'], 'timeout': '30'}, 'wsgi': 'placement.wsgi.api:application', 'haproxy': {'placement_api': {'enabled': True, 'mode': 'http', 'external': False, 'port': '8780', 'listen_port': '8780', 'tls_backend': 'no', 'backend_http_extra': ['option httpchk GET /']}, 'placement_api_external': {'enabled': True, 'mode': 'http', 'external': True, 'external_fqdn': '192.168.1.250', 'port': '8780', 'listen_port': '8780', 'tls_backend': 'no', 'backend_http_extra': ['option httpchk GET /']}}}})

TASK [placement : Copying over placement.conf] *********************************
changed: [ctrl01] => (item={'key': 'placement-api', 'value': {'container_name': 'placement_api', 'group': 'placement-api', 'image': 'quay.io/openstack.kolla/placement-api:2025.1-ubuntu-noble', 'enabled': True, 'volumes': ['/etc/kolla/placement-api/:/var/lib/kolla/config_files/:ro', '/etc/localtime:/etc/localtime:ro', '/etc/timezone:/etc/timezone:ro', 'kolla_logs:/var/log/kolla/', ''], 'dimensions': {'ulimits': {'nofile': {'soft': 1048576, 'hard': 1048576}}}, 'healthcheck': {'interval': '30', 'retries': '3', 'start_period': '5', 'test': ['CMD-SHELL', 'healthcheck_curl http://192.168.1.101:8780'], 'timeout': '30'}, 'wsgi': 'placement.wsgi.api:application', 'haproxy': {'placement_api': {'enabled': True, 'mode': 'http', 'external': False, 'port': '8780', 'listen_port': '8780', 'tls_backend': 'no', 'backend_http_extra': ['option httpchk GET /']}, 'placement_api_external': {'enabled': True, 'mode': 'http', 'external': True, 'external_fqdn': '192.168.1.250', 'port': '8780', 'listen_port': '8780', 'tls_backend': 'no', 'backend_http_extra': ['option httpchk GET /']}}}})

TASK [placement : Copying over placement-api wsgi configuration] ***************
skipping: [ctrl01] => (item=/opt/kolla-venv/share/kolla-ansible/ansible/roles/placement/templates/placement-api-wsgi.conf.j2) 
skipping: [ctrl01]

TASK [Configure uWSGI for Placement] *******************************************
included: service-uwsgi-config for ctrl01

TASK [service-uwsgi-config : Copying over placement-api uWSGI config] **********
changed: [ctrl01]

TASK [placement : Copying over migrate-db.rc.j2 configuration] *****************
changed: [ctrl01]

TASK [placement : Copying over existing policy file] ***************************
skipping: [ctrl01] => (item={'key': 'placement-api', 'value': {'container_name': 'placement_api', 'group': 'placement-api', 'image': 'quay.io/openstack.kolla/placement-api:2025.1-ubuntu-noble', 'enabled': True, 'volumes': ['/etc/kolla/placement-api/:/var/lib/kolla/config_files/:ro', '/etc/localtime:/etc/localtime:ro', '/etc/timezone:/etc/timezone:ro', 'kolla_logs:/var/log/kolla/', ''], 'dimensions': {'ulimits': {'nofile': {'soft': 1048576, 'hard': 1048576}}}, 'healthcheck': {'interval': '30', 'retries': '3', 'start_period': '5', 'test': ['CMD-SHELL', 'healthcheck_curl http://192.168.1.101:8780'], 'timeout': '30'}, 'wsgi': 'placement.wsgi.api:application', 'haproxy': {'placement_api': {'enabled': True, 'mode': 'http', 'external': False, 'port': '8780', 'listen_port': '8780', 'tls_backend': 'no', 'backend_http_extra': ['option httpchk GET /']}, 'placement_api_external': {'enabled': True, 'mode': 'http', 'external': True, 'external_fqdn': '192.168.1.250', 'port': '8780', 'listen_port': '8780', 'tls_backend': 'no', 'backend_http_extra': ['option httpchk GET /']}}}}) 
skipping: [ctrl01]

TASK [service-check-containers : placement | Check containers] *****************
changed: [ctrl01] => (item={'key': 'placement-api', 'value': {'container_name': 'placement_api', 'group': 'placement-api', 'image': 'quay.io/openstack.kolla/placement-api:2025.1-ubuntu-noble', 'enabled': True, 'volumes': ['/etc/kolla/placement-api/:/var/lib/kolla/config_files/:ro', '/etc/localtime:/etc/localtime:ro', '/etc/timezone:/etc/timezone:ro', 'kolla_logs:/var/log/kolla/', ''], 'dimensions': {'ulimits': {'nofile': {'soft': 1048576, 'hard': 1048576}}}, 'healthcheck': {'interval': '30', 'retries': '3', 'start_period': '5', 'test': ['CMD-SHELL', 'healthcheck_curl http://192.168.1.101:8780'], 'timeout': '30'}, 'wsgi': 'placement.wsgi.api:application', 'haproxy': {'placement_api': {'enabled': True, 'mode': 'http', 'external': False, 'port': '8780', 'listen_port': '8780', 'tls_backend': 'no', 'backend_http_extra': ['option httpchk GET /']}, 'placement_api_external': {'enabled': True, 'mode': 'http', 'external': True, 'external_fqdn': '192.168.1.250', 'port': '8780', 'listen_port': '8780', 'tls_backend': 'no', 'backend_http_extra': ['option httpchk GET /']}}}})

TASK [service-check-containers : placement | Notify handlers to restart containers] ***
changed: [ctrl01] => {
    "msg": "Notifying handlers"
}

TASK [service-check-containers : Include tasks] ********************************
skipping: [ctrl01] => (item={'key': 'placement-api', 'value': {'container_name': 'placement_api', 'group': 'placement-api', 'image': 'quay.io/openstack.kolla/placement-api:2025.1-ubuntu-noble', 'enabled': True, 'volumes': ['/etc/kolla/placement-api/:/var/lib/kolla/config_files/:ro', '/etc/localtime:/etc/localtime:ro', '/etc/timezone:/etc/timezone:ro', 'kolla_logs:/var/log/kolla/', ''], 'dimensions': {'ulimits': {'nofile': {'soft': 1048576, 'hard': 1048576}}}, 'healthcheck': {'interval': '30', 'retries': '3', 'start_period': '5', 'test': ['CMD-SHELL', 'healthcheck_curl http://192.168.1.101:8780'], 'timeout': '30'}, 'wsgi': 'placement.wsgi.api:application', 'haproxy': {'placement_api': {'enabled': True, 'mode': 'http', 'external': False, 'port': '8780', 'listen_port': '8780', 'tls_backend': 'no', 'backend_http_extra': ['option httpchk GET /']}, 'placement_api_external': {'enabled': True, 'mode': 'http', 'external': True, 'external_fqdn': '192.168.1.250', 'port': '8780', 'listen_port': '8780', 'tls_backend': 'no', 'backend_http_extra': ['option httpchk GET /']}}}}) 
skipping: [ctrl01]

TASK [placement : Creating placement databases] ********************************
changed: [ctrl01]

TASK [placement : Creating placement databases user and setting permissions] ***
changed: [ctrl01]

TASK [placement : Running placement bootstrap container] ***********************
changed: [ctrl01]

TASK [placement : Flush handlers] **********************************************

RUNNING HANDLER [placement : Restart placement-api container] ******************
changed: [ctrl01]

PLAY [Apply role openvswitch] **************************************************

TASK [openvswitch : include_tasks] *********************************************
included: /opt/kolla-venv/share/kolla-ansible/ansible/roles/openvswitch/tasks/deploy.yml for ctrl01, comp01

TASK [module-load : Load modules] **********************************************
changed: [ctrl01] => (item=openvswitch)
changed: [comp01] => (item=openvswitch)

TASK [module-load : Persist modules via modules-load.d] ************************
changed: [ctrl01] => (item=openvswitch)
changed: [comp01] => (item=openvswitch)

TASK [module-load : Drop module persistence] ***********************************
skipping: [ctrl01] => (item=openvswitch) 
skipping: [ctrl01]
skipping: [comp01] => (item=openvswitch) 
skipping: [comp01]

TASK [openvswitch : Create /run/openvswitch directory on host] *****************
skipping: [ctrl01]
skipping: [comp01]

TASK [openvswitch : Ensuring config directories exist] *************************
changed: [ctrl01] => (item={'key': 'openvswitch-db-server', 'value': {'container_name': 'openvswitch_db', 'image': 'quay.io/openstack.kolla/openvswitch-db-server:2025.1-ubuntu-noble', 'enabled': True, 'group': 'openvswitch', 'host_in_groups': True, 'volumes': ['/etc/kolla/openvswitch-db-server/:/var/lib/kolla/config_files/:ro', '/etc/localtime:/etc/localtime:ro', '/etc/timezone:/etc/timezone:ro', '/lib/modules:/lib/modules:ro', '/run/openvswitch:/run/openvswitch:shared', 'kolla_logs:/var/log/kolla/', 'openvswitch_db:/var/lib/openvswitch/'], 'dimensions': {'ulimits': {'nofile': {'soft': 1048576, 'hard': 1048576}}}, 'healthcheck': {'interval': '30', 'retries': '3', 'start_period': '5', 'test': ['CMD-SHELL', 'ovsdb-client list-dbs'], 'timeout': '30'}}})
changed: [comp01] => (item={'key': 'openvswitch-db-server', 'value': {'container_name': 'openvswitch_db', 'image': 'quay.io/openstack.kolla/openvswitch-db-server:2025.1-ubuntu-noble', 'enabled': True, 'group': 'openvswitch', 'host_in_groups': True, 'volumes': ['/etc/kolla/openvswitch-db-server/:/var/lib/kolla/config_files/:ro', '/etc/localtime:/etc/localtime:ro', '/etc/timezone:/etc/timezone:ro', '/lib/modules:/lib/modules:ro', '/run/openvswitch:/run/openvswitch:shared', 'kolla_logs:/var/log/kolla/', 'openvswitch_db:/var/lib/openvswitch/'], 'dimensions': {'ulimits': {'nofile': {'soft': 1048576, 'hard': 1048576}}}, 'healthcheck': {'interval': '30', 'retries': '3', 'start_period': '5', 'test': ['CMD-SHELL', 'ovsdb-client list-dbs'], 'timeout': '30'}}})
changed: [ctrl01] => (item={'key': 'openvswitch-vswitchd', 'value': {'container_name': 'openvswitch_vswitchd', 'image': 'quay.io/openstack.kolla/openvswitch-vswitchd:2025.1-ubuntu-noble', 'enabled': True, 'group': 'openvswitch', 'host_in_groups': True, 'privileged': True, 'volumes': ['/etc/kolla/openvswitch-vswitchd/:/var/lib/kolla/config_files/:ro', '/etc/localtime:/etc/localtime:ro', '/etc/timezone:/etc/timezone:ro', '/lib/modules:/lib/modules:ro', '/run/openvswitch:/run/openvswitch:shared', 'kolla_logs:/var/log/kolla/'], 'dimensions': {'ulimits': {'nofile': {'soft': 1048576, 'hard': 1048576}}}, 'healthcheck': {'interval': '30', 'retries': '3', 'start_period': '5', 'test': ['CMD-SHELL', 'ovs-appctl version'], 'timeout': '30'}}})
changed: [comp01] => (item={'key': 'openvswitch-vswitchd', 'value': {'container_name': 'openvswitch_vswitchd', 'image': 'quay.io/openstack.kolla/openvswitch-vswitchd:2025.1-ubuntu-noble', 'enabled': True, 'group': 'openvswitch', 'host_in_groups': True, 'privileged': True, 'volumes': ['/etc/kolla/openvswitch-vswitchd/:/var/lib/kolla/config_files/:ro', '/etc/localtime:/etc/localtime:ro', '/etc/timezone:/etc/timezone:ro', '/lib/modules:/lib/modules:ro', '/run/openvswitch:/run/openvswitch:shared', 'kolla_logs:/var/log/kolla/'], 'dimensions': {'ulimits': {'nofile': {'soft': 1048576, 'hard': 1048576}}}, 'healthcheck': {'interval': '30', 'retries': '3', 'start_period': '5', 'test': ['CMD-SHELL', 'ovs-appctl version'], 'timeout': '30'}}})

TASK [openvswitch : Copying over config.json files for services] ***************
changed: [ctrl01] => (item={'key': 'openvswitch-db-server', 'value': {'container_name': 'openvswitch_db', 'image': 'quay.io/openstack.kolla/openvswitch-db-server:2025.1-ubuntu-noble', 'enabled': True, 'group': 'openvswitch', 'host_in_groups': True, 'volumes': ['/etc/kolla/openvswitch-db-server/:/var/lib/kolla/config_files/:ro', '/etc/localtime:/etc/localtime:ro', '/etc/timezone:/etc/timezone:ro', '/lib/modules:/lib/modules:ro', '/run/openvswitch:/run/openvswitch:shared', 'kolla_logs:/var/log/kolla/', 'openvswitch_db:/var/lib/openvswitch/'], 'dimensions': {'ulimits': {'nofile': {'soft': 1048576, 'hard': 1048576}}}, 'healthcheck': {'interval': '30', 'retries': '3', 'start_period': '5', 'test': ['CMD-SHELL', 'ovsdb-client list-dbs'], 'timeout': '30'}}})
changed: [comp01] => (item={'key': 'openvswitch-db-server', 'value': {'container_name': 'openvswitch_db', 'image': 'quay.io/openstack.kolla/openvswitch-db-server:2025.1-ubuntu-noble', 'enabled': True, 'group': 'openvswitch', 'host_in_groups': True, 'volumes': ['/etc/kolla/openvswitch-db-server/:/var/lib/kolla/config_files/:ro', '/etc/localtime:/etc/localtime:ro', '/etc/timezone:/etc/timezone:ro', '/lib/modules:/lib/modules:ro', '/run/openvswitch:/run/openvswitch:shared', 'kolla_logs:/var/log/kolla/', 'openvswitch_db:/var/lib/openvswitch/'], 'dimensions': {'ulimits': {'nofile': {'soft': 1048576, 'hard': 1048576}}}, 'healthcheck': {'interval': '30', 'retries': '3', 'start_period': '5', 'test': ['CMD-SHELL', 'ovsdb-client list-dbs'], 'timeout': '30'}}})
changed: [ctrl01] => (item={'key': 'openvswitch-vswitchd', 'value': {'container_name': 'openvswitch_vswitchd', 'image': 'quay.io/openstack.kolla/openvswitch-vswitchd:2025.1-ubuntu-noble', 'enabled': True, 'group': 'openvswitch', 'host_in_groups': True, 'privileged': True, 'volumes': ['/etc/kolla/openvswitch-vswitchd/:/var/lib/kolla/config_files/:ro', '/etc/localtime:/etc/localtime:ro', '/etc/timezone:/etc/timezone:ro', '/lib/modules:/lib/modules:ro', '/run/openvswitch:/run/openvswitch:shared', 'kolla_logs:/var/log/kolla/'], 'dimensions': {'ulimits': {'nofile': {'soft': 1048576, 'hard': 1048576}}}, 'healthcheck': {'interval': '30', 'retries': '3', 'start_period': '5', 'test': ['CMD-SHELL', 'ovs-appctl version'], 'timeout': '30'}}})
changed: [comp01] => (item={'key': 'openvswitch-vswitchd', 'value': {'container_name': 'openvswitch_vswitchd', 'image': 'quay.io/openstack.kolla/openvswitch-vswitchd:2025.1-ubuntu-noble', 'enabled': True, 'group': 'openvswitch', 'host_in_groups': True, 'privileged': True, 'volumes': ['/etc/kolla/openvswitch-vswitchd/:/var/lib/kolla/config_files/:ro', '/etc/localtime:/etc/localtime:ro', '/etc/timezone:/etc/timezone:ro', '/lib/modules:/lib/modules:ro', '/run/openvswitch:/run/openvswitch:shared', 'kolla_logs:/var/log/kolla/'], 'dimensions': {'ulimits': {'nofile': {'soft': 1048576, 'hard': 1048576}}}, 'healthcheck': {'interval': '30', 'retries': '3', 'start_period': '5', 'test': ['CMD-SHELL', 'ovs-appctl version'], 'timeout': '30'}}})

TASK [openvswitch : Copying over ovs-vsctl wrapper] ****************************
skipping: [ctrl01]
skipping: [comp01]

TASK [service-check-containers : openvswitch | Check containers] ***************
changed: [ctrl01] => (item={'key': 'openvswitch-db-server', 'value': {'container_name': 'openvswitch_db', 'image': 'quay.io/openstack.kolla/openvswitch-db-server:2025.1-ubuntu-noble', 'enabled': True, 'group': 'openvswitch', 'host_in_groups': True, 'volumes': ['/etc/kolla/openvswitch-db-server/:/var/lib/kolla/config_files/:ro', '/etc/localtime:/etc/localtime:ro', '/etc/timezone:/etc/timezone:ro', '/lib/modules:/lib/modules:ro', '/run/openvswitch:/run/openvswitch:shared', 'kolla_logs:/var/log/kolla/', 'openvswitch_db:/var/lib/openvswitch/'], 'dimensions': {'ulimits': {'nofile': {'soft': 1048576, 'hard': 1048576}}}, 'healthcheck': {'interval': '30', 'retries': '3', 'start_period': '5', 'test': ['CMD-SHELL', 'ovsdb-client list-dbs'], 'timeout': '30'}}})
changed: [comp01] => (item={'key': 'openvswitch-db-server', 'value': {'container_name': 'openvswitch_db', 'image': 'quay.io/openstack.kolla/openvswitch-db-server:2025.1-ubuntu-noble', 'enabled': True, 'group': 'openvswitch', 'host_in_groups': True, 'volumes': ['/etc/kolla/openvswitch-db-server/:/var/lib/kolla/config_files/:ro', '/etc/localtime:/etc/localtime:ro', '/etc/timezone:/etc/timezone:ro', '/lib/modules:/lib/modules:ro', '/run/openvswitch:/run/openvswitch:shared', 'kolla_logs:/var/log/kolla/', 'openvswitch_db:/var/lib/openvswitch/'], 'dimensions': {'ulimits': {'nofile': {'soft': 1048576, 'hard': 1048576}}}, 'healthcheck': {'interval': '30', 'retries': '3', 'start_period': '5', 'test': ['CMD-SHELL', 'ovsdb-client list-dbs'], 'timeout': '30'}}})
changed: [ctrl01] => (item={'key': 'openvswitch-vswitchd', 'value': {'container_name': 'openvswitch_vswitchd', 'image': 'quay.io/openstack.kolla/openvswitch-vswitchd:2025.1-ubuntu-noble', 'enabled': True, 'group': 'openvswitch', 'host_in_groups': True, 'privileged': True, 'volumes': ['/etc/kolla/openvswitch-vswitchd/:/var/lib/kolla/config_files/:ro', '/etc/localtime:/etc/localtime:ro', '/etc/timezone:/etc/timezone:ro', '/lib/modules:/lib/modules:ro', '/run/openvswitch:/run/openvswitch:shared', 'kolla_logs:/var/log/kolla/'], 'dimensions': {'ulimits': {'nofile': {'soft': 1048576, 'hard': 1048576}}}, 'healthcheck': {'interval': '30', 'retries': '3', 'start_period': '5', 'test': ['CMD-SHELL', 'ovs-appctl version'], 'timeout': '30'}}})
changed: [comp01] => (item={'key': 'openvswitch-vswitchd', 'value': {'container_name': 'openvswitch_vswitchd', 'image': 'quay.io/openstack.kolla/openvswitch-vswitchd:2025.1-ubuntu-noble', 'enabled': True, 'group': 'openvswitch', 'host_in_groups': True, 'privileged': True, 'volumes': ['/etc/kolla/openvswitch-vswitchd/:/var/lib/kolla/config_files/:ro', '/etc/localtime:/etc/localtime:ro', '/etc/timezone:/etc/timezone:ro', '/lib/modules:/lib/modules:ro', '/run/openvswitch:/run/openvswitch:shared', 'kolla_logs:/var/log/kolla/'], 'dimensions': {'ulimits': {'nofile': {'soft': 1048576, 'hard': 1048576}}}, 'healthcheck': {'interval': '30', 'retries': '3', 'start_period': '5', 'test': ['CMD-SHELL', 'ovs-appctl version'], 'timeout': '30'}}})

TASK [service-check-containers : openvswitch | Notify handlers to restart containers] ***
changed: [ctrl01] => {
    "msg": "Notifying handlers"
}
changed: [comp01] => {
    "msg": "Notifying handlers"
}

TASK [service-check-containers : Include tasks] ********************************
skipping: [ctrl01] => (item={'key': 'openvswitch-db-server', 'value': {'container_name': 'openvswitch_db', 'image': 'quay.io/openstack.kolla/openvswitch-db-server:2025.1-ubuntu-noble', 'enabled': True, 'group': 'openvswitch', 'host_in_groups': True, 'volumes': ['/etc/kolla/openvswitch-db-server/:/var/lib/kolla/config_files/:ro', '/etc/localtime:/etc/localtime:ro', '/etc/timezone:/etc/timezone:ro', '/lib/modules:/lib/modules:ro', '/run/openvswitch:/run/openvswitch:shared', 'kolla_logs:/var/log/kolla/', 'openvswitch_db:/var/lib/openvswitch/'], 'dimensions': {'ulimits': {'nofile': {'soft': 1048576, 'hard': 1048576}}}, 'healthcheck': {'interval': '30', 'retries': '3', 'start_period': '5', 'test': ['CMD-SHELL', 'ovsdb-client list-dbs'], 'timeout': '30'}}}) 
skipping: [ctrl01] => (item={'key': 'openvswitch-vswitchd', 'value': {'container_name': 'openvswitch_vswitchd', 'image': 'quay.io/openstack.kolla/openvswitch-vswitchd:2025.1-ubuntu-noble', 'enabled': True, 'group': 'openvswitch', 'host_in_groups': True, 'privileged': True, 'volumes': ['/etc/kolla/openvswitch-vswitchd/:/var/lib/kolla/config_files/:ro', '/etc/localtime:/etc/localtime:ro', '/etc/timezone:/etc/timezone:ro', '/lib/modules:/lib/modules:ro', '/run/openvswitch:/run/openvswitch:shared', 'kolla_logs:/var/log/kolla/'], 'dimensions': {'ulimits': {'nofile': {'soft': 1048576, 'hard': 1048576}}}, 'healthcheck': {'interval': '30', 'retries': '3', 'start_period': '5', 'test': ['CMD-SHELL', 'ovs-appctl version'], 'timeout': '30'}}}) 
skipping: [ctrl01]
skipping: [comp01] => (item={'key': 'openvswitch-db-server', 'value': {'container_name': 'openvswitch_db', 'image': 'quay.io/openstack.kolla/openvswitch-db-server:2025.1-ubuntu-noble', 'enabled': True, 'group': 'openvswitch', 'host_in_groups': True, 'volumes': ['/etc/kolla/openvswitch-db-server/:/var/lib/kolla/config_files/:ro', '/etc/localtime:/etc/localtime:ro', '/etc/timezone:/etc/timezone:ro', '/lib/modules:/lib/modules:ro', '/run/openvswitch:/run/openvswitch:shared', 'kolla_logs:/var/log/kolla/', 'openvswitch_db:/var/lib/openvswitch/'], 'dimensions': {'ulimits': {'nofile': {'soft': 1048576, 'hard': 1048576}}}, 'healthcheck': {'interval': '30', 'retries': '3', 'start_period': '5', 'test': ['CMD-SHELL', 'ovsdb-client list-dbs'], 'timeout': '30'}}}) 
skipping: [comp01] => (item={'key': 'openvswitch-vswitchd', 'value': {'container_name': 'openvswitch_vswitchd', 'image': 'quay.io/openstack.kolla/openvswitch-vswitchd:2025.1-ubuntu-noble', 'enabled': True, 'group': 'openvswitch', 'host_in_groups': True, 'privileged': True, 'volumes': ['/etc/kolla/openvswitch-vswitchd/:/var/lib/kolla/config_files/:ro', '/etc/localtime:/etc/localtime:ro', '/etc/timezone:/etc/timezone:ro', '/lib/modules:/lib/modules:ro', '/run/openvswitch:/run/openvswitch:shared', 'kolla_logs:/var/log/kolla/'], 'dimensions': {'ulimits': {'nofile': {'soft': 1048576, 'hard': 1048576}}}, 'healthcheck': {'interval': '30', 'retries': '3', 'start_period': '5', 'test': ['CMD-SHELL', 'ovs-appctl version'], 'timeout': '30'}}}) 
skipping: [comp01]

TASK [openvswitch : Flush Handlers] ********************************************

TASK [openvswitch : Flush Handlers] ********************************************

RUNNING HANDLER [openvswitch : Restart openvswitch-db-server container] ********
changed: [comp01]
changed: [ctrl01]

RUNNING HANDLER [openvswitch : Waiting for openvswitch_db service to be ready] ***
ok: [ctrl01]
ok: [comp01]

RUNNING HANDLER [openvswitch : Restart openvswitch-vswitchd container] *********
changed: [ctrl01]
changed: [comp01]

TASK [openvswitch : Set system-id, hostname and hw-offload] ********************
changed: [ctrl01] => (item={'col': 'external_ids', 'name': 'system-id', 'value': 'ctrl01'})
changed: [comp01] => (item={'col': 'external_ids', 'name': 'system-id', 'value': 'comp01'})
changed: [ctrl01] => (item={'col': 'external_ids', 'name': 'hostname', 'value': 'ctrl01'})
changed: [comp01] => (item={'col': 'external_ids', 'name': 'hostname', 'value': 'comp01'})
ok: [ctrl01] => (item={'col': 'other_config', 'name': 'hw-offload', 'value': True, 'state': 'absent'})
ok: [comp01] => (item={'col': 'other_config', 'name': 'hw-offload', 'value': True, 'state': 'absent'})

TASK [openvswitch : Ensuring OVS bridge is properly setup] *********************
skipping: [comp01] => (item=br-ex) 
skipping: [comp01]
changed: [ctrl01] => (item=br-ex)

TASK [openvswitch : Ensuring OVS ports are properly setup] *********************
skipping: [comp01] => (item=['br-ex', 'veth-ext-ovs']) 
skipping: [comp01]
changed: [ctrl01] => (item=['br-ex', 'veth-ext-ovs'])

RUNNING HANDLER [openvswitch : Restart openvswitch-vswitchd container] *********
[WARNING]: Could not match supplied host pattern, ignoring:
enable_openvswitch_True_enable_ovs_dpdk_True
changed: [comp01]
changed: [ctrl01]

PLAY [Apply role ovs-dpdk] *****************************************************
skipping: no hosts matched

PLAY [Apply role ovn-controller] ***********************************************

TASK [ovn-controller : include_tasks] ******************************************
included: /opt/kolla-venv/share/kolla-ansible/ansible/roles/ovn-controller/tasks/deploy.yml for ctrl01, comp01

TASK [ovn-controller : Ensuring config directories exist] **********************
changed: [ctrl01] => (item={'key': 'ovn-controller', 'value': {'container_name': 'ovn_controller', 'group': 'ovn-controller', 'enabled': True, 'image': 'quay.io/openstack.kolla/ovn-controller:2025.1-ubuntu-noble', 'volumes': ['/etc/kolla/ovn-controller/:/var/lib/kolla/config_files/:ro', '/run/openvswitch:/run/openvswitch:shared', '/etc/localtime:/etc/localtime:ro', 'kolla_logs:/var/log/kolla/'], 'dimensions': {'ulimits': {'nofile': {'soft': 1048576, 'hard': 1048576}}}}})
changed: [comp01] => (item={'key': 'ovn-controller', 'value': {'container_name': 'ovn_controller', 'group': 'ovn-controller', 'enabled': True, 'image': 'quay.io/openstack.kolla/ovn-controller:2025.1-ubuntu-noble', 'volumes': ['/etc/kolla/ovn-controller/:/var/lib/kolla/config_files/:ro', '/run/openvswitch:/run/openvswitch:shared', '/etc/localtime:/etc/localtime:ro', 'kolla_logs:/var/log/kolla/'], 'dimensions': {'ulimits': {'nofile': {'soft': 1048576, 'hard': 1048576}}}}})

TASK [ovn-controller : Copying over config.json files for services] ************
changed: [ctrl01] => (item={'key': 'ovn-controller', 'value': {'container_name': 'ovn_controller', 'group': 'ovn-controller', 'enabled': True, 'image': 'quay.io/openstack.kolla/ovn-controller:2025.1-ubuntu-noble', 'volumes': ['/etc/kolla/ovn-controller/:/var/lib/kolla/config_files/:ro', '/run/openvswitch:/run/openvswitch:shared', '/etc/localtime:/etc/localtime:ro', 'kolla_logs:/var/log/kolla/'], 'dimensions': {'ulimits': {'nofile': {'soft': 1048576, 'hard': 1048576}}}}})
changed: [comp01] => (item={'key': 'ovn-controller', 'value': {'container_name': 'ovn_controller', 'group': 'ovn-controller', 'enabled': True, 'image': 'quay.io/openstack.kolla/ovn-controller:2025.1-ubuntu-noble', 'volumes': ['/etc/kolla/ovn-controller/:/var/lib/kolla/config_files/:ro', '/run/openvswitch:/run/openvswitch:shared', '/etc/localtime:/etc/localtime:ro', 'kolla_logs:/var/log/kolla/'], 'dimensions': {'ulimits': {'nofile': {'soft': 1048576, 'hard': 1048576}}}}})

TASK [service-check-containers : ovn_controller | Check containers] ************
changed: [ctrl01] => (item={'key': 'ovn-controller', 'value': {'container_name': 'ovn_controller', 'group': 'ovn-controller', 'enabled': True, 'image': 'quay.io/openstack.kolla/ovn-controller:2025.1-ubuntu-noble', 'volumes': ['/etc/kolla/ovn-controller/:/var/lib/kolla/config_files/:ro', '/run/openvswitch:/run/openvswitch:shared', '/etc/localtime:/etc/localtime:ro', 'kolla_logs:/var/log/kolla/'], 'dimensions': {'ulimits': {'nofile': {'soft': 1048576, 'hard': 1048576}}}}})
changed: [comp01] => (item={'key': 'ovn-controller', 'value': {'container_name': 'ovn_controller', 'group': 'ovn-controller', 'enabled': True, 'image': 'quay.io/openstack.kolla/ovn-controller:2025.1-ubuntu-noble', 'volumes': ['/etc/kolla/ovn-controller/:/var/lib/kolla/config_files/:ro', '/run/openvswitch:/run/openvswitch:shared', '/etc/localtime:/etc/localtime:ro', 'kolla_logs:/var/log/kolla/'], 'dimensions': {'ulimits': {'nofile': {'soft': 1048576, 'hard': 1048576}}}}})

TASK [service-check-containers : ovn_controller | Notify handlers to restart containers] ***
changed: [ctrl01] => {
    "msg": "Notifying handlers"
}
changed: [comp01] => {
    "msg": "Notifying handlers"
}

TASK [service-check-containers : Include tasks] ********************************
skipping: [ctrl01] => (item={'key': 'ovn-controller', 'value': {'container_name': 'ovn_controller', 'group': 'ovn-controller', 'enabled': True, 'image': 'quay.io/openstack.kolla/ovn-controller:2025.1-ubuntu-noble', 'volumes': ['/etc/kolla/ovn-controller/:/var/lib/kolla/config_files/:ro', '/run/openvswitch:/run/openvswitch:shared', '/etc/localtime:/etc/localtime:ro', 'kolla_logs:/var/log/kolla/'], 'dimensions': {'ulimits': {'nofile': {'soft': 1048576, 'hard': 1048576}}}}}) 
skipping: [ctrl01]
skipping: [comp01] => (item={'key': 'ovn-controller', 'value': {'container_name': 'ovn_controller', 'group': 'ovn-controller', 'enabled': True, 'image': 'quay.io/openstack.kolla/ovn-controller:2025.1-ubuntu-noble', 'volumes': ['/etc/kolla/ovn-controller/:/var/lib/kolla/config_files/:ro', '/run/openvswitch:/run/openvswitch:shared', '/etc/localtime:/etc/localtime:ro', 'kolla_logs:/var/log/kolla/'], 'dimensions': {'ulimits': {'nofile': {'soft': 1048576, 'hard': 1048576}}}}}) 
skipping: [comp01]

TASK [ovn-controller : Create br-int bridge on OpenvSwitch] ********************
changed: [ctrl01]
changed: [comp01]

TASK [ovn-controller : Configure OVN in OVSDB] *********************************
changed: [ctrl01] => (item={'name': 'ovn-encap-ip', 'value': '192.168.1.101'})
changed: [comp01] => (item={'name': 'ovn-encap-ip', 'value': '192.168.1.102'})
changed: [ctrl01] => (item={'name': 'ovn-encap-type', 'value': 'geneve'})
changed: [comp01] => (item={'name': 'ovn-encap-type', 'value': 'geneve'})
changed: [ctrl01] => (item={'name': 'ovn-remote', 'value': 'tcp:192.168.1.101:16641'})
changed: [comp01] => (item={'name': 'ovn-remote', 'value': 'tcp:192.168.1.101:16641'})
changed: [ctrl01] => (item={'name': 'ovn-remote-probe-interval', 'value': '60000'})
changed: [comp01] => (item={'name': 'ovn-remote-probe-interval', 'value': '60000'})
changed: [ctrl01] => (item={'name': 'ovn-openflow-probe-interval', 'value': '60'})
changed: [comp01] => (item={'name': 'ovn-openflow-probe-interval', 'value': '60'})
changed: [ctrl01] => (item={'name': 'ovn-monitor-all', 'value': False})
changed: [comp01] => (item={'name': 'ovn-monitor-all', 'value': False})
changed: [ctrl01] => (item={'name': 'ovn-bridge-mappings', 'value': 'physnet1:br-ex', 'state': 'present'})
ok: [comp01] => (item={'name': 'ovn-bridge-mappings', 'value': 'physnet1:br-ex', 'state': 'absent'})
ok: [ctrl01] => (item={'name': 'ovn-chassis-mac-mappings', 'value': 'physnet1:52:54:00:6c:d6:9b', 'state': 'absent'})
changed: [comp01] => (item={'name': 'ovn-chassis-mac-mappings', 'value': 'physnet1:52:54:00:bb:8b:99', 'state': 'present'})
changed: [ctrl01] => (item={'name': 'ovn-cms-options', 'value': 'enable-chassis-as-gw', 'state': 'present'})
ok: [comp01] => (item={'name': 'ovn-cms-options', 'value': '', 'state': 'absent'})

TASK [ovn-controller : Flush handlers] *****************************************

TASK [ovn-controller : Flush handlers] *****************************************

RUNNING HANDLER [ovn-controller : Restart ovn-controller container] ************
changed: [ctrl01]
changed: [comp01]

PLAY [Apply role ovn-db] *******************************************************

TASK [ovn-db : include_tasks] **************************************************
included: /opt/kolla-venv/share/kolla-ansible/ansible/roles/ovn-db/tasks/deploy.yml for ctrl01

TASK [ovn-db : include_tasks] **************************************************
included: /opt/kolla-venv/share/kolla-ansible/ansible/roles/ovn-db/tasks/lookup_cluster.yml for ctrl01

TASK [ovn-db : Checking for any existing OVN DB container volumes] *************
ok: [ctrl01]

TASK [ovn-db : Divide hosts by their OVN NB volume availability] ***************
ok: [ctrl01]

TASK [ovn-db : Divide hosts by their OVN SB volume availability] ***************
ok: [ctrl01]

TASK [ovn-db : Establish whether the OVN NB cluster has already existed] *******
ok: [ctrl01]

TASK [ovn-db : Establish whether the OVN SB cluster has already existed] *******
ok: [ctrl01]

TASK [ovn-db : Check if running on all OVN NB DB hosts] ************************
skipping: [ctrl01]

TASK [ovn-db : Check OVN NB service port liveness] *****************************
skipping: [ctrl01]

TASK [ovn-db : Divide hosts by their OVN NB service port liveness] *************
skipping: [ctrl01]

TASK [ovn-db : Get OVN NB database information] ********************************
skipping: [ctrl01]

TASK [ovn-db : Divide hosts by their OVN NB leader/follower role] **************
skipping: [ctrl01]

TASK [ovn-db : Fail on existing OVN NB cluster with no leader] *****************
skipping: [ctrl01]

TASK [ovn-db : Check if running on all OVN SB DB hosts] ************************
skipping: [ctrl01]

TASK [ovn-db : Check OVN SB service port liveness] *****************************
skipping: [ctrl01]

TASK [ovn-db : Divide hosts by their OVN SB service port liveness] *************
skipping: [ctrl01]

TASK [ovn-db : Get OVN SB database information] ********************************
skipping: [ctrl01]

TASK [ovn-db : Divide hosts by their OVN SB leader/follower role] **************
skipping: [ctrl01]

TASK [ovn-db : Fail on existing OVN SB cluster with no leader] *****************
skipping: [ctrl01]

TASK [ovn-db : include_tasks] **************************************************
included: /opt/kolla-venv/share/kolla-ansible/ansible/roles/ovn-db/tasks/bootstrap-initial.yml for ctrl01

TASK [ovn-db : Set bootstrap args fact for NB (new cluster)] *******************
ok: [ctrl01]

TASK [ovn-db : Set bootstrap args fact for SB (new cluster)] *******************
ok: [ctrl01]

TASK [ovn-db : Check NB cluster status] ****************************************
skipping: [ctrl01]

TASK [ovn-db : Check SB cluster status] ****************************************
skipping: [ctrl01]

TASK [ovn-db : Remove an old node with the same ip address as the new node in NB DB] ***
skipping: [ctrl01]

TASK [ovn-db : Remove an old node with the same ip address as the new node in SB DB] ***
skipping: [ctrl01]

TASK [ovn-db : Set bootstrap args fact for NB (new member)] ********************
skipping: [ctrl01]

TASK [ovn-db : Set bootstrap args fact for SB (new member)] ********************
skipping: [ctrl01]

TASK [ovn-db : Ensuring config directories exist] ******************************
changed: [ctrl01] => (item={'key': 'ovn-northd', 'value': {'container_name': 'ovn_northd', 'group': 'ovn-northd', 'enabled': True, 'environment': {'OVN_NB_DB': 'tcp:192.168.1.101:6641', 'OVN_SB_DB': 'tcp:192.168.1.101:6642'}, 'image': 'quay.io/openstack.kolla/ovn-northd:2025.1-ubuntu-noble', 'volumes': ['/etc/kolla/ovn-northd/:/var/lib/kolla/config_files/:ro', '/etc/localtime:/etc/localtime:ro', 'kolla_logs:/var/log/kolla/'], 'dimensions': {'ulimits': {'nofile': {'soft': 1048576, 'hard': 1048576}}}}})
changed: [ctrl01] => (item={'key': 'ovn-nb-db', 'value': {'container_name': 'ovn_nb_db', 'group': 'ovn-nb-db', 'enabled': True, 'environment': {'OVN_NB_DB': 'tcp:192.168.1.101:6641'}, 'image': 'quay.io/openstack.kolla/ovn-nb-db-server:2025.1-ubuntu-noble', 'volumes': ['/etc/kolla/ovn-nb-db/:/var/lib/kolla/config_files/:ro', '/etc/localtime:/etc/localtime:ro', 'ovn_nb_db:/var/lib/openvswitch/ovn-nb/', 'kolla_logs:/var/log/kolla/'], 'dimensions': {'ulimits': {'nofile': {'soft': 1048576, 'hard': 1048576}}}}})
changed: [ctrl01] => (item={'key': 'ovn-sb-db', 'value': {'container_name': 'ovn_sb_db', 'group': 'ovn-sb-db', 'enabled': True, 'environment': {'OVN_SB_DB': 'tcp:192.168.1.101:6642'}, 'image': 'quay.io/openstack.kolla/ovn-sb-db-server:2025.1-ubuntu-noble', 'volumes': ['/etc/kolla/ovn-sb-db/:/var/lib/kolla/config_files/:ro', '/etc/localtime:/etc/localtime:ro', 'ovn_sb_db:/var/lib/openvswitch/ovn-sb/', 'kolla_logs:/var/log/kolla/'], 'dimensions': {'ulimits': {'nofile': {'soft': 1048576, 'hard': 1048576}}}}})
skipping: [ctrl01] => (item={'key': 'ovn-sb-db-relay', 'value': {'container_name': 'ovn_sb_db_relay', 'group': 'ovn-sb-db-relay', 'enabled': True, 'environment': {'RELAY_ID': '1'}, 'image': 'quay.io/openstack.kolla/ovn-sb-db-relay:2025.1-ubuntu-noble', 'iterate': True, 'iterate_var': '1', 'volumes': ['/etc/kolla/ovn-sb-db-relay/:/var/lib/kolla/config_files/:ro', '/etc/localtime:/etc/localtime:ro', 'kolla_logs:/var/log/kolla/'], 'dimensions': {'ulimits': {'nofile': {'soft': 1048576, 'hard': 1048576}}}}}) 

TASK [ovn-db : Copying over config.json files for services] ********************
changed: [ctrl01] => (item={'key': 'ovn-northd', 'value': {'container_name': 'ovn_northd', 'group': 'ovn-northd', 'enabled': True, 'environment': {'OVN_NB_DB': 'tcp:192.168.1.101:6641', 'OVN_SB_DB': 'tcp:192.168.1.101:6642'}, 'image': 'quay.io/openstack.kolla/ovn-northd:2025.1-ubuntu-noble', 'volumes': ['/etc/kolla/ovn-northd/:/var/lib/kolla/config_files/:ro', '/etc/localtime:/etc/localtime:ro', 'kolla_logs:/var/log/kolla/'], 'dimensions': {'ulimits': {'nofile': {'soft': 1048576, 'hard': 1048576}}}}})
changed: [ctrl01] => (item={'key': 'ovn-nb-db', 'value': {'container_name': 'ovn_nb_db', 'group': 'ovn-nb-db', 'enabled': True, 'environment': {'OVN_NB_DB': 'tcp:192.168.1.101:6641'}, 'image': 'quay.io/openstack.kolla/ovn-nb-db-server:2025.1-ubuntu-noble', 'volumes': ['/etc/kolla/ovn-nb-db/:/var/lib/kolla/config_files/:ro', '/etc/localtime:/etc/localtime:ro', 'ovn_nb_db:/var/lib/openvswitch/ovn-nb/', 'kolla_logs:/var/log/kolla/'], 'dimensions': {'ulimits': {'nofile': {'soft': 1048576, 'hard': 1048576}}}}})
changed: [ctrl01] => (item={'key': 'ovn-sb-db', 'value': {'container_name': 'ovn_sb_db', 'group': 'ovn-sb-db', 'enabled': True, 'environment': {'OVN_SB_DB': 'tcp:192.168.1.101:6642'}, 'image': 'quay.io/openstack.kolla/ovn-sb-db-server:2025.1-ubuntu-noble', 'volumes': ['/etc/kolla/ovn-sb-db/:/var/lib/kolla/config_files/:ro', '/etc/localtime:/etc/localtime:ro', 'ovn_sb_db:/var/lib/openvswitch/ovn-sb/', 'kolla_logs:/var/log/kolla/'], 'dimensions': {'ulimits': {'nofile': {'soft': 1048576, 'hard': 1048576}}}}})
skipping: [ctrl01] => (item={'key': 'ovn-sb-db-relay', 'value': {'container_name': 'ovn_sb_db_relay', 'group': 'ovn-sb-db-relay', 'enabled': True, 'environment': {'RELAY_ID': '1'}, 'image': 'quay.io/openstack.kolla/ovn-sb-db-relay:2025.1-ubuntu-noble', 'iterate': True, 'iterate_var': '1', 'volumes': ['/etc/kolla/ovn-sb-db-relay/:/var/lib/kolla/config_files/:ro', '/etc/localtime:/etc/localtime:ro', 'kolla_logs:/var/log/kolla/'], 'dimensions': {'ulimits': {'nofile': {'soft': 1048576, 'hard': 1048576}}}}}) 

TASK [ovn-db : Ensure configuration for relays exists] *************************
included: /opt/kolla-venv/share/kolla-ansible/ansible/roles/ovn-db/tasks/config-relay.yml for ctrl01 => (item=1)

TASK [ovn-db : Ensuring config directories exist for OVN relay containers] *****
changed: [ctrl01]

TASK [ovn-db : Copying over config.json files for OVN relay services] **********
changed: [ctrl01]

TASK [ovn-db : Generate config files for OVN relay services] *******************
changed: [ctrl01]

TASK [service-check-containers : ovn_db | Check containers] ********************
changed: [ctrl01] => (item={'key': 'ovn-northd', 'value': {'container_name': 'ovn_northd', 'group': 'ovn-northd', 'enabled': True, 'environment': {'OVN_NB_DB': 'tcp:192.168.1.101:6641', 'OVN_SB_DB': 'tcp:192.168.1.101:6642'}, 'image': 'quay.io/openstack.kolla/ovn-northd:2025.1-ubuntu-noble', 'volumes': ['/etc/kolla/ovn-northd/:/var/lib/kolla/config_files/:ro', '/etc/localtime:/etc/localtime:ro', 'kolla_logs:/var/log/kolla/'], 'dimensions': {'ulimits': {'nofile': {'soft': 1048576, 'hard': 1048576}}}}})
changed: [ctrl01] => (item={'key': 'ovn-nb-db', 'value': {'container_name': 'ovn_nb_db', 'group': 'ovn-nb-db', 'enabled': True, 'environment': {'OVN_NB_DB': 'tcp:192.168.1.101:6641'}, 'image': 'quay.io/openstack.kolla/ovn-nb-db-server:2025.1-ubuntu-noble', 'volumes': ['/etc/kolla/ovn-nb-db/:/var/lib/kolla/config_files/:ro', '/etc/localtime:/etc/localtime:ro', 'ovn_nb_db:/var/lib/openvswitch/ovn-nb/', 'kolla_logs:/var/log/kolla/'], 'dimensions': {'ulimits': {'nofile': {'soft': 1048576, 'hard': 1048576}}}}})
changed: [ctrl01] => (item={'key': 'ovn-sb-db', 'value': {'container_name': 'ovn_sb_db', 'group': 'ovn-sb-db', 'enabled': True, 'environment': {'OVN_SB_DB': 'tcp:192.168.1.101:6642'}, 'image': 'quay.io/openstack.kolla/ovn-sb-db-server:2025.1-ubuntu-noble', 'volumes': ['/etc/kolla/ovn-sb-db/:/var/lib/kolla/config_files/:ro', '/etc/localtime:/etc/localtime:ro', 'ovn_sb_db:/var/lib/openvswitch/ovn-sb/', 'kolla_logs:/var/log/kolla/'], 'dimensions': {'ulimits': {'nofile': {'soft': 1048576, 'hard': 1048576}}}}})
skipping: [ctrl01] => (item={'key': 'ovn-sb-db-relay', 'value': {'container_name': 'ovn_sb_db_relay', 'group': 'ovn-sb-db-relay', 'enabled': True, 'environment': {'RELAY_ID': '1'}, 'image': 'quay.io/openstack.kolla/ovn-sb-db-relay:2025.1-ubuntu-noble', 'iterate': True, 'iterate_var': '1', 'volumes': ['/etc/kolla/ovn-sb-db-relay/:/var/lib/kolla/config_files/:ro', '/etc/localtime:/etc/localtime:ro', 'kolla_logs:/var/log/kolla/'], 'dimensions': {'ulimits': {'nofile': {'soft': 1048576, 'hard': 1048576}}}}}) 

TASK [service-check-containers : ovn_db | Notify handlers to restart containers] ***
changed: [ctrl01] => {
    "msg": "Notifying handlers"
}

TASK [service-check-containers : Include tasks] ********************************
skipping: [ctrl01] => (item={'key': 'ovn-northd', 'value': {'container_name': 'ovn_northd', 'group': 'ovn-northd', 'enabled': True, 'environment': {'OVN_NB_DB': 'tcp:192.168.1.101:6641', 'OVN_SB_DB': 'tcp:192.168.1.101:6642'}, 'image': 'quay.io/openstack.kolla/ovn-northd:2025.1-ubuntu-noble', 'volumes': ['/etc/kolla/ovn-northd/:/var/lib/kolla/config_files/:ro', '/etc/localtime:/etc/localtime:ro', 'kolla_logs:/var/log/kolla/'], 'dimensions': {'ulimits': {'nofile': {'soft': 1048576, 'hard': 1048576}}}}}) 
skipping: [ctrl01] => (item={'key': 'ovn-nb-db', 'value': {'container_name': 'ovn_nb_db', 'group': 'ovn-nb-db', 'enabled': True, 'environment': {'OVN_NB_DB': 'tcp:192.168.1.101:6641'}, 'image': 'quay.io/openstack.kolla/ovn-nb-db-server:2025.1-ubuntu-noble', 'volumes': ['/etc/kolla/ovn-nb-db/:/var/lib/kolla/config_files/:ro', '/etc/localtime:/etc/localtime:ro', 'ovn_nb_db:/var/lib/openvswitch/ovn-nb/', 'kolla_logs:/var/log/kolla/'], 'dimensions': {'ulimits': {'nofile': {'soft': 1048576, 'hard': 1048576}}}}}) 
skipping: [ctrl01] => (item={'key': 'ovn-sb-db', 'value': {'container_name': 'ovn_sb_db', 'group': 'ovn-sb-db', 'enabled': True, 'environment': {'OVN_SB_DB': 'tcp:192.168.1.101:6642'}, 'image': 'quay.io/openstack.kolla/ovn-sb-db-server:2025.1-ubuntu-noble', 'volumes': ['/etc/kolla/ovn-sb-db/:/var/lib/kolla/config_files/:ro', '/etc/localtime:/etc/localtime:ro', 'ovn_sb_db:/var/lib/openvswitch/ovn-sb/', 'kolla_logs:/var/log/kolla/'], 'dimensions': {'ulimits': {'nofile': {'soft': 1048576, 'hard': 1048576}}}}}) 
included: /opt/kolla-venv/share/kolla-ansible/ansible/roles/service-check-containers/tasks/iterated.yml for ctrl01 => (item={'key': 'ovn-sb-db-relay', 'value': {'container_name': 'ovn_sb_db_relay', 'group': 'ovn-sb-db-relay', 'enabled': True, 'environment': {'RELAY_ID': '1'}, 'image': 'quay.io/openstack.kolla/ovn-sb-db-relay:2025.1-ubuntu-noble', 'iterate': True, 'iterate_var': '1', 'volumes': ['/etc/kolla/ovn-sb-db-relay/:/var/lib/kolla/config_files/:ro', '/etc/localtime:/etc/localtime:ro', 'kolla_logs:/var/log/kolla/'], 'dimensions': {'ulimits': {'nofile': {'soft': 1048576, 'hard': 1048576}}}}})

TASK [service-check-containers : ovn_db | Check containers with iteration] *****
changed: [ctrl01] => (item=1)

TASK [service-check-containers : Store changed containers to pass to the handler] ***
ok: [ctrl01]

TASK [service-check-containers : ovn_db | Notify handlers to restart containers] ***
changed: [ctrl01] => {
    "msg": "Notifying handlers: Restart ovn-sb-db-relay container"
}

TASK [ovn-db : Flush handlers] *************************************************

RUNNING HANDLER [ovn-db : Restart ovn-nb-db container] *************************
changed: [ctrl01]

RUNNING HANDLER [ovn-db : Restart ovn-sb-db container] *************************
changed: [ctrl01]

RUNNING HANDLER [ovn-db : Restart ovn-sb-db-relay container] *******************
changed: [ctrl01] => (item={'changed': True, 'result': True, 'invocation': {'module_args': {'auth_email': None, 'auth_password': None, 'auth_registry': 'quay.io', 'auth_username': None, 'restart_policy': 'unless-stopped', 'restart_retries': 10, 'graceful_timeout': 60, 'client_timeout': 120, 'container_engine': 'docker', 'action': 'compare_container', 'name': 'ovn_sb_db_relay_1', 'image': 'quay.io/openstack.kolla/ovn-sb-db-relay:2025.1-ubuntu-noble', 'volumes': ['/etc/kolla/ovn-sb-db-relay-1/:/var/lib/kolla/config_files/:ro', '/etc/localtime:/etc/localtime:ro', 'kolla_logs:/var/log/kolla/'], 'dimensions': {'ulimits': {'nofile': {'soft': 1048576, 'hard': 1048576}}}, 'detach': True, 'labels': {}, 'cap_add': [], 'security_opt': [], 'privileged': False, 'remove_on_exit': True, 'state': 'running', 'tls_verify': False, 'tty': False, 'ignore_missing': False, 'api_version': 'auto', 'environment': {'KOLLA_CONFIG_STRATEGY': 'COPY_ALWAYS', 'RELAY_ID': '1'}}}, 'failed': False, 'item': 1, 'ansible_loop_var': 'item'})

RUNNING HANDLER [ovn-db : Restart ovn-northd container] ************************
changed: [ctrl01]

TASK [ovn-db : Wait for leader election] ***************************************
skipping: [ctrl01]

TASK [ovn-db : Get OVN_Northbound cluster leader] ******************************
ok: [ctrl01]

TASK [ovn-db : Configure OVN NB connection settings] ***************************
changed: [ctrl01]

TASK [ovn-db : Get OVN_Southbound cluster leader] ******************************
ok: [ctrl01]

TASK [ovn-db : Configure OVN SB connection settings] ***************************
changed: [ctrl01]

TASK [ovn-db : Wait for ovn-nb-db] *********************************************
ok: [ctrl01]

TASK [ovn-db : Wait for ovn-sb-db] *********************************************
ok: [ctrl01]

TASK [ovn-db : Wait for ovn-sb-db-relay] ***************************************
ok: [ctrl01] => (item=1)

TASK [ovn-db : Unset bootstrap args fact] **************************************
ok: [ctrl01]

TASK [ovn-db : Ensuring config directories exist] ******************************
ok: [ctrl01] => (item={'key': 'ovn-northd', 'value': {'container_name': 'ovn_northd', 'group': 'ovn-northd', 'enabled': True, 'environment': {'OVN_NB_DB': 'tcp:192.168.1.101:6641', 'OVN_SB_DB': 'tcp:192.168.1.101:6642'}, 'image': 'quay.io/openstack.kolla/ovn-northd:2025.1-ubuntu-noble', 'volumes': ['/etc/kolla/ovn-northd/:/var/lib/kolla/config_files/:ro', '/etc/localtime:/etc/localtime:ro', 'kolla_logs:/var/log/kolla/'], 'dimensions': {'ulimits': {'nofile': {'soft': 1048576, 'hard': 1048576}}}}})
ok: [ctrl01] => (item={'key': 'ovn-nb-db', 'value': {'container_name': 'ovn_nb_db', 'group': 'ovn-nb-db', 'enabled': True, 'environment': {'OVN_NB_DB': 'tcp:192.168.1.101:6641'}, 'image': 'quay.io/openstack.kolla/ovn-nb-db-server:2025.1-ubuntu-noble', 'volumes': ['/etc/kolla/ovn-nb-db/:/var/lib/kolla/config_files/:ro', '/etc/localtime:/etc/localtime:ro', 'ovn_nb_db:/var/lib/openvswitch/ovn-nb/', 'kolla_logs:/var/log/kolla/'], 'dimensions': {'ulimits': {'nofile': {'soft': 1048576, 'hard': 1048576}}}}})
ok: [ctrl01] => (item={'key': 'ovn-sb-db', 'value': {'container_name': 'ovn_sb_db', 'group': 'ovn-sb-db', 'enabled': True, 'environment': {'OVN_SB_DB': 'tcp:192.168.1.101:6642'}, 'image': 'quay.io/openstack.kolla/ovn-sb-db-server:2025.1-ubuntu-noble', 'volumes': ['/etc/kolla/ovn-sb-db/:/var/lib/kolla/config_files/:ro', '/etc/localtime:/etc/localtime:ro', 'ovn_sb_db:/var/lib/openvswitch/ovn-sb/', 'kolla_logs:/var/log/kolla/'], 'dimensions': {'ulimits': {'nofile': {'soft': 1048576, 'hard': 1048576}}}}})
skipping: [ctrl01] => (item={'key': 'ovn-sb-db-relay', 'value': {'container_name': 'ovn_sb_db_relay', 'group': 'ovn-sb-db-relay', 'enabled': True, 'environment': {'RELAY_ID': '1'}, 'image': 'quay.io/openstack.kolla/ovn-sb-db-relay:2025.1-ubuntu-noble', 'iterate': True, 'iterate_var': '1', 'volumes': ['/etc/kolla/ovn-sb-db-relay/:/var/lib/kolla/config_files/:ro', '/etc/localtime:/etc/localtime:ro', 'kolla_logs:/var/log/kolla/'], 'dimensions': {'ulimits': {'nofile': {'soft': 1048576, 'hard': 1048576}}}}}) 

TASK [ovn-db : Copying over config.json files for services] ********************
ok: [ctrl01] => (item={'key': 'ovn-northd', 'value': {'container_name': 'ovn_northd', 'group': 'ovn-northd', 'enabled': True, 'environment': {'OVN_NB_DB': 'tcp:192.168.1.101:6641', 'OVN_SB_DB': 'tcp:192.168.1.101:6642'}, 'image': 'quay.io/openstack.kolla/ovn-northd:2025.1-ubuntu-noble', 'volumes': ['/etc/kolla/ovn-northd/:/var/lib/kolla/config_files/:ro', '/etc/localtime:/etc/localtime:ro', 'kolla_logs:/var/log/kolla/'], 'dimensions': {'ulimits': {'nofile': {'soft': 1048576, 'hard': 1048576}}}}})
ok: [ctrl01] => (item={'key': 'ovn-nb-db', 'value': {'container_name': 'ovn_nb_db', 'group': 'ovn-nb-db', 'enabled': True, 'environment': {'OVN_NB_DB': 'tcp:192.168.1.101:6641'}, 'image': 'quay.io/openstack.kolla/ovn-nb-db-server:2025.1-ubuntu-noble', 'volumes': ['/etc/kolla/ovn-nb-db/:/var/lib/kolla/config_files/:ro', '/etc/localtime:/etc/localtime:ro', 'ovn_nb_db:/var/lib/openvswitch/ovn-nb/', 'kolla_logs:/var/log/kolla/'], 'dimensions': {'ulimits': {'nofile': {'soft': 1048576, 'hard': 1048576}}}}})
ok: [ctrl01] => (item={'key': 'ovn-sb-db', 'value': {'container_name': 'ovn_sb_db', 'group': 'ovn-sb-db', 'enabled': True, 'environment': {'OVN_SB_DB': 'tcp:192.168.1.101:6642'}, 'image': 'quay.io/openstack.kolla/ovn-sb-db-server:2025.1-ubuntu-noble', 'volumes': ['/etc/kolla/ovn-sb-db/:/var/lib/kolla/config_files/:ro', '/etc/localtime:/etc/localtime:ro', 'ovn_sb_db:/var/lib/openvswitch/ovn-sb/', 'kolla_logs:/var/log/kolla/'], 'dimensions': {'ulimits': {'nofile': {'soft': 1048576, 'hard': 1048576}}}}})
skipping: [ctrl01] => (item={'key': 'ovn-sb-db-relay', 'value': {'container_name': 'ovn_sb_db_relay', 'group': 'ovn-sb-db-relay', 'enabled': True, 'environment': {'RELAY_ID': '1'}, 'image': 'quay.io/openstack.kolla/ovn-sb-db-relay:2025.1-ubuntu-noble', 'iterate': True, 'iterate_var': '1', 'volumes': ['/etc/kolla/ovn-sb-db-relay/:/var/lib/kolla/config_files/:ro', '/etc/localtime:/etc/localtime:ro', 'kolla_logs:/var/log/kolla/'], 'dimensions': {'ulimits': {'nofile': {'soft': 1048576, 'hard': 1048576}}}}}) 

TASK [ovn-db : Ensure configuration for relays exists] *************************
included: /opt/kolla-venv/share/kolla-ansible/ansible/roles/ovn-db/tasks/config-relay.yml for ctrl01 => (item=1)

TASK [ovn-db : Ensuring config directories exist for OVN relay containers] *****
ok: [ctrl01]

TASK [ovn-db : Copying over config.json files for OVN relay services] **********
ok: [ctrl01]

TASK [ovn-db : Generate config files for OVN relay services] *******************
ok: [ctrl01]

TASK [service-check-containers : ovn_db | Check containers] ********************
ok: [ctrl01] => (item={'key': 'ovn-northd', 'value': {'container_name': 'ovn_northd', 'group': 'ovn-northd', 'enabled': True, 'environment': {'OVN_NB_DB': 'tcp:192.168.1.101:6641', 'OVN_SB_DB': 'tcp:192.168.1.101:6642'}, 'image': 'quay.io/openstack.kolla/ovn-northd:2025.1-ubuntu-noble', 'volumes': ['/etc/kolla/ovn-northd/:/var/lib/kolla/config_files/:ro', '/etc/localtime:/etc/localtime:ro', 'kolla_logs:/var/log/kolla/'], 'dimensions': {'ulimits': {'nofile': {'soft': 1048576, 'hard': 1048576}}}}})
ok: [ctrl01] => (item={'key': 'ovn-nb-db', 'value': {'container_name': 'ovn_nb_db', 'group': 'ovn-nb-db', 'enabled': True, 'environment': {'OVN_NB_DB': 'tcp:192.168.1.101:6641'}, 'image': 'quay.io/openstack.kolla/ovn-nb-db-server:2025.1-ubuntu-noble', 'volumes': ['/etc/kolla/ovn-nb-db/:/var/lib/kolla/config_files/:ro', '/etc/localtime:/etc/localtime:ro', 'ovn_nb_db:/var/lib/openvswitch/ovn-nb/', 'kolla_logs:/var/log/kolla/'], 'dimensions': {'ulimits': {'nofile': {'soft': 1048576, 'hard': 1048576}}}}})
ok: [ctrl01] => (item={'key': 'ovn-sb-db', 'value': {'container_name': 'ovn_sb_db', 'group': 'ovn-sb-db', 'enabled': True, 'environment': {'OVN_SB_DB': 'tcp:192.168.1.101:6642'}, 'image': 'quay.io/openstack.kolla/ovn-sb-db-server:2025.1-ubuntu-noble', 'volumes': ['/etc/kolla/ovn-sb-db/:/var/lib/kolla/config_files/:ro', '/etc/localtime:/etc/localtime:ro', 'ovn_sb_db:/var/lib/openvswitch/ovn-sb/', 'kolla_logs:/var/log/kolla/'], 'dimensions': {'ulimits': {'nofile': {'soft': 1048576, 'hard': 1048576}}}}})
skipping: [ctrl01] => (item={'key': 'ovn-sb-db-relay', 'value': {'container_name': 'ovn_sb_db_relay', 'group': 'ovn-sb-db-relay', 'enabled': True, 'environment': {'RELAY_ID': '1'}, 'image': 'quay.io/openstack.kolla/ovn-sb-db-relay:2025.1-ubuntu-noble', 'iterate': True, 'iterate_var': '1', 'volumes': ['/etc/kolla/ovn-sb-db-relay/:/var/lib/kolla/config_files/:ro', '/etc/localtime:/etc/localtime:ro', 'kolla_logs:/var/log/kolla/'], 'dimensions': {'ulimits': {'nofile': {'soft': 1048576, 'hard': 1048576}}}}}) 

TASK [service-check-containers : ovn_db | Notify handlers to restart containers] ***
ok: [ctrl01] => {
    "msg": "Notifying handlers"
}

TASK [service-check-containers : Include tasks] ********************************
skipping: [ctrl01] => (item={'key': 'ovn-northd', 'value': {'container_name': 'ovn_northd', 'group': 'ovn-northd', 'enabled': True, 'environment': {'OVN_NB_DB': 'tcp:192.168.1.101:6641', 'OVN_SB_DB': 'tcp:192.168.1.101:6642'}, 'image': 'quay.io/openstack.kolla/ovn-northd:2025.1-ubuntu-noble', 'volumes': ['/etc/kolla/ovn-northd/:/var/lib/kolla/config_files/:ro', '/etc/localtime:/etc/localtime:ro', 'kolla_logs:/var/log/kolla/'], 'dimensions': {'ulimits': {'nofile': {'soft': 1048576, 'hard': 1048576}}}}}) 
skipping: [ctrl01] => (item={'key': 'ovn-nb-db', 'value': {'container_name': 'ovn_nb_db', 'group': 'ovn-nb-db', 'enabled': True, 'environment': {'OVN_NB_DB': 'tcp:192.168.1.101:6641'}, 'image': 'quay.io/openstack.kolla/ovn-nb-db-server:2025.1-ubuntu-noble', 'volumes': ['/etc/kolla/ovn-nb-db/:/var/lib/kolla/config_files/:ro', '/etc/localtime:/etc/localtime:ro', 'ovn_nb_db:/var/lib/openvswitch/ovn-nb/', 'kolla_logs:/var/log/kolla/'], 'dimensions': {'ulimits': {'nofile': {'soft': 1048576, 'hard': 1048576}}}}}) 
skipping: [ctrl01] => (item={'key': 'ovn-sb-db', 'value': {'container_name': 'ovn_sb_db', 'group': 'ovn-sb-db', 'enabled': True, 'environment': {'OVN_SB_DB': 'tcp:192.168.1.101:6642'}, 'image': 'quay.io/openstack.kolla/ovn-sb-db-server:2025.1-ubuntu-noble', 'volumes': ['/etc/kolla/ovn-sb-db/:/var/lib/kolla/config_files/:ro', '/etc/localtime:/etc/localtime:ro', 'ovn_sb_db:/var/lib/openvswitch/ovn-sb/', 'kolla_logs:/var/log/kolla/'], 'dimensions': {'ulimits': {'nofile': {'soft': 1048576, 'hard': 1048576}}}}}) 
included: /opt/kolla-venv/share/kolla-ansible/ansible/roles/service-check-containers/tasks/iterated.yml for ctrl01 => (item={'key': 'ovn-sb-db-relay', 'value': {'container_name': 'ovn_sb_db_relay', 'group': 'ovn-sb-db-relay', 'enabled': True, 'environment': {'RELAY_ID': '1'}, 'image': 'quay.io/openstack.kolla/ovn-sb-db-relay:2025.1-ubuntu-noble', 'iterate': True, 'iterate_var': '1', 'volumes': ['/etc/kolla/ovn-sb-db-relay/:/var/lib/kolla/config_files/:ro', '/etc/localtime:/etc/localtime:ro', 'kolla_logs:/var/log/kolla/'], 'dimensions': {'ulimits': {'nofile': {'soft': 1048576, 'hard': 1048576}}}}})

TASK [service-check-containers : ovn_db | Check containers with iteration] *****
ok: [ctrl01] => (item=1)

TASK [service-check-containers : Store changed containers to pass to the handler] ***
ok: [ctrl01]

TASK [service-check-containers : ovn_db | Notify handlers to restart containers] ***
ok: [ctrl01] => {
    "msg": "Nothing changed - not notifying handlers"
}

TASK [ovn-db : Flush handlers] *************************************************

TASK [ovn-db : Wait for leader election] ***************************************
skipping: [ctrl01]

TASK [ovn-db : Get OVN_Northbound cluster leader] ******************************
ok: [ctrl01]

TASK [ovn-db : Configure OVN NB connection settings] ***************************
changed: [ctrl01]

TASK [ovn-db : Get OVN_Southbound cluster leader] ******************************
ok: [ctrl01]

TASK [ovn-db : Configure OVN SB connection settings] ***************************
changed: [ctrl01]

TASK [ovn-db : Wait for ovn-nb-db] *********************************************
ok: [ctrl01]

TASK [ovn-db : Wait for ovn-sb-db] *********************************************
ok: [ctrl01]

TASK [ovn-db : Wait for ovn-sb-db-relay] ***************************************
ok: [ctrl01] => (item=1)

PLAY [Bootstrap nova API databases] ********************************************

TASK [Bootstrap deploy] ********************************************************
included: nova for ctrl01

TASK [nova : Creating Nova databases] ******************************************
changed: [ctrl01] => (item=nova_cell0)
changed: [ctrl01] => (item=nova_api)

TASK [nova : Creating Nova databases user and setting permissions] *************
changed: [ctrl01] => (item=None)
changed: [ctrl01] => (item=None)
changed: [ctrl01]

TASK [nova : Ensuring config directories exist] ********************************
changed: [ctrl01]

TASK [nova : Copying over config.json files for nova-api-bootstrap] ************
changed: [ctrl01]

TASK [nova : Copying over nova.conf for nova-api-bootstrap] ********************
changed: [ctrl01]

TASK [nova : include_tasks] ****************************************************
skipping: [ctrl01]

TASK [nova : Running Nova API bootstrap container] *****************************
ok: [ctrl01]

TASK [nova : Create cell0 mappings] ********************************************
changed: [ctrl01]

TASK [nova-cell : Get a list of existing cells] ********************************
ok: [ctrl01]

TASK [nova-cell : Extract current cell settings from list] *********************
ok: [ctrl01]

TASK [nova : Update cell0 mappings] ********************************************
skipping: [ctrl01]

TASK [nova : include_tasks] ****************************************************
included: /opt/kolla-venv/share/kolla-ansible/ansible/roles/nova/tasks/bootstrap_service.yml for ctrl01

TASK [nova : Running Nova API bootstrap container] *****************************
ok: [ctrl01]

TASK [Bootstrap upgrade] *******************************************************
skipping: [ctrl01]

PLAY [Bootstrap nova cell databases] *******************************************

TASK [Bootstrap deploy] ********************************************************
included: nova-cell for ctrl01

TASK [nova-cell : Creating Nova cell database] *********************************
changed: [ctrl01]

TASK [nova-cell : Creating Nova cell database user and setting permissions] ****
changed: [ctrl01]

TASK [service-rabbitmq : nova | Ensure RabbitMQ vhosts exist] ******************
skipping: [ctrl01]

TASK [service-rabbitmq : nova | Ensure RabbitMQ users exist] *******************
ok: [ctrl01] => (item=None)
ok: [ctrl01 -> {{ service_rabbitmq_delegate_host }}]

TASK [service-rabbitmq : nova | Ensure RabbitMQ vhosts exist] ******************
skipping: [ctrl01]

TASK [service-rabbitmq : nova | Ensure RabbitMQ users exist] *******************
skipping: [ctrl01] => (item=None) 
skipping: [ctrl01]

TASK [nova-cell : Ensuring config directories exist] ***************************
changed: [ctrl01]

TASK [nova-cell : Copying over config.json files for nova-cell-bootstrap] ******
changed: [ctrl01]

TASK [nova-cell : Copying over nova.conf for nova-cell-bootstrap] **************
changed: [ctrl01]

TASK [nova-cell : Running Nova cell bootstrap container] ***********************
ok: [ctrl01]

TASK [nova-cell : Get a list of existing cells] ********************************
ok: [ctrl01]

TASK [nova-cell : Extract current cell settings from list] *********************
ok: [ctrl01]

TASK [nova-cell : Create cell] *************************************************
changed: [ctrl01]

TASK [nova-cell : Update cell] *************************************************
skipping: [ctrl01]

TASK [Bootstrap upgrade] *******************************************************
skipping: [ctrl01]

PLAY [Apply role nova] *********************************************************

TASK [nova : include_tasks] ****************************************************
included: /opt/kolla-venv/share/kolla-ansible/ansible/roles/nova/tasks/deploy.yml for ctrl01

TASK [service-ks-register : nova | Creating/deleting services] *****************
skipping: [ctrl01] => (item=nova_legacy (compute_legacy)) 
changed: [ctrl01] => (item=nova (compute))

TASK [service-ks-register : nova | Creating/deleting endpoints] ****************
skipping: [ctrl01] => (item=nova_legacy -> http://192.168.1.250:8774/v2/%(tenant_id)s -> internal) 
skipping: [ctrl01] => (item=nova_legacy -> http://192.168.1.250:8774/v2/%(tenant_id)s -> public) 
changed: [ctrl01] => (item=nova -> http://192.168.1.250:8774/v2.1 -> internal)
changed: [ctrl01] => (item=nova -> http://192.168.1.250:8774/v2.1 -> public)

TASK [service-ks-register : nova | Creating projects] **************************
ok: [ctrl01] => (item=service)

TASK [service-ks-register : nova | Creating users] *****************************
changed: [ctrl01] => (item=nova -> service)

TASK [service-ks-register : nova | Creating roles] *****************************
ok: [ctrl01] => (item=admin)

TASK [service-ks-register : nova | Granting/revoking user roles] ***************
changed: [ctrl01] => (item=nova -> service -> admin)
changed: [ctrl01] => (item=nova -> service -> service)

TASK [nova : Ensuring config directories exist] ********************************
changed: [ctrl01] => (item={'key': 'nova-api', 'value': {'container_name': 'nova_api', 'group': 'nova-api', 'image': 'quay.io/openstack.kolla/nova-api:2025.1-ubuntu-noble', 'enabled': True, 'privileged': True, 'volumes': ['/etc/kolla/nova-api/:/var/lib/kolla/config_files/:ro', '/etc/localtime:/etc/localtime:ro', '/etc/timezone:/etc/timezone:ro', '/lib/modules:/lib/modules:ro', 'kolla_logs:/var/log/kolla/', '/dev/shm:/dev/shm', ''], 'dimensions': {'ulimits': {'nofile': {'soft': 1048576, 'hard': 1048576}}}, 'healthcheck': {'interval': '30', 'retries': '3', 'start_period': '5', 'test': ['CMD-SHELL', 'healthcheck_curl http://192.168.1.101:8774 '], 'timeout': '30'}, 'wsgi': 'nova.wsgi.osapi_compute:application', 'haproxy': {'nova_api': {'enabled': True, 'mode': 'http', 'external': False, 'port': '8774', 'listen_port': '8774', 'tls_backend': 'no', 'backend_http_extra': ['option httpchk']}, 'nova_api_external': {'enabled': True, 'mode': 'http', 'external': True, 'external_fqdn': '192.168.1.250', 'port': '8774', 'listen_port': '8774', 'tls_backend': 'no', 'backend_http_extra': ['option httpchk']}}}})
changed: [ctrl01] => (item={'key': 'nova-metadata', 'value': {'container_name': 'nova_metadata', 'group': 'nova-metadata', 'image': 'quay.io/openstack.kolla/nova-api:2025.1-ubuntu-noble', 'enabled': True, 'volumes': ['/etc/kolla/nova-metadata/:/var/lib/kolla/config_files/:ro', '/etc/localtime:/etc/localtime:ro', '/etc/timezone:/etc/timezone:ro', 'kolla_logs:/var/log/kolla/', ''], 'dimensions': {'ulimits': {'nofile': {'soft': 1048576, 'hard': 1048576}}}, 'healthcheck': {'interval': '30', 'retries': '3', 'start_period': '5', 'test': ['CMD-SHELL', 'healthcheck_curl http://192.168.1.101:8775 '], 'timeout': '30'}, 'wsgi': 'nova.wsgi.metadata:application', 'haproxy': {'nova_metadata': {'enabled': True, 'mode': 'http', 'external': False, 'port': '8775', 'listen_port': '8775', 'tls_backend': 'no', 'backend_http_extra': ['option httpchk']}, 'nova_metadata_external': {'enabled': 'no', 'mode': 'http', 'external': True, 'external_fqdn': '192.168.1.250', 'port': '8775', 'listen_port': '8775', 'tls_backend': 'no', 'backend_http_extra': ['option httpchk']}}}})
changed: [ctrl01] => (item={'key': 'nova-scheduler', 'value': {'container_name': 'nova_scheduler', 'group': 'nova-scheduler', 'image': 'quay.io/openstack.kolla/nova-scheduler:2025.1-ubuntu-noble', 'enabled': True, 'volumes': ['/etc/kolla/nova-scheduler/:/var/lib/kolla/config_files/:ro', '/etc/localtime:/etc/localtime:ro', '/etc/timezone:/etc/timezone:ro', 'kolla_logs:/var/log/kolla/', '/dev/shm:/dev/shm', ''], 'dimensions': {'ulimits': {'nofile': {'soft': 1048576, 'hard': 1048576}}}, 'healthcheck': {'interval': '30', 'retries': '3', 'start_period': '5', 'test': ['CMD-SHELL', 'healthcheck_port nova-scheduler 5672'], 'timeout': '30'}}})

TASK [nova : Check if policies shall be overwritten] ***************************
skipping: [ctrl01]

TASK [nova : Set nova policy file] *********************************************
skipping: [ctrl01]

TASK [nova : Check for vendordata file] ****************************************
ok: [ctrl01 -> localhost]

TASK [nova : Set vendordata file path] *****************************************
skipping: [ctrl01]

TASK [nova : include_tasks] ****************************************************
skipping: [ctrl01]

TASK [nova : Copying over config.json files for services] **********************
changed: [ctrl01] => (item={'key': 'nova-api', 'value': {'container_name': 'nova_api', 'group': 'nova-api', 'image': 'quay.io/openstack.kolla/nova-api:2025.1-ubuntu-noble', 'enabled': True, 'privileged': True, 'volumes': ['/etc/kolla/nova-api/:/var/lib/kolla/config_files/:ro', '/etc/localtime:/etc/localtime:ro', '/etc/timezone:/etc/timezone:ro', '/lib/modules:/lib/modules:ro', 'kolla_logs:/var/log/kolla/', '/dev/shm:/dev/shm', ''], 'dimensions': {'ulimits': {'nofile': {'soft': 1048576, 'hard': 1048576}}}, 'healthcheck': {'interval': '30', 'retries': '3', 'start_period': '5', 'test': ['CMD-SHELL', 'healthcheck_curl http://192.168.1.101:8774 '], 'timeout': '30'}, 'wsgi': 'nova.wsgi.osapi_compute:application', 'haproxy': {'nova_api': {'enabled': True, 'mode': 'http', 'external': False, 'port': '8774', 'listen_port': '8774', 'tls_backend': 'no', 'backend_http_extra': ['option httpchk']}, 'nova_api_external': {'enabled': True, 'mode': 'http', 'external': True, 'external_fqdn': '192.168.1.250', 'port': '8774', 'listen_port': '8774', 'tls_backend': 'no', 'backend_http_extra': ['option httpchk']}}}})
changed: [ctrl01] => (item={'key': 'nova-metadata', 'value': {'container_name': 'nova_metadata', 'group': 'nova-metadata', 'image': 'quay.io/openstack.kolla/nova-api:2025.1-ubuntu-noble', 'enabled': True, 'volumes': ['/etc/kolla/nova-metadata/:/var/lib/kolla/config_files/:ro', '/etc/localtime:/etc/localtime:ro', '/etc/timezone:/etc/timezone:ro', 'kolla_logs:/var/log/kolla/', ''], 'dimensions': {'ulimits': {'nofile': {'soft': 1048576, 'hard': 1048576}}}, 'healthcheck': {'interval': '30', 'retries': '3', 'start_period': '5', 'test': ['CMD-SHELL', 'healthcheck_curl http://192.168.1.101:8775 '], 'timeout': '30'}, 'wsgi': 'nova.wsgi.metadata:application', 'haproxy': {'nova_metadata': {'enabled': True, 'mode': 'http', 'external': False, 'port': '8775', 'listen_port': '8775', 'tls_backend': 'no', 'backend_http_extra': ['option httpchk']}, 'nova_metadata_external': {'enabled': 'no', 'mode': 'http', 'external': True, 'external_fqdn': '192.168.1.250', 'port': '8775', 'listen_port': '8775', 'tls_backend': 'no', 'backend_http_extra': ['option httpchk']}}}})
changed: [ctrl01] => (item={'key': 'nova-scheduler', 'value': {'container_name': 'nova_scheduler', 'group': 'nova-scheduler', 'image': 'quay.io/openstack.kolla/nova-scheduler:2025.1-ubuntu-noble', 'enabled': True, 'volumes': ['/etc/kolla/nova-scheduler/:/var/lib/kolla/config_files/:ro', '/etc/localtime:/etc/localtime:ro', '/etc/timezone:/etc/timezone:ro', 'kolla_logs:/var/log/kolla/', '/dev/shm:/dev/shm', ''], 'dimensions': {'ulimits': {'nofile': {'soft': 1048576, 'hard': 1048576}}}, 'healthcheck': {'interval': '30', 'retries': '3', 'start_period': '5', 'test': ['CMD-SHELL', 'healthcheck_port nova-scheduler 5672'], 'timeout': '30'}}})

TASK [nova : Copying over nova.conf] *******************************************
changed: [ctrl01] => (item={'key': 'nova-api', 'value': {'container_name': 'nova_api', 'group': 'nova-api', 'image': 'quay.io/openstack.kolla/nova-api:2025.1-ubuntu-noble', 'enabled': True, 'privileged': True, 'volumes': ['/etc/kolla/nova-api/:/var/lib/kolla/config_files/:ro', '/etc/localtime:/etc/localtime:ro', '/etc/timezone:/etc/timezone:ro', '/lib/modules:/lib/modules:ro', 'kolla_logs:/var/log/kolla/', '/dev/shm:/dev/shm', ''], 'dimensions': {'ulimits': {'nofile': {'soft': 1048576, 'hard': 1048576}}}, 'healthcheck': {'interval': '30', 'retries': '3', 'start_period': '5', 'test': ['CMD-SHELL', 'healthcheck_curl http://192.168.1.101:8774 '], 'timeout': '30'}, 'wsgi': 'nova.wsgi.osapi_compute:application', 'haproxy': {'nova_api': {'enabled': True, 'mode': 'http', 'external': False, 'port': '8774', 'listen_port': '8774', 'tls_backend': 'no', 'backend_http_extra': ['option httpchk']}, 'nova_api_external': {'enabled': True, 'mode': 'http', 'external': True, 'external_fqdn': '192.168.1.250', 'port': '8774', 'listen_port': '8774', 'tls_backend': 'no', 'backend_http_extra': ['option httpchk']}}}})
changed: [ctrl01] => (item={'key': 'nova-metadata', 'value': {'container_name': 'nova_metadata', 'group': 'nova-metadata', 'image': 'quay.io/openstack.kolla/nova-api:2025.1-ubuntu-noble', 'enabled': True, 'volumes': ['/etc/kolla/nova-metadata/:/var/lib/kolla/config_files/:ro', '/etc/localtime:/etc/localtime:ro', '/etc/timezone:/etc/timezone:ro', 'kolla_logs:/var/log/kolla/', ''], 'dimensions': {'ulimits': {'nofile': {'soft': 1048576, 'hard': 1048576}}}, 'healthcheck': {'interval': '30', 'retries': '3', 'start_period': '5', 'test': ['CMD-SHELL', 'healthcheck_curl http://192.168.1.101:8775 '], 'timeout': '30'}, 'wsgi': 'nova.wsgi.metadata:application', 'haproxy': {'nova_metadata': {'enabled': True, 'mode': 'http', 'external': False, 'port': '8775', 'listen_port': '8775', 'tls_backend': 'no', 'backend_http_extra': ['option httpchk']}, 'nova_metadata_external': {'enabled': 'no', 'mode': 'http', 'external': True, 'external_fqdn': '192.168.1.250', 'port': '8775', 'listen_port': '8775', 'tls_backend': 'no', 'backend_http_extra': ['option httpchk']}}}})
changed: [ctrl01] => (item={'key': 'nova-scheduler', 'value': {'container_name': 'nova_scheduler', 'group': 'nova-scheduler', 'image': 'quay.io/openstack.kolla/nova-scheduler:2025.1-ubuntu-noble', 'enabled': True, 'volumes': ['/etc/kolla/nova-scheduler/:/var/lib/kolla/config_files/:ro', '/etc/localtime:/etc/localtime:ro', '/etc/timezone:/etc/timezone:ro', 'kolla_logs:/var/log/kolla/', '/dev/shm:/dev/shm', ''], 'dimensions': {'ulimits': {'nofile': {'soft': 1048576, 'hard': 1048576}}}, 'healthcheck': {'interval': '30', 'retries': '3', 'start_period': '5', 'test': ['CMD-SHELL', 'healthcheck_port nova-scheduler 5672'], 'timeout': '30'}}})

TASK [nova : Copying over existing policy file] ********************************
skipping: [ctrl01] => (item={'key': 'nova-api', 'value': {'container_name': 'nova_api', 'group': 'nova-api', 'image': 'quay.io/openstack.kolla/nova-api:2025.1-ubuntu-noble', 'enabled': True, 'privileged': True, 'volumes': ['/etc/kolla/nova-api/:/var/lib/kolla/config_files/:ro', '/etc/localtime:/etc/localtime:ro', '/etc/timezone:/etc/timezone:ro', '/lib/modules:/lib/modules:ro', 'kolla_logs:/var/log/kolla/', '/dev/shm:/dev/shm', ''], 'dimensions': {'ulimits': {'nofile': {'soft': 1048576, 'hard': 1048576}}}, 'healthcheck': {'interval': '30', 'retries': '3', 'start_period': '5', 'test': ['CMD-SHELL', 'healthcheck_curl http://192.168.1.101:8774 '], 'timeout': '30'}, 'wsgi': 'nova.wsgi.osapi_compute:application', 'haproxy': {'nova_api': {'enabled': True, 'mode': 'http', 'external': False, 'port': '8774', 'listen_port': '8774', 'tls_backend': 'no', 'backend_http_extra': ['option httpchk']}, 'nova_api_external': {'enabled': True, 'mode': 'http', 'external': True, 'external_fqdn': '192.168.1.250', 'port': '8774', 'listen_port': '8774', 'tls_backend': 'no', 'backend_http_extra': ['option httpchk']}}}}) 
skipping: [ctrl01] => (item={'key': 'nova-metadata', 'value': {'container_name': 'nova_metadata', 'group': 'nova-metadata', 'image': 'quay.io/openstack.kolla/nova-api:2025.1-ubuntu-noble', 'enabled': True, 'volumes': ['/etc/kolla/nova-metadata/:/var/lib/kolla/config_files/:ro', '/etc/localtime:/etc/localtime:ro', '/etc/timezone:/etc/timezone:ro', 'kolla_logs:/var/log/kolla/', ''], 'dimensions': {'ulimits': {'nofile': {'soft': 1048576, 'hard': 1048576}}}, 'healthcheck': {'interval': '30', 'retries': '3', 'start_period': '5', 'test': ['CMD-SHELL', 'healthcheck_curl http://192.168.1.101:8775 '], 'timeout': '30'}, 'wsgi': 'nova.wsgi.metadata:application', 'haproxy': {'nova_metadata': {'enabled': True, 'mode': 'http', 'external': False, 'port': '8775', 'listen_port': '8775', 'tls_backend': 'no', 'backend_http_extra': ['option httpchk']}, 'nova_metadata_external': {'enabled': 'no', 'mode': 'http', 'external': True, 'external_fqdn': '192.168.1.250', 'port': '8775', 'listen_port': '8775', 'tls_backend': 'no', 'backend_http_extra': ['option httpchk']}}}}) 
skipping: [ctrl01] => (item={'key': 'nova-scheduler', 'value': {'container_name': 'nova_scheduler', 'group': 'nova-scheduler', 'image': 'quay.io/openstack.kolla/nova-scheduler:2025.1-ubuntu-noble', 'enabled': True, 'volumes': ['/etc/kolla/nova-scheduler/:/var/lib/kolla/config_files/:ro', '/etc/localtime:/etc/localtime:ro', '/etc/timezone:/etc/timezone:ro', 'kolla_logs:/var/log/kolla/', '/dev/shm:/dev/shm', ''], 'dimensions': {'ulimits': {'nofile': {'soft': 1048576, 'hard': 1048576}}}, 'healthcheck': {'interval': '30', 'retries': '3', 'start_period': '5', 'test': ['CMD-SHELL', 'healthcheck_port nova-scheduler 5672'], 'timeout': '30'}}}) 
skipping: [ctrl01]

TASK [nova : Copying over nova-api-wsgi.conf] **********************************
skipping: [ctrl01]

TASK [nova : Copying over nova-metadata-wsgi.conf] *****************************
skipping: [ctrl01]

TASK [nova : Copying over vendordata file for nova services] *******************
skipping: [ctrl01] => (item=nova-metadata) 
skipping: [ctrl01] => (item=nova-api) 
skipping: [ctrl01]

TASK [Configure uWSGI for Nova] ************************************************
included: service-uwsgi-config for ctrl01 => (item={'name': 'nova-api', 'port': '8774', 'workers': '5'})
included: service-uwsgi-config for ctrl01 => (item={'name': 'nova-metadata', 'port': '8775', 'workers': '5'})

TASK [service-uwsgi-config : Copying over nova-api uWSGI config] ***************
changed: [ctrl01]

TASK [service-uwsgi-config : Copying over nova-metadata uWSGI config] **********
changed: [ctrl01]

TASK [service-check-containers : nova | Check containers] **********************
changed: [ctrl01] => (item={'key': 'nova-api', 'value': {'container_name': 'nova_api', 'group': 'nova-api', 'image': 'quay.io/openstack.kolla/nova-api:2025.1-ubuntu-noble', 'enabled': True, 'privileged': True, 'volumes': ['/etc/kolla/nova-api/:/var/lib/kolla/config_files/:ro', '/etc/localtime:/etc/localtime:ro', '/etc/timezone:/etc/timezone:ro', '/lib/modules:/lib/modules:ro', 'kolla_logs:/var/log/kolla/', '/dev/shm:/dev/shm', ''], 'dimensions': {'ulimits': {'nofile': {'soft': 1048576, 'hard': 1048576}}}, 'healthcheck': {'interval': '30', 'retries': '3', 'start_period': '5', 'test': ['CMD-SHELL', 'healthcheck_curl http://192.168.1.101:8774 '], 'timeout': '30'}, 'wsgi': 'nova.wsgi.osapi_compute:application', 'haproxy': {'nova_api': {'enabled': True, 'mode': 'http', 'external': False, 'port': '8774', 'listen_port': '8774', 'tls_backend': 'no', 'backend_http_extra': ['option httpchk']}, 'nova_api_external': {'enabled': True, 'mode': 'http', 'external': True, 'external_fqdn': '192.168.1.250', 'port': '8774', 'listen_port': '8774', 'tls_backend': 'no', 'backend_http_extra': ['option httpchk']}}}})
changed: [ctrl01] => (item={'key': 'nova-metadata', 'value': {'container_name': 'nova_metadata', 'group': 'nova-metadata', 'image': 'quay.io/openstack.kolla/nova-api:2025.1-ubuntu-noble', 'enabled': True, 'volumes': ['/etc/kolla/nova-metadata/:/var/lib/kolla/config_files/:ro', '/etc/localtime:/etc/localtime:ro', '/etc/timezone:/etc/timezone:ro', 'kolla_logs:/var/log/kolla/', ''], 'dimensions': {'ulimits': {'nofile': {'soft': 1048576, 'hard': 1048576}}}, 'healthcheck': {'interval': '30', 'retries': '3', 'start_period': '5', 'test': ['CMD-SHELL', 'healthcheck_curl http://192.168.1.101:8775 '], 'timeout': '30'}, 'wsgi': 'nova.wsgi.metadata:application', 'haproxy': {'nova_metadata': {'enabled': True, 'mode': 'http', 'external': False, 'port': '8775', 'listen_port': '8775', 'tls_backend': 'no', 'backend_http_extra': ['option httpchk']}, 'nova_metadata_external': {'enabled': 'no', 'mode': 'http', 'external': True, 'external_fqdn': '192.168.1.250', 'port': '8775', 'listen_port': '8775', 'tls_backend': 'no', 'backend_http_extra': ['option httpchk']}}}})
changed: [ctrl01] => (item={'key': 'nova-scheduler', 'value': {'container_name': 'nova_scheduler', 'group': 'nova-scheduler', 'image': 'quay.io/openstack.kolla/nova-scheduler:2025.1-ubuntu-noble', 'enabled': True, 'volumes': ['/etc/kolla/nova-scheduler/:/var/lib/kolla/config_files/:ro', '/etc/localtime:/etc/localtime:ro', '/etc/timezone:/etc/timezone:ro', 'kolla_logs:/var/log/kolla/', '/dev/shm:/dev/shm', ''], 'dimensions': {'ulimits': {'nofile': {'soft': 1048576, 'hard': 1048576}}}, 'healthcheck': {'interval': '30', 'retries': '3', 'start_period': '5', 'test': ['CMD-SHELL', 'healthcheck_port nova-scheduler 5672'], 'timeout': '30'}}})

TASK [service-check-containers : nova | Notify handlers to restart containers] ***
changed: [ctrl01] => {
    "msg": "Notifying handlers"
}

TASK [service-check-containers : Include tasks] ********************************
skipping: [ctrl01] => (item={'key': 'nova-api', 'value': {'container_name': 'nova_api', 'group': 'nova-api', 'image': 'quay.io/openstack.kolla/nova-api:2025.1-ubuntu-noble', 'enabled': True, 'privileged': True, 'volumes': ['/etc/kolla/nova-api/:/var/lib/kolla/config_files/:ro', '/etc/localtime:/etc/localtime:ro', '/etc/timezone:/etc/timezone:ro', '/lib/modules:/lib/modules:ro', 'kolla_logs:/var/log/kolla/', '/dev/shm:/dev/shm', ''], 'dimensions': {'ulimits': {'nofile': {'soft': 1048576, 'hard': 1048576}}}, 'healthcheck': {'interval': '30', 'retries': '3', 'start_period': '5', 'test': ['CMD-SHELL', 'healthcheck_curl http://192.168.1.101:8774 '], 'timeout': '30'}, 'wsgi': 'nova.wsgi.osapi_compute:application', 'haproxy': {'nova_api': {'enabled': True, 'mode': 'http', 'external': False, 'port': '8774', 'listen_port': '8774', 'tls_backend': 'no', 'backend_http_extra': ['option httpchk']}, 'nova_api_external': {'enabled': True, 'mode': 'http', 'external': True, 'external_fqdn': '192.168.1.250', 'port': '8774', 'listen_port': '8774', 'tls_backend': 'no', 'backend_http_extra': ['option httpchk']}}}}) 
skipping: [ctrl01] => (item={'key': 'nova-metadata', 'value': {'container_name': 'nova_metadata', 'group': 'nova-metadata', 'image': 'quay.io/openstack.kolla/nova-api:2025.1-ubuntu-noble', 'enabled': True, 'volumes': ['/etc/kolla/nova-metadata/:/var/lib/kolla/config_files/:ro', '/etc/localtime:/etc/localtime:ro', '/etc/timezone:/etc/timezone:ro', 'kolla_logs:/var/log/kolla/', ''], 'dimensions': {'ulimits': {'nofile': {'soft': 1048576, 'hard': 1048576}}}, 'healthcheck': {'interval': '30', 'retries': '3', 'start_period': '5', 'test': ['CMD-SHELL', 'healthcheck_curl http://192.168.1.101:8775 '], 'timeout': '30'}, 'wsgi': 'nova.wsgi.metadata:application', 'haproxy': {'nova_metadata': {'enabled': True, 'mode': 'http', 'external': False, 'port': '8775', 'listen_port': '8775', 'tls_backend': 'no', 'backend_http_extra': ['option httpchk']}, 'nova_metadata_external': {'enabled': 'no', 'mode': 'http', 'external': True, 'external_fqdn': '192.168.1.250', 'port': '8775', 'listen_port': '8775', 'tls_backend': 'no', 'backend_http_extra': ['option httpchk']}}}}) 
skipping: [ctrl01] => (item={'key': 'nova-scheduler', 'value': {'container_name': 'nova_scheduler', 'group': 'nova-scheduler', 'image': 'quay.io/openstack.kolla/nova-scheduler:2025.1-ubuntu-noble', 'enabled': True, 'volumes': ['/etc/kolla/nova-scheduler/:/var/lib/kolla/config_files/:ro', '/etc/localtime:/etc/localtime:ro', '/etc/timezone:/etc/timezone:ro', 'kolla_logs:/var/log/kolla/', '/dev/shm:/dev/shm', ''], 'dimensions': {'ulimits': {'nofile': {'soft': 1048576, 'hard': 1048576}}}, 'healthcheck': {'interval': '30', 'retries': '3', 'start_period': '5', 'test': ['CMD-SHELL', 'healthcheck_port nova-scheduler 5672'], 'timeout': '30'}}}) 
skipping: [ctrl01]

TASK [nova : Flush handlers] ***************************************************

RUNNING HANDLER [nova : Restart nova-scheduler container] **********************
changed: [ctrl01]

RUNNING HANDLER [nova : Restart nova-api container] ****************************
changed: [ctrl01]

RUNNING HANDLER [nova : Restart nova-metadata container] ***********************
changed: [ctrl01]

PLAY [Apply role nova-cell] ****************************************************

TASK [nova-cell : include_tasks] ***********************************************
included: /opt/kolla-venv/share/kolla-ansible/ansible/roles/nova-cell/tasks/deploy.yml for comp01, ctrl01

TASK [nova-cell : include_tasks] ***********************************************
skipping: [comp01]
skipping: [ctrl01]

TASK [nova-cell : Get new Libvirt version] *************************************
changed: [comp01]

TASK [nova-cell : Cache new Libvirt version] ***********************************
ok: [comp01]

TASK [Get nova_libvirt image info] *********************************************
included: service-image-info for comp01

TASK [service-image-info : community.docker.docker_image_info] *****************
ok: [comp01]

TASK [service-image-info : set_fact] *******************************************
ok: [comp01]

TASK [service-image-info : containers.podman.podman_image_info] ****************
skipping: [comp01]

TASK [service-image-info : set_fact] *******************************************
skipping: [comp01]

TASK [nova-cell : Get container facts] *****************************************
skipping: [ctrl01]
ok: [comp01]

TASK [nova-cell : Get current Libvirt version] *********************************
skipping: [ctrl01]
skipping: [comp01]

TASK [nova-cell : Check that the new Libvirt version is >= current] ************
skipping: [comp01]
skipping: [ctrl01]

TASK [nova-cell : Look for kolla_nova_libvirt_start in the nova_libvirt image] ***
changed: [comp01]

TASK [nova-cell : Assert the nova_libvirt image is recent enough] **************
ok: [comp01] => {
    "changed": false,
    "msg": "nova_libvirt image provides kolla_nova_libvirt_start.\n"
}

TASK [Load and persist br_netfilter module] ************************************
skipping: [ctrl01]
included: module-load for comp01

TASK [module-load : Load modules] **********************************************
changed: [comp01] => (item=br_netfilter)

TASK [module-load : Persist modules via modules-load.d] ************************
changed: [comp01] => (item=br_netfilter)

TASK [module-load : Drop module persistence] ***********************************
skipping: [comp01] => (item=br_netfilter) 
skipping: [comp01]

TASK [nova-cell : Enable bridge-nf-call sysctl variables] **********************
skipping: [ctrl01] => (item=net.bridge.bridge-nf-call-iptables) 
skipping: [ctrl01] => (item=net.bridge.bridge-nf-call-ip6tables) 
skipping: [ctrl01]
changed: [comp01] => (item=net.bridge.bridge-nf-call-iptables)
changed: [comp01] => (item=net.bridge.bridge-nf-call-ip6tables)

TASK [nova-cell : Install udev kolla kvm rules] ********************************
skipping: [ctrl01]
changed: [comp01]

TASK [nova-cell : Mask qemu-kvm service] ***************************************
skipping: [ctrl01]
changed: [comp01]

TASK [nova-cell : Ensuring config directories exist] ***************************
changed: [ctrl01] => (item={'key': 'nova-novncproxy', 'value': {'container_name': 'nova_novncproxy', 'group': 'nova-novncproxy', 'image': 'quay.io/openstack.kolla/nova-novncproxy:2025.1-ubuntu-noble', 'enabled': True, 'volumes': ['/etc/kolla/nova-novncproxy/:/var/lib/kolla/config_files/:ro', '/etc/localtime:/etc/localtime:ro', '/etc/timezone:/etc/timezone:ro', 'kolla_logs:/var/log/kolla/', '/dev/shm:/dev/shm', ''], 'dimensions': {'ulimits': {'nofile': {'soft': 1048576, 'hard': 1048576}}}, 'healthcheck': {'interval': '30', 'retries': '3', 'start_period': '5', 'test': ['CMD-SHELL', 'healthcheck_curl http://192.168.1.101:6080/vnc_lite.html'], 'timeout': '30'}}})
changed: [comp01] => (item={'key': 'nova-libvirt', 'value': {'container_name': 'nova_libvirt', 'group': 'compute', 'enabled': True, 'image': 'quay.io/openstack.kolla/nova-libvirt:2025.1-ubuntu-noble', 'pid_mode': 'host', 'cgroupns_mode': 'host', 'privileged': True, 'volumes': ['/etc/kolla/nova-libvirt/:/var/lib/kolla/config_files/:ro', '/etc/localtime:/etc/localtime:ro', '/etc/timezone:/etc/timezone:ro', '/lib/modules:/lib/modules:ro', '/run:/run:shared', '/dev:/dev', '', '/sys/fs/cgroup:/sys/fs/cgroup', 'kolla_logs:/var/log/kolla/', 'libvirtd:/var/lib/libvirt', 'nova_compute:/var/lib/nova/', '', 'nova_libvirt_qemu:/etc/libvirt/qemu', ''], 'dimensions': {'ulimits': {'nofile': {'soft': 1048576, 'hard': 1048576}, 'memlock': {'soft': 67108864, 'hard': 67108864}}}, 'healthcheck': {'interval': '30', 'retries': '3', 'start_period': '5', 'test': ['CMD-SHELL', 'virsh version --daemon'], 'timeout': '30'}}})
changed: [ctrl01] => (item={'key': 'nova-conductor', 'value': {'container_name': 'nova_conductor', 'group': 'nova-conductor', 'enabled': True, 'image': 'quay.io/openstack.kolla/nova-conductor:2025.1-ubuntu-noble', 'volumes': ['/etc/kolla/nova-conductor/:/var/lib/kolla/config_files/:ro', '/etc/localtime:/etc/localtime:ro', '/etc/timezone:/etc/timezone:ro', 'kolla_logs:/var/log/kolla/', '/dev/shm:/dev/shm', ''], 'dimensions': {'ulimits': {'nofile': {'soft': 1048576, 'hard': 1048576}}}, 'healthcheck': {'interval': '30', 'retries': '3', 'start_period': '5', 'test': ['CMD-SHELL', 'healthcheck_port nova-conductor 5672'], 'timeout': '30'}}})
changed: [comp01] => (item={'key': 'nova-ssh', 'value': {'container_name': 'nova_ssh', 'group': 'compute', 'image': 'quay.io/openstack.kolla/nova-ssh:2025.1-ubuntu-noble', 'enabled': True, 'volumes': ['/etc/kolla/nova-ssh/:/var/lib/kolla/config_files/:ro', '/etc/localtime:/etc/localtime:ro', '/etc/timezone:/etc/timezone:ro', 'kolla_logs:/var/log/kolla', 'nova_compute:/var/lib/nova', '', ''], 'dimensions': {'ulimits': {'nofile': {'soft': 1048576, 'hard': 1048576}}}, 'healthcheck': {'interval': '30', 'retries': '3', 'start_period': '5', 'test': ['CMD-SHELL', 'healthcheck_listen sshd 8022'], 'timeout': '30'}}})
changed: [comp01] => (item={'key': 'nova-compute', 'value': {'container_name': 'nova_compute', 'group': 'compute', 'image': 'quay.io/openstack.kolla/nova-compute:2025.1-ubuntu-noble', 'environment': {'LIBGUESTFS_BACKEND': 'direct'}, 'privileged': True, 'enabled': True, 'ipc_mode': 'host', 'volumes': ['/etc/kolla/nova-compute/:/var/lib/kolla/config_files/:ro', '/etc/localtime:/etc/localtime:ro', '/etc/timezone:/etc/timezone:ro', '/lib/modules:/lib/modules:ro', '/run:/run:shared', '/dev:/dev', 'kolla_logs:/var/log/kolla/', '', 'libvirtd:/var/lib/libvirt', 'nova_compute:/var/lib/nova/', '', ''], 'dimensions': {'ulimits': {'nofile': {'soft': 1048576, 'hard': 1048576}}}, 'healthcheck': {'interval': '30', 'retries': '3', 'start_period': '5', 'test': ['CMD-SHELL', 'healthcheck_port nova-compute 5672'], 'timeout': '30'}}})

TASK [nova-cell : include_tasks] ***********************************************
skipping: [comp01]
skipping: [ctrl01]

TASK [nova-cell : include_tasks] ***********************************************
skipping: [comp01]
skipping: [ctrl01]

TASK [nova-cell : Check if policies shall be overwritten] **********************
skipping: [comp01]

TASK [nova-cell : Set nova policy file] ****************************************
skipping: [comp01]
skipping: [ctrl01]

TASK [nova-cell : Check for vendordata file] ***********************************
ok: [comp01 -> localhost]

TASK [nova-cell : Set vendordata file path] ************************************
skipping: [comp01]
skipping: [ctrl01]

TASK [nova-cell : List all hypervisors] ****************************************
skipping: [ctrl01]
ok: [comp01 -> ctrl01(192.168.1.101)]

TASK [nova-cell : Match current hypervisor] ************************************
skipping: [comp01]
skipping: [ctrl01]

TASK [nova-cell : Assert that only one hypervisor was matched] *****************
skipping: [comp01]
skipping: [ctrl01]

TASK [nova-cell : Copy the matched hypervisor UUID to compute_id] **************
skipping: [comp01]
skipping: [ctrl01]

TASK [nova-cell : Generate a new UUID then copy to compute_id] *****************
skipping: [ctrl01]
changed: [comp01]

TASK [nova-cell : Copying over config.json files for services] *****************
changed: [ctrl01] => (item={'key': 'nova-novncproxy', 'value': {'container_name': 'nova_novncproxy', 'group': 'nova-novncproxy', 'image': 'quay.io/openstack.kolla/nova-novncproxy:2025.1-ubuntu-noble', 'enabled': True, 'volumes': ['/etc/kolla/nova-novncproxy/:/var/lib/kolla/config_files/:ro', '/etc/localtime:/etc/localtime:ro', '/etc/timezone:/etc/timezone:ro', 'kolla_logs:/var/log/kolla/', '/dev/shm:/dev/shm', ''], 'dimensions': {'ulimits': {'nofile': {'soft': 1048576, 'hard': 1048576}}}, 'healthcheck': {'interval': '30', 'retries': '3', 'start_period': '5', 'test': ['CMD-SHELL', 'healthcheck_curl http://192.168.1.101:6080/vnc_lite.html'], 'timeout': '30'}}})
changed: [comp01] => (item={'key': 'nova-libvirt', 'value': {'container_name': 'nova_libvirt', 'group': 'compute', 'enabled': True, 'image': 'quay.io/openstack.kolla/nova-libvirt:2025.1-ubuntu-noble', 'pid_mode': 'host', 'cgroupns_mode': 'host', 'privileged': True, 'volumes': ['/etc/kolla/nova-libvirt/:/var/lib/kolla/config_files/:ro', '/etc/localtime:/etc/localtime:ro', '/etc/timezone:/etc/timezone:ro', '/lib/modules:/lib/modules:ro', '/run:/run:shared', '/dev:/dev', '', '/sys/fs/cgroup:/sys/fs/cgroup', 'kolla_logs:/var/log/kolla/', 'libvirtd:/var/lib/libvirt', 'nova_compute:/var/lib/nova/', '', 'nova_libvirt_qemu:/etc/libvirt/qemu', ''], 'dimensions': {'ulimits': {'nofile': {'soft': 1048576, 'hard': 1048576}, 'memlock': {'soft': 67108864, 'hard': 67108864}}}, 'healthcheck': {'interval': '30', 'retries': '3', 'start_period': '5', 'test': ['CMD-SHELL', 'virsh version --daemon'], 'timeout': '30'}}})
changed: [ctrl01] => (item={'key': 'nova-conductor', 'value': {'container_name': 'nova_conductor', 'group': 'nova-conductor', 'enabled': True, 'image': 'quay.io/openstack.kolla/nova-conductor:2025.1-ubuntu-noble', 'volumes': ['/etc/kolla/nova-conductor/:/var/lib/kolla/config_files/:ro', '/etc/localtime:/etc/localtime:ro', '/etc/timezone:/etc/timezone:ro', 'kolla_logs:/var/log/kolla/', '/dev/shm:/dev/shm', ''], 'dimensions': {'ulimits': {'nofile': {'soft': 1048576, 'hard': 1048576}}}, 'healthcheck': {'interval': '30', 'retries': '3', 'start_period': '5', 'test': ['CMD-SHELL', 'healthcheck_port nova-conductor 5672'], 'timeout': '30'}}})
changed: [comp01] => (item={'key': 'nova-ssh', 'value': {'container_name': 'nova_ssh', 'group': 'compute', 'image': 'quay.io/openstack.kolla/nova-ssh:2025.1-ubuntu-noble', 'enabled': True, 'volumes': ['/etc/kolla/nova-ssh/:/var/lib/kolla/config_files/:ro', '/etc/localtime:/etc/localtime:ro', '/etc/timezone:/etc/timezone:ro', 'kolla_logs:/var/log/kolla', 'nova_compute:/var/lib/nova', '', ''], 'dimensions': {'ulimits': {'nofile': {'soft': 1048576, 'hard': 1048576}}}, 'healthcheck': {'interval': '30', 'retries': '3', 'start_period': '5', 'test': ['CMD-SHELL', 'healthcheck_listen sshd 8022'], 'timeout': '30'}}})
changed: [comp01] => (item={'key': 'nova-compute', 'value': {'container_name': 'nova_compute', 'group': 'compute', 'image': 'quay.io/openstack.kolla/nova-compute:2025.1-ubuntu-noble', 'environment': {'LIBGUESTFS_BACKEND': 'direct'}, 'privileged': True, 'enabled': True, 'ipc_mode': 'host', 'volumes': ['/etc/kolla/nova-compute/:/var/lib/kolla/config_files/:ro', '/etc/localtime:/etc/localtime:ro', '/etc/timezone:/etc/timezone:ro', '/lib/modules:/lib/modules:ro', '/run:/run:shared', '/dev:/dev', 'kolla_logs:/var/log/kolla/', '', 'libvirtd:/var/lib/libvirt', 'nova_compute:/var/lib/nova/', '', ''], 'dimensions': {'ulimits': {'nofile': {'soft': 1048576, 'hard': 1048576}}}, 'healthcheck': {'interval': '30', 'retries': '3', 'start_period': '5', 'test': ['CMD-SHELL', 'healthcheck_port nova-compute 5672'], 'timeout': '30'}}})

TASK [nova-cell : Copying over nova.conf] **************************************
skipping: [comp01] => (item={'key': 'nova-libvirt', 'value': {'container_name': 'nova_libvirt', 'group': 'compute', 'enabled': True, 'image': 'quay.io/openstack.kolla/nova-libvirt:2025.1-ubuntu-noble', 'pid_mode': 'host', 'cgroupns_mode': 'host', 'privileged': True, 'volumes': ['/etc/kolla/nova-libvirt/:/var/lib/kolla/config_files/:ro', '/etc/localtime:/etc/localtime:ro', '/etc/timezone:/etc/timezone:ro', '/lib/modules:/lib/modules:ro', '/run:/run:shared', '/dev:/dev', '', '/sys/fs/cgroup:/sys/fs/cgroup', 'kolla_logs:/var/log/kolla/', 'libvirtd:/var/lib/libvirt', 'nova_compute:/var/lib/nova/', '', 'nova_libvirt_qemu:/etc/libvirt/qemu', ''], 'dimensions': {'ulimits': {'nofile': {'soft': 1048576, 'hard': 1048576}, 'memlock': {'soft': 67108864, 'hard': 67108864}}}, 'healthcheck': {'interval': '30', 'retries': '3', 'start_period': '5', 'test': ['CMD-SHELL', 'virsh version --daemon'], 'timeout': '30'}}}) 
skipping: [comp01] => (item={'key': 'nova-ssh', 'value': {'container_name': 'nova_ssh', 'group': 'compute', 'image': 'quay.io/openstack.kolla/nova-ssh:2025.1-ubuntu-noble', 'enabled': True, 'volumes': ['/etc/kolla/nova-ssh/:/var/lib/kolla/config_files/:ro', '/etc/localtime:/etc/localtime:ro', '/etc/timezone:/etc/timezone:ro', 'kolla_logs:/var/log/kolla', 'nova_compute:/var/lib/nova', '', ''], 'dimensions': {'ulimits': {'nofile': {'soft': 1048576, 'hard': 1048576}}}, 'healthcheck': {'interval': '30', 'retries': '3', 'start_period': '5', 'test': ['CMD-SHELL', 'healthcheck_listen sshd 8022'], 'timeout': '30'}}}) 
changed: [ctrl01] => (item={'key': 'nova-novncproxy', 'value': {'container_name': 'nova_novncproxy', 'group': 'nova-novncproxy', 'image': 'quay.io/openstack.kolla/nova-novncproxy:2025.1-ubuntu-noble', 'enabled': True, 'volumes': ['/etc/kolla/nova-novncproxy/:/var/lib/kolla/config_files/:ro', '/etc/localtime:/etc/localtime:ro', '/etc/timezone:/etc/timezone:ro', 'kolla_logs:/var/log/kolla/', '/dev/shm:/dev/shm', ''], 'dimensions': {'ulimits': {'nofile': {'soft': 1048576, 'hard': 1048576}}}, 'healthcheck': {'interval': '30', 'retries': '3', 'start_period': '5', 'test': ['CMD-SHELL', 'healthcheck_curl http://192.168.1.101:6080/vnc_lite.html'], 'timeout': '30'}}})
changed: [comp01] => (item={'key': 'nova-compute', 'value': {'container_name': 'nova_compute', 'group': 'compute', 'image': 'quay.io/openstack.kolla/nova-compute:2025.1-ubuntu-noble', 'environment': {'LIBGUESTFS_BACKEND': 'direct'}, 'privileged': True, 'enabled': True, 'ipc_mode': 'host', 'volumes': ['/etc/kolla/nova-compute/:/var/lib/kolla/config_files/:ro', '/etc/localtime:/etc/localtime:ro', '/etc/timezone:/etc/timezone:ro', '/lib/modules:/lib/modules:ro', '/run:/run:shared', '/dev:/dev', 'kolla_logs:/var/log/kolla/', '', 'libvirtd:/var/lib/libvirt', 'nova_compute:/var/lib/nova/', '', ''], 'dimensions': {'ulimits': {'nofile': {'soft': 1048576, 'hard': 1048576}}}, 'healthcheck': {'interval': '30', 'retries': '3', 'start_period': '5', 'test': ['CMD-SHELL', 'healthcheck_port nova-compute 5672'], 'timeout': '30'}}})
changed: [ctrl01] => (item={'key': 'nova-conductor', 'value': {'container_name': 'nova_conductor', 'group': 'nova-conductor', 'enabled': True, 'image': 'quay.io/openstack.kolla/nova-conductor:2025.1-ubuntu-noble', 'volumes': ['/etc/kolla/nova-conductor/:/var/lib/kolla/config_files/:ro', '/etc/localtime:/etc/localtime:ro', '/etc/timezone:/etc/timezone:ro', 'kolla_logs:/var/log/kolla/', '/dev/shm:/dev/shm', ''], 'dimensions': {'ulimits': {'nofile': {'soft': 1048576, 'hard': 1048576}}}, 'healthcheck': {'interval': '30', 'retries': '3', 'start_period': '5', 'test': ['CMD-SHELL', 'healthcheck_port nova-conductor 5672'], 'timeout': '30'}}})

TASK [nova-cell : Copying over Nova compute provider config] *******************
skipping: [comp01]
skipping: [ctrl01]

TASK [nova-cell : Copying over libvirt configuration] **************************
skipping: [ctrl01] => (item={'src': 'qemu.conf.j2', 'dest': 'qemu.conf'}) 
skipping: [ctrl01] => (item={'src': 'libvirtd.conf.j2', 'dest': 'libvirtd.conf'}) 
skipping: [ctrl01]
changed: [comp01] => (item={'src': 'qemu.conf.j2', 'dest': 'qemu.conf'})
changed: [comp01] => (item={'src': 'libvirtd.conf.j2', 'dest': 'libvirtd.conf'})

TASK [nova-cell : Copying over libvirt TLS keys] *******************************
skipping: [comp01]
skipping: [ctrl01]

TASK [nova-cell : Copying over libvirt SASL configuration] *********************
skipping: [ctrl01] => (item={'src': 'auth.conf.j2', 'dest': 'auth.conf', 'service': 'nova-compute'}) 
skipping: [ctrl01] => (item={'src': 'auth.conf.j2', 'dest': 'auth.conf', 'service': 'nova-libvirt'}) 
skipping: [ctrl01] => (item={'src': 'sasl.conf.j2', 'dest': 'sasl.conf', 'service': 'nova-libvirt'}) 
skipping: [ctrl01]
changed: [comp01] => (item={'src': 'auth.conf.j2', 'dest': 'auth.conf', 'service': 'nova-compute'})
changed: [comp01] => (item={'src': 'auth.conf.j2', 'dest': 'auth.conf', 'service': 'nova-libvirt'})
changed: [comp01] => (item={'src': 'sasl.conf.j2', 'dest': 'sasl.conf', 'service': 'nova-libvirt'})

TASK [nova-cell : Copying files for nova-ssh] **********************************
skipping: [ctrl01] => (item={'src': 'sshd_config.j2', 'dest': 'sshd_config'}) 
skipping: [ctrl01] => (item={'src': 'id_rsa', 'dest': 'id_rsa'}) 
skipping: [ctrl01] => (item={'src': 'id_rsa.pub', 'dest': 'id_rsa.pub'}) 
skipping: [ctrl01] => (item={'src': 'ssh_config.j2', 'dest': 'ssh_config'}) 
skipping: [ctrl01]
changed: [comp01] => (item={'src': 'sshd_config.j2', 'dest': 'sshd_config'})
changed: [comp01] => (item={'src': 'id_rsa', 'dest': 'id_rsa'})
changed: [comp01] => (item={'src': 'id_rsa.pub', 'dest': 'id_rsa.pub'})
changed: [comp01] => (item={'src': 'ssh_config.j2', 'dest': 'ssh_config'})

TASK [nova-cell : Copying VMware vCenter CA file] ******************************
skipping: [comp01]
skipping: [ctrl01]

TASK [nova-cell : Copying 'release' file for nova_compute] *********************
skipping: [comp01]
skipping: [ctrl01]

TASK [nova-cell : Generating 'hostnqn' file for nova_compute] ******************
skipping: [ctrl01]
changed: [comp01]

TASK [nova-cell : Copying over existing policy file] ***************************
skipping: [comp01] => (item={'key': 'nova-libvirt', 'value': {'container_name': 'nova_libvirt', 'group': 'compute', 'enabled': True, 'image': 'quay.io/openstack.kolla/nova-libvirt:2025.1-ubuntu-noble', 'pid_mode': 'host', 'cgroupns_mode': 'host', 'privileged': True, 'volumes': ['/etc/kolla/nova-libvirt/:/var/lib/kolla/config_files/:ro', '/etc/localtime:/etc/localtime:ro', '/etc/timezone:/etc/timezone:ro', '/lib/modules:/lib/modules:ro', '/run:/run:shared', '/dev:/dev', '', '/sys/fs/cgroup:/sys/fs/cgroup', 'kolla_logs:/var/log/kolla/', 'libvirtd:/var/lib/libvirt', 'nova_compute:/var/lib/nova/', '', 'nova_libvirt_qemu:/etc/libvirt/qemu', ''], 'dimensions': {'ulimits': {'nofile': {'soft': 1048576, 'hard': 1048576}, 'memlock': {'soft': 67108864, 'hard': 67108864}}}, 'healthcheck': {'interval': '30', 'retries': '3', 'start_period': '5', 'test': ['CMD-SHELL', 'virsh version --daemon'], 'timeout': '30'}}}) 
skipping: [comp01] => (item={'key': 'nova-ssh', 'value': {'container_name': 'nova_ssh', 'group': 'compute', 'image': 'quay.io/openstack.kolla/nova-ssh:2025.1-ubuntu-noble', 'enabled': True, 'volumes': ['/etc/kolla/nova-ssh/:/var/lib/kolla/config_files/:ro', '/etc/localtime:/etc/localtime:ro', '/etc/timezone:/etc/timezone:ro', 'kolla_logs:/var/log/kolla', 'nova_compute:/var/lib/nova', '', ''], 'dimensions': {'ulimits': {'nofile': {'soft': 1048576, 'hard': 1048576}}}, 'healthcheck': {'interval': '30', 'retries': '3', 'start_period': '5', 'test': ['CMD-SHELL', 'healthcheck_listen sshd 8022'], 'timeout': '30'}}}) 
skipping: [comp01] => (item={'key': 'nova-compute', 'value': {'container_name': 'nova_compute', 'group': 'compute', 'image': 'quay.io/openstack.kolla/nova-compute:2025.1-ubuntu-noble', 'environment': {'LIBGUESTFS_BACKEND': 'direct'}, 'privileged': True, 'enabled': True, 'ipc_mode': 'host', 'volumes': ['/etc/kolla/nova-compute/:/var/lib/kolla/config_files/:ro', '/etc/localtime:/etc/localtime:ro', '/etc/timezone:/etc/timezone:ro', '/lib/modules:/lib/modules:ro', '/run:/run:shared', '/dev:/dev', 'kolla_logs:/var/log/kolla/', '', 'libvirtd:/var/lib/libvirt', 'nova_compute:/var/lib/nova/', '', ''], 'dimensions': {'ulimits': {'nofile': {'soft': 1048576, 'hard': 1048576}}}, 'healthcheck': {'interval': '30', 'retries': '3', 'start_period': '5', 'test': ['CMD-SHELL', 'healthcheck_port nova-compute 5672'], 'timeout': '30'}}}) 
skipping: [comp01]
skipping: [ctrl01] => (item={'key': 'nova-novncproxy', 'value': {'container_name': 'nova_novncproxy', 'group': 'nova-novncproxy', 'image': 'quay.io/openstack.kolla/nova-novncproxy:2025.1-ubuntu-noble', 'enabled': True, 'volumes': ['/etc/kolla/nova-novncproxy/:/var/lib/kolla/config_files/:ro', '/etc/localtime:/etc/localtime:ro', '/etc/timezone:/etc/timezone:ro', 'kolla_logs:/var/log/kolla/', '/dev/shm:/dev/shm', ''], 'dimensions': {'ulimits': {'nofile': {'soft': 1048576, 'hard': 1048576}}}, 'healthcheck': {'interval': '30', 'retries': '3', 'start_period': '5', 'test': ['CMD-SHELL', 'healthcheck_curl http://192.168.1.101:6080/vnc_lite.html'], 'timeout': '30'}}}) 
skipping: [ctrl01] => (item={'key': 'nova-conductor', 'value': {'container_name': 'nova_conductor', 'group': 'nova-conductor', 'enabled': True, 'image': 'quay.io/openstack.kolla/nova-conductor:2025.1-ubuntu-noble', 'volumes': ['/etc/kolla/nova-conductor/:/var/lib/kolla/config_files/:ro', '/etc/localtime:/etc/localtime:ro', '/etc/timezone:/etc/timezone:ro', 'kolla_logs:/var/log/kolla/', '/dev/shm:/dev/shm', ''], 'dimensions': {'ulimits': {'nofile': {'soft': 1048576, 'hard': 1048576}}}, 'healthcheck': {'interval': '30', 'retries': '3', 'start_period': '5', 'test': ['CMD-SHELL', 'healthcheck_port nova-conductor 5672'], 'timeout': '30'}}}) 
skipping: [ctrl01]

TASK [nova-cell : Copying over vendordata file to containers] ******************
skipping: [comp01] => (item=nova-compute) 
skipping: [comp01] => (item=nova-compute-ironic) 
skipping: [comp01]
skipping: [ctrl01] => (item=nova-compute) 
skipping: [ctrl01] => (item=nova-compute-ironic) 
skipping: [ctrl01]

TASK [nova-cell : Copying over multipath.conf] *********************************
skipping: [comp01] => (item=/opt/kolla-venv/share/kolla-ansible/ansible/roles/nova-cell/templates/multipath.conf.j2) 
skipping: [comp01]
skipping: [ctrl01] => (item=/opt/kolla-venv/share/kolla-ansible/ansible/roles/nova-cell/templates/multipath.conf.j2) 
skipping: [ctrl01]

TASK [service-check-containers : nova_cell | Check containers] *****************
changed: [ctrl01] => (item={'key': 'nova-novncproxy', 'value': {'container_name': 'nova_novncproxy', 'group': 'nova-novncproxy', 'image': 'quay.io/openstack.kolla/nova-novncproxy:2025.1-ubuntu-noble', 'enabled': True, 'volumes': ['/etc/kolla/nova-novncproxy/:/var/lib/kolla/config_files/:ro', '/etc/localtime:/etc/localtime:ro', '/etc/timezone:/etc/timezone:ro', 'kolla_logs:/var/log/kolla/', '/dev/shm:/dev/shm', ''], 'dimensions': {'ulimits': {'nofile': {'soft': 1048576, 'hard': 1048576}}}, 'healthcheck': {'interval': '30', 'retries': '3', 'start_period': '5', 'test': ['CMD-SHELL', 'healthcheck_curl http://192.168.1.101:6080/vnc_lite.html'], 'timeout': '30'}}})
changed: [comp01] => (item={'key': 'nova-libvirt', 'value': {'container_name': 'nova_libvirt', 'group': 'compute', 'enabled': True, 'image': 'quay.io/openstack.kolla/nova-libvirt:2025.1-ubuntu-noble', 'pid_mode': 'host', 'cgroupns_mode': 'host', 'privileged': True, 'volumes': ['/etc/kolla/nova-libvirt/:/var/lib/kolla/config_files/:ro', '/etc/localtime:/etc/localtime:ro', '/etc/timezone:/etc/timezone:ro', '/lib/modules:/lib/modules:ro', '/run:/run:shared', '/dev:/dev', '', '/sys/fs/cgroup:/sys/fs/cgroup', 'kolla_logs:/var/log/kolla/', 'libvirtd:/var/lib/libvirt', 'nova_compute:/var/lib/nova/', '', 'nova_libvirt_qemu:/etc/libvirt/qemu', ''], 'dimensions': {'ulimits': {'nofile': {'soft': 1048576, 'hard': 1048576}, 'memlock': {'soft': 67108864, 'hard': 67108864}}}, 'healthcheck': {'interval': '30', 'retries': '3', 'start_period': '5', 'test': ['CMD-SHELL', 'virsh version --daemon'], 'timeout': '30'}}})
changed: [ctrl01] => (item={'key': 'nova-conductor', 'value': {'container_name': 'nova_conductor', 'group': 'nova-conductor', 'enabled': True, 'image': 'quay.io/openstack.kolla/nova-conductor:2025.1-ubuntu-noble', 'volumes': ['/etc/kolla/nova-conductor/:/var/lib/kolla/config_files/:ro', '/etc/localtime:/etc/localtime:ro', '/etc/timezone:/etc/timezone:ro', 'kolla_logs:/var/log/kolla/', '/dev/shm:/dev/shm', ''], 'dimensions': {'ulimits': {'nofile': {'soft': 1048576, 'hard': 1048576}}}, 'healthcheck': {'interval': '30', 'retries': '3', 'start_period': '5', 'test': ['CMD-SHELL', 'healthcheck_port nova-conductor 5672'], 'timeout': '30'}}})
changed: [comp01] => (item={'key': 'nova-ssh', 'value': {'container_name': 'nova_ssh', 'group': 'compute', 'image': 'quay.io/openstack.kolla/nova-ssh:2025.1-ubuntu-noble', 'enabled': True, 'volumes': ['/etc/kolla/nova-ssh/:/var/lib/kolla/config_files/:ro', '/etc/localtime:/etc/localtime:ro', '/etc/timezone:/etc/timezone:ro', 'kolla_logs:/var/log/kolla', 'nova_compute:/var/lib/nova', '', ''], 'dimensions': {'ulimits': {'nofile': {'soft': 1048576, 'hard': 1048576}}}, 'healthcheck': {'interval': '30', 'retries': '3', 'start_period': '5', 'test': ['CMD-SHELL', 'healthcheck_listen sshd 8022'], 'timeout': '30'}}})
changed: [comp01] => (item={'key': 'nova-compute', 'value': {'container_name': 'nova_compute', 'group': 'compute', 'image': 'quay.io/openstack.kolla/nova-compute:2025.1-ubuntu-noble', 'environment': {'LIBGUESTFS_BACKEND': 'direct'}, 'privileged': True, 'enabled': True, 'ipc_mode': 'host', 'volumes': ['/etc/kolla/nova-compute/:/var/lib/kolla/config_files/:ro', '/etc/localtime:/etc/localtime:ro', '/etc/timezone:/etc/timezone:ro', '/lib/modules:/lib/modules:ro', '/run:/run:shared', '/dev:/dev', 'kolla_logs:/var/log/kolla/', '', 'libvirtd:/var/lib/libvirt', 'nova_compute:/var/lib/nova/', '', ''], 'dimensions': {'ulimits': {'nofile': {'soft': 1048576, 'hard': 1048576}}}, 'healthcheck': {'interval': '30', 'retries': '3', 'start_period': '5', 'test': ['CMD-SHELL', 'healthcheck_port nova-compute 5672'], 'timeout': '30'}}})

TASK [service-check-containers : nova_cell | Notify handlers to restart containers] ***
changed: [comp01] => {
    "msg": "Notifying handlers"
}
changed: [ctrl01] => {
    "msg": "Notifying handlers"
}

TASK [service-check-containers : Include tasks] ********************************
skipping: [comp01] => (item={'key': 'nova-libvirt', 'value': {'container_name': 'nova_libvirt', 'group': 'compute', 'enabled': True, 'image': 'quay.io/openstack.kolla/nova-libvirt:2025.1-ubuntu-noble', 'pid_mode': 'host', 'cgroupns_mode': 'host', 'privileged': True, 'volumes': ['/etc/kolla/nova-libvirt/:/var/lib/kolla/config_files/:ro', '/etc/localtime:/etc/localtime:ro', '/etc/timezone:/etc/timezone:ro', '/lib/modules:/lib/modules:ro', '/run:/run:shared', '/dev:/dev', '', '/sys/fs/cgroup:/sys/fs/cgroup', 'kolla_logs:/var/log/kolla/', 'libvirtd:/var/lib/libvirt', 'nova_compute:/var/lib/nova/', '', 'nova_libvirt_qemu:/etc/libvirt/qemu', ''], 'dimensions': {'ulimits': {'nofile': {'soft': 1048576, 'hard': 1048576}, 'memlock': {'soft': 67108864, 'hard': 67108864}}}, 'healthcheck': {'interval': '30', 'retries': '3', 'start_period': '5', 'test': ['CMD-SHELL', 'virsh version --daemon'], 'timeout': '30'}}}) 
skipping: [comp01] => (item={'key': 'nova-ssh', 'value': {'container_name': 'nova_ssh', 'group': 'compute', 'image': 'quay.io/openstack.kolla/nova-ssh:2025.1-ubuntu-noble', 'enabled': True, 'volumes': ['/etc/kolla/nova-ssh/:/var/lib/kolla/config_files/:ro', '/etc/localtime:/etc/localtime:ro', '/etc/timezone:/etc/timezone:ro', 'kolla_logs:/var/log/kolla', 'nova_compute:/var/lib/nova', '', ''], 'dimensions': {'ulimits': {'nofile': {'soft': 1048576, 'hard': 1048576}}}, 'healthcheck': {'interval': '30', 'retries': '3', 'start_period': '5', 'test': ['CMD-SHELL', 'healthcheck_listen sshd 8022'], 'timeout': '30'}}}) 
skipping: [comp01] => (item={'key': 'nova-compute', 'value': {'container_name': 'nova_compute', 'group': 'compute', 'image': 'quay.io/openstack.kolla/nova-compute:2025.1-ubuntu-noble', 'environment': {'LIBGUESTFS_BACKEND': 'direct'}, 'privileged': True, 'enabled': True, 'ipc_mode': 'host', 'volumes': ['/etc/kolla/nova-compute/:/var/lib/kolla/config_files/:ro', '/etc/localtime:/etc/localtime:ro', '/etc/timezone:/etc/timezone:ro', '/lib/modules:/lib/modules:ro', '/run:/run:shared', '/dev:/dev', 'kolla_logs:/var/log/kolla/', '', 'libvirtd:/var/lib/libvirt', 'nova_compute:/var/lib/nova/', '', ''], 'dimensions': {'ulimits': {'nofile': {'soft': 1048576, 'hard': 1048576}}}, 'healthcheck': {'interval': '30', 'retries': '3', 'start_period': '5', 'test': ['CMD-SHELL', 'healthcheck_port nova-compute 5672'], 'timeout': '30'}}}) 
skipping: [comp01]
skipping: [ctrl01] => (item={'key': 'nova-novncproxy', 'value': {'container_name': 'nova_novncproxy', 'group': 'nova-novncproxy', 'image': 'quay.io/openstack.kolla/nova-novncproxy:2025.1-ubuntu-noble', 'enabled': True, 'volumes': ['/etc/kolla/nova-novncproxy/:/var/lib/kolla/config_files/:ro', '/etc/localtime:/etc/localtime:ro', '/etc/timezone:/etc/timezone:ro', 'kolla_logs:/var/log/kolla/', '/dev/shm:/dev/shm', ''], 'dimensions': {'ulimits': {'nofile': {'soft': 1048576, 'hard': 1048576}}}, 'healthcheck': {'interval': '30', 'retries': '3', 'start_period': '5', 'test': ['CMD-SHELL', 'healthcheck_curl http://192.168.1.101:6080/vnc_lite.html'], 'timeout': '30'}}}) 
skipping: [ctrl01] => (item={'key': 'nova-conductor', 'value': {'container_name': 'nova_conductor', 'group': 'nova-conductor', 'enabled': True, 'image': 'quay.io/openstack.kolla/nova-conductor:2025.1-ubuntu-noble', 'volumes': ['/etc/kolla/nova-conductor/:/var/lib/kolla/config_files/:ro', '/etc/localtime:/etc/localtime:ro', '/etc/timezone:/etc/timezone:ro', 'kolla_logs:/var/log/kolla/', '/dev/shm:/dev/shm', ''], 'dimensions': {'ulimits': {'nofile': {'soft': 1048576, 'hard': 1048576}}}, 'healthcheck': {'interval': '30', 'retries': '3', 'start_period': '5', 'test': ['CMD-SHELL', 'healthcheck_port nova-conductor 5672'], 'timeout': '30'}}}) 
skipping: [ctrl01]

TASK [nova-cell : include_tasks] ***********************************************
skipping: [comp01]
skipping: [ctrl01]

TASK [nova-cell : Flush handlers] **********************************************

TASK [nova-cell : Flush handlers] **********************************************

RUNNING HANDLER [nova-cell : Restart nova-conductor container] *****************
changed: [ctrl01]

RUNNING HANDLER [nova-cell : Restart nova-novncproxy container] ****************
changed: [ctrl01]

RUNNING HANDLER [nova-cell : Restart nova-ssh container] ***********************
changed: [comp01]

RUNNING HANDLER [nova-cell : Restart nova-libvirt container] *******************
changed: [comp01]

RUNNING HANDLER [nova-cell : Checking libvirt container is ready] **************
changed: [comp01]

RUNNING HANDLER [nova-cell : Create libvirt SASL user] *************************
changed: [comp01]

RUNNING HANDLER [nova-cell : Restart nova-compute container] *******************
changed: [comp01]

RUNNING HANDLER [nova-cell : Wait for nova-compute services to update service versions] ***
skipping: [comp01]

TASK [nova-cell : Waiting for nova-compute services to register themselves] ****
skipping: [ctrl01]
FAILED - RETRYING: [comp01 -> ctrl01]: Waiting for nova-compute services to register themselves (20 retries left).
ok: [comp01 -> ctrl01(192.168.1.101)]

TASK [nova-cell : Fail if nova-compute service failed to register] *************
skipping: [comp01]
skipping: [ctrl01]

TASK [nova-cell : Include discover_computes.yml] *******************************
skipping: [ctrl01]
included: /opt/kolla-venv/share/kolla-ansible/ansible/roles/nova-cell/tasks/discover_computes.yml for comp01

TASK [nova-cell : Get a list of existing cells] ********************************
ok: [comp01 -> ctrl01(192.168.1.101)]

TASK [nova-cell : Extract current cell settings from list] *********************
ok: [comp01 -> ctrl01(192.168.1.101)]

TASK [nova-cell : Fail if cell settings not found] *****************************
skipping: [comp01]

TASK [nova-cell : Discover nova hosts] *****************************************
ok: [comp01 -> ctrl01(192.168.1.101)]

PLAY [Refresh nova scheduler cell cache] ***************************************

TASK [nova : Refresh cell cache in nova scheduler] *****************************
changed: [ctrl01]

PLAY [Reload global Nova super conductor services] *****************************

TASK [nova : Reload nova super conductor services to remove RPC version pin] ***
skipping: [ctrl01]

PLAY [Reload Nova cell services] ***********************************************

TASK [nova-cell : Reload nova cell services to remove RPC version cap] *********
skipping: [comp01] => (item=nova-conductor) 
skipping: [comp01] => (item=nova-compute) 
skipping: [comp01] => (item=nova-compute-ironic) 
skipping: [comp01] => (item=nova-novncproxy) 
skipping: [comp01] => (item=nova-serialproxy) 
skipping: [ctrl01] => (item=nova-conductor) 
skipping: [comp01] => (item=nova-spicehtml5proxy) 
skipping: [comp01]
skipping: [ctrl01] => (item=nova-compute) 
skipping: [ctrl01] => (item=nova-compute-ironic) 
skipping: [ctrl01] => (item=nova-novncproxy) 
skipping: [ctrl01] => (item=nova-serialproxy) 
skipping: [ctrl01] => (item=nova-spicehtml5proxy) 
skipping: [ctrl01]

PLAY [Reload global Nova API services] *****************************************

TASK [nova : Reload nova API services to remove RPC version pin] ***************
skipping: [ctrl01] => (item=nova-scheduler) 
skipping: [ctrl01] => (item=nova-api) 
skipping: [ctrl01]

PLAY [Run Nova API online data migrations] *************************************

TASK [nova : Run Nova API online database migrations] **************************
skipping: [ctrl01]

PLAY [Run Nova cell online data migrations] ************************************

TASK [nova-cell : Run Nova cell online database migrations] ********************
skipping: [ctrl01]

PLAY [Apply role neutron] ******************************************************

TASK [neutron : include_tasks] *************************************************
included: /opt/kolla-venv/share/kolla-ansible/ansible/roles/neutron/tasks/deploy.yml for ctrl01, comp01

TASK [neutron : Get container facts] *******************************************
ok: [ctrl01]
ok: [comp01]

TASK [neutron : Get container volume facts] ************************************
ok: [ctrl01]
ok: [comp01]

TASK [neutron : Check for ML2/OVN presence] ************************************
ok: [ctrl01] => {
    "changed": false,
    "msg": "All assertions passed"
}
ok: [comp01] => {
    "changed": false,
    "msg": "All assertions passed"
}

TASK [neutron : Check for ML2/OVS presence] ************************************
skipping: [ctrl01]
skipping: [comp01]

TASK [service-ks-register : neutron | Creating/deleting services] **************
changed: [ctrl01] => (item=neutron (network))

TASK [service-ks-register : neutron | Creating/deleting endpoints] *************
changed: [ctrl01] => (item=neutron -> http://192.168.1.250:9696 -> internal)
changed: [ctrl01] => (item=neutron -> http://192.168.1.250:9696 -> public)

TASK [service-ks-register : neutron | Creating projects] ***********************
ok: [ctrl01] => (item=service)

TASK [service-ks-register : neutron | Creating users] **************************
changed: [ctrl01] => (item=neutron -> service)

TASK [service-ks-register : neutron | Creating roles] **************************
ok: [ctrl01] => (item=admin)

TASK [service-ks-register : neutron | Granting/revoking user roles] ************
changed: [ctrl01] => (item=neutron -> service -> admin)
changed: [ctrl01] => (item=neutron -> service -> service)

TASK [neutron : include_tasks] *************************************************
skipping: [ctrl01]
skipping: [comp01]

TASK [Load and persist kernel modules] *****************************************
skipping: [ctrl01]
skipping: [comp01]

TASK [neutron : Check IPv6 support] ********************************************
ok: [ctrl01]
ok: [comp01]

TASK [Setting sysctl values] ***************************************************
skipping: [ctrl01]
skipping: [comp01]

TASK [neutron : Ensuring config directories exist] *****************************
changed: [ctrl01] => (item={'key': 'neutron-server', 'value': {'container_name': 'neutron_server', 'image': 'quay.io/openstack.kolla/neutron-server:2025.1-ubuntu-noble', 'enabled': True, 'group': 'neutron-server', 'host_in_groups': True, 'volumes': ['/etc/kolla/neutron-server/:/var/lib/kolla/config_files/:ro', '/etc/localtime:/etc/localtime:ro', '/etc/timezone:/etc/timezone:ro', 'kolla_logs:/var/log/kolla/', '/dev/shm:/dev/shm', ''], 'dimensions': {'ulimits': {'nofile': {'soft': 1048576, 'hard': 1048576}}}, 'healthcheck': {'interval': '30', 'retries': '3', 'start_period': '5', 'test': ['CMD-SHELL', 'healthcheck_curl http://192.168.1.101:9696'], 'timeout': '30'}, 'haproxy': {'neutron_server': {'enabled': True, 'mode': 'http', 'external': False, 'port': '9696', 'listen_port': '9696', 'backend_http_extra': ['option httpchk']}, 'neutron_server_external': {'enabled': True, 'mode': 'http', 'external': True, 'external_fqdn': '192.168.1.250', 'port': '9696', 'listen_port': '9696', 'backend_http_extra': ['option httpchk']}}}})
changed: [ctrl01] => (item={'key': 'neutron-ovn-metadata-agent', 'value': {'container_name': 'neutron_ovn_metadata_agent', 'image': 'quay.io/openstack.kolla/neutron-metadata-agent:2025.1-ubuntu-noble', 'privileged': True, 'enabled': True, 'host_in_groups': True, 'volumes': ['/etc/kolla/neutron-ovn-metadata-agent/:/var/lib/kolla/config_files/:ro', '/etc/localtime:/etc/localtime:ro', 'neutron_metadata_socket:/var/lib/neutron/kolla/', '/run/openvswitch:/run/openvswitch:shared', '/run/netns:/run/netns:shared', 'kolla_logs:/var/log/kolla/', '/dev/shm:/dev/shm', ''], 'dimensions': {'ulimits': {'nofile': {'soft': 1048576, 'hard': 1048576}}}, 'healthcheck': {'interval': '30', 'retries': '3', 'start_period': '5', 'test': ['CMD-SHELL', 'healthcheck_port neutron-ovn-metadata-agent 6640'], 'timeout': '30'}}})
changed: [comp01] => (item={'key': 'neutron-ovn-metadata-agent', 'value': {'container_name': 'neutron_ovn_metadata_agent', 'image': 'quay.io/openstack.kolla/neutron-metadata-agent:2025.1-ubuntu-noble', 'privileged': True, 'enabled': True, 'host_in_groups': True, 'volumes': ['/etc/kolla/neutron-ovn-metadata-agent/:/var/lib/kolla/config_files/:ro', '/etc/localtime:/etc/localtime:ro', 'neutron_metadata_socket:/var/lib/neutron/kolla/', '/run/openvswitch:/run/openvswitch:shared', '/run/netns:/run/netns:shared', 'kolla_logs:/var/log/kolla/', '/dev/shm:/dev/shm', ''], 'dimensions': {'ulimits': {'nofile': {'soft': 1048576, 'hard': 1048576}}}, 'healthcheck': {'interval': '30', 'retries': '3', 'start_period': '5', 'test': ['CMD-SHELL', 'healthcheck_port neutron-ovn-metadata-agent 6640'], 'timeout': '30'}}})

TASK [neutron : Check if extra ml2 plugins exists] *****************************
[WARNING]: Skipped '/etc/kolla/config/neutron/plugins/' path due to this access
issue: '/etc/kolla/config/neutron/plugins/' is not a directory
ok: [ctrl01 -> localhost]

TASK [neutron : include_tasks] *************************************************
skipping: [ctrl01]
skipping: [comp01]

TASK [neutron : Creating TLS backend PEM File] *********************************
skipping: [ctrl01]
skipping: [comp01]

TASK [neutron : Check if policies shall be overwritten] ************************
skipping: [ctrl01]

TASK [neutron : Set neutron policy file] ***************************************
skipping: [ctrl01]
skipping: [comp01]

TASK [neutron : Copying over existing policy file] *****************************
skipping: [ctrl01] => (item={'key': 'neutron-server', 'value': {'container_name': 'neutron_server', 'image': 'quay.io/openstack.kolla/neutron-server:2025.1-ubuntu-noble', 'enabled': True, 'group': 'neutron-server', 'host_in_groups': True, 'volumes': ['/etc/kolla/neutron-server/:/var/lib/kolla/config_files/:ro', '/etc/localtime:/etc/localtime:ro', '/etc/timezone:/etc/timezone:ro', 'kolla_logs:/var/log/kolla/', '/dev/shm:/dev/shm', ''], 'dimensions': {'ulimits': {'nofile': {'soft': 1048576, 'hard': 1048576}}}, 'healthcheck': {'interval': '30', 'retries': '3', 'start_period': '5', 'test': ['CMD-SHELL', 'healthcheck_curl http://192.168.1.101:9696'], 'timeout': '30'}, 'haproxy': {'neutron_server': {'enabled': True, 'mode': 'http', 'external': False, 'port': '9696', 'listen_port': '9696', 'backend_http_extra': ['option httpchk']}, 'neutron_server_external': {'enabled': True, 'mode': 'http', 'external': True, 'external_fqdn': '192.168.1.250', 'port': '9696', 'listen_port': '9696', 'backend_http_extra': ['option httpchk']}}}}) 
skipping: [ctrl01] => (item={'key': 'neutron-ovn-metadata-agent', 'value': {'container_name': 'neutron_ovn_metadata_agent', 'image': 'quay.io/openstack.kolla/neutron-metadata-agent:2025.1-ubuntu-noble', 'privileged': True, 'enabled': True, 'host_in_groups': True, 'volumes': ['/etc/kolla/neutron-ovn-metadata-agent/:/var/lib/kolla/config_files/:ro', '/etc/localtime:/etc/localtime:ro', 'neutron_metadata_socket:/var/lib/neutron/kolla/', '/run/openvswitch:/run/openvswitch:shared', '/run/netns:/run/netns:shared', 'kolla_logs:/var/log/kolla/', '/dev/shm:/dev/shm', ''], 'dimensions': {'ulimits': {'nofile': {'soft': 1048576, 'hard': 1048576}}}, 'healthcheck': {'interval': '30', 'retries': '3', 'start_period': '5', 'test': ['CMD-SHELL', 'healthcheck_port neutron-ovn-metadata-agent 6640'], 'timeout': '30'}}}) 
skipping: [ctrl01]
skipping: [comp01] => (item={'key': 'neutron-ovn-metadata-agent', 'value': {'container_name': 'neutron_ovn_metadata_agent', 'image': 'quay.io/openstack.kolla/neutron-metadata-agent:2025.1-ubuntu-noble', 'privileged': True, 'enabled': True, 'host_in_groups': True, 'volumes': ['/etc/kolla/neutron-ovn-metadata-agent/:/var/lib/kolla/config_files/:ro', '/etc/localtime:/etc/localtime:ro', 'neutron_metadata_socket:/var/lib/neutron/kolla/', '/run/openvswitch:/run/openvswitch:shared', '/run/netns:/run/netns:shared', 'kolla_logs:/var/log/kolla/', '/dev/shm:/dev/shm', ''], 'dimensions': {'ulimits': {'nofile': {'soft': 1048576, 'hard': 1048576}}}, 'healthcheck': {'interval': '30', 'retries': '3', 'start_period': '5', 'test': ['CMD-SHELL', 'healthcheck_port neutron-ovn-metadata-agent 6640'], 'timeout': '30'}}}) 
skipping: [comp01]

TASK [neutron : Copying over config.json files for services] *******************
changed: [ctrl01] => (item={'key': 'neutron-server', 'value': {'container_name': 'neutron_server', 'image': 'quay.io/openstack.kolla/neutron-server:2025.1-ubuntu-noble', 'enabled': True, 'group': 'neutron-server', 'host_in_groups': True, 'volumes': ['/etc/kolla/neutron-server/:/var/lib/kolla/config_files/:ro', '/etc/localtime:/etc/localtime:ro', '/etc/timezone:/etc/timezone:ro', 'kolla_logs:/var/log/kolla/', '/dev/shm:/dev/shm', ''], 'dimensions': {'ulimits': {'nofile': {'soft': 1048576, 'hard': 1048576}}}, 'healthcheck': {'interval': '30', 'retries': '3', 'start_period': '5', 'test': ['CMD-SHELL', 'healthcheck_curl http://192.168.1.101:9696'], 'timeout': '30'}, 'haproxy': {'neutron_server': {'enabled': True, 'mode': 'http', 'external': False, 'port': '9696', 'listen_port': '9696', 'backend_http_extra': ['option httpchk']}, 'neutron_server_external': {'enabled': True, 'mode': 'http', 'external': True, 'external_fqdn': '192.168.1.250', 'port': '9696', 'listen_port': '9696', 'backend_http_extra': ['option httpchk']}}}})
changed: [comp01] => (item={'key': 'neutron-ovn-metadata-agent', 'value': {'container_name': 'neutron_ovn_metadata_agent', 'image': 'quay.io/openstack.kolla/neutron-metadata-agent:2025.1-ubuntu-noble', 'privileged': True, 'enabled': True, 'host_in_groups': True, 'volumes': ['/etc/kolla/neutron-ovn-metadata-agent/:/var/lib/kolla/config_files/:ro', '/etc/localtime:/etc/localtime:ro', 'neutron_metadata_socket:/var/lib/neutron/kolla/', '/run/openvswitch:/run/openvswitch:shared', '/run/netns:/run/netns:shared', 'kolla_logs:/var/log/kolla/', '/dev/shm:/dev/shm', ''], 'dimensions': {'ulimits': {'nofile': {'soft': 1048576, 'hard': 1048576}}}, 'healthcheck': {'interval': '30', 'retries': '3', 'start_period': '5', 'test': ['CMD-SHELL', 'healthcheck_port neutron-ovn-metadata-agent 6640'], 'timeout': '30'}}})
changed: [ctrl01] => (item={'key': 'neutron-ovn-metadata-agent', 'value': {'container_name': 'neutron_ovn_metadata_agent', 'image': 'quay.io/openstack.kolla/neutron-metadata-agent:2025.1-ubuntu-noble', 'privileged': True, 'enabled': True, 'host_in_groups': True, 'volumes': ['/etc/kolla/neutron-ovn-metadata-agent/:/var/lib/kolla/config_files/:ro', '/etc/localtime:/etc/localtime:ro', 'neutron_metadata_socket:/var/lib/neutron/kolla/', '/run/openvswitch:/run/openvswitch:shared', '/run/netns:/run/netns:shared', 'kolla_logs:/var/log/kolla/', '/dev/shm:/dev/shm', ''], 'dimensions': {'ulimits': {'nofile': {'soft': 1048576, 'hard': 1048576}}}, 'healthcheck': {'interval': '30', 'retries': '3', 'start_period': '5', 'test': ['CMD-SHELL', 'healthcheck_port neutron-ovn-metadata-agent 6640'], 'timeout': '30'}}})

TASK [neutron : Copying over neutron.conf] *************************************
changed: [ctrl01] => (item={'key': 'neutron-server', 'value': {'container_name': 'neutron_server', 'image': 'quay.io/openstack.kolla/neutron-server:2025.1-ubuntu-noble', 'enabled': True, 'group': 'neutron-server', 'host_in_groups': True, 'volumes': ['/etc/kolla/neutron-server/:/var/lib/kolla/config_files/:ro', '/etc/localtime:/etc/localtime:ro', '/etc/timezone:/etc/timezone:ro', 'kolla_logs:/var/log/kolla/', '/dev/shm:/dev/shm', ''], 'dimensions': {'ulimits': {'nofile': {'soft': 1048576, 'hard': 1048576}}}, 'healthcheck': {'interval': '30', 'retries': '3', 'start_period': '5', 'test': ['CMD-SHELL', 'healthcheck_curl http://192.168.1.101:9696'], 'timeout': '30'}, 'haproxy': {'neutron_server': {'enabled': True, 'mode': 'http', 'external': False, 'port': '9696', 'listen_port': '9696', 'backend_http_extra': ['option httpchk']}, 'neutron_server_external': {'enabled': True, 'mode': 'http', 'external': True, 'external_fqdn': '192.168.1.250', 'port': '9696', 'listen_port': '9696', 'backend_http_extra': ['option httpchk']}}}})
changed: [comp01] => (item={'key': 'neutron-ovn-metadata-agent', 'value': {'container_name': 'neutron_ovn_metadata_agent', 'image': 'quay.io/openstack.kolla/neutron-metadata-agent:2025.1-ubuntu-noble', 'privileged': True, 'enabled': True, 'host_in_groups': True, 'volumes': ['/etc/kolla/neutron-ovn-metadata-agent/:/var/lib/kolla/config_files/:ro', '/etc/localtime:/etc/localtime:ro', 'neutron_metadata_socket:/var/lib/neutron/kolla/', '/run/openvswitch:/run/openvswitch:shared', '/run/netns:/run/netns:shared', 'kolla_logs:/var/log/kolla/', '/dev/shm:/dev/shm', ''], 'dimensions': {'ulimits': {'nofile': {'soft': 1048576, 'hard': 1048576}}}, 'healthcheck': {'interval': '30', 'retries': '3', 'start_period': '5', 'test': ['CMD-SHELL', 'healthcheck_port neutron-ovn-metadata-agent 6640'], 'timeout': '30'}}})
changed: [ctrl01] => (item={'key': 'neutron-ovn-metadata-agent', 'value': {'container_name': 'neutron_ovn_metadata_agent', 'image': 'quay.io/openstack.kolla/neutron-metadata-agent:2025.1-ubuntu-noble', 'privileged': True, 'enabled': True, 'host_in_groups': True, 'volumes': ['/etc/kolla/neutron-ovn-metadata-agent/:/var/lib/kolla/config_files/:ro', '/etc/localtime:/etc/localtime:ro', 'neutron_metadata_socket:/var/lib/neutron/kolla/', '/run/openvswitch:/run/openvswitch:shared', '/run/netns:/run/netns:shared', 'kolla_logs:/var/log/kolla/', '/dev/shm:/dev/shm', ''], 'dimensions': {'ulimits': {'nofile': {'soft': 1048576, 'hard': 1048576}}}, 'healthcheck': {'interval': '30', 'retries': '3', 'start_period': '5', 'test': ['CMD-SHELL', 'healthcheck_port neutron-ovn-metadata-agent 6640'], 'timeout': '30'}}})

TASK [neutron : Copying over neutron_vpnaas.conf] ******************************
skipping: [ctrl01] => (item={'key': 'neutron-server', 'value': {'container_name': 'neutron_server', 'image': 'quay.io/openstack.kolla/neutron-server:2025.1-ubuntu-noble', 'enabled': True, 'group': 'neutron-server', 'host_in_groups': True, 'volumes': ['/etc/kolla/neutron-server/:/var/lib/kolla/config_files/:ro', '/etc/localtime:/etc/localtime:ro', '/etc/timezone:/etc/timezone:ro', 'kolla_logs:/var/log/kolla/', '/dev/shm:/dev/shm', ''], 'dimensions': {'ulimits': {'nofile': {'soft': 1048576, 'hard': 1048576}}}, 'healthcheck': {'interval': '30', 'retries': '3', 'start_period': '5', 'test': ['CMD-SHELL', 'healthcheck_curl http://192.168.1.101:9696'], 'timeout': '30'}, 'haproxy': {'neutron_server': {'enabled': True, 'mode': 'http', 'external': False, 'port': '9696', 'listen_port': '9696', 'backend_http_extra': ['option httpchk']}, 'neutron_server_external': {'enabled': True, 'mode': 'http', 'external': True, 'external_fqdn': '192.168.1.250', 'port': '9696', 'listen_port': '9696', 'backend_http_extra': ['option httpchk']}}}}) 
skipping: [ctrl01] => (item={'key': 'neutron-ovn-metadata-agent', 'value': {'container_name': 'neutron_ovn_metadata_agent', 'image': 'quay.io/openstack.kolla/neutron-metadata-agent:2025.1-ubuntu-noble', 'privileged': True, 'enabled': True, 'host_in_groups': True, 'volumes': ['/etc/kolla/neutron-ovn-metadata-agent/:/var/lib/kolla/config_files/:ro', '/etc/localtime:/etc/localtime:ro', 'neutron_metadata_socket:/var/lib/neutron/kolla/', '/run/openvswitch:/run/openvswitch:shared', '/run/netns:/run/netns:shared', 'kolla_logs:/var/log/kolla/', '/dev/shm:/dev/shm', ''], 'dimensions': {'ulimits': {'nofile': {'soft': 1048576, 'hard': 1048576}}}, 'healthcheck': {'interval': '30', 'retries': '3', 'start_period': '5', 'test': ['CMD-SHELL', 'healthcheck_port neutron-ovn-metadata-agent 6640'], 'timeout': '30'}}}) 
skipping: [ctrl01]
skipping: [comp01] => (item={'key': 'neutron-ovn-metadata-agent', 'value': {'container_name': 'neutron_ovn_metadata_agent', 'image': 'quay.io/openstack.kolla/neutron-metadata-agent:2025.1-ubuntu-noble', 'privileged': True, 'enabled': True, 'host_in_groups': True, 'volumes': ['/etc/kolla/neutron-ovn-metadata-agent/:/var/lib/kolla/config_files/:ro', '/etc/localtime:/etc/localtime:ro', 'neutron_metadata_socket:/var/lib/neutron/kolla/', '/run/openvswitch:/run/openvswitch:shared', '/run/netns:/run/netns:shared', 'kolla_logs:/var/log/kolla/', '/dev/shm:/dev/shm', ''], 'dimensions': {'ulimits': {'nofile': {'soft': 1048576, 'hard': 1048576}}}, 'healthcheck': {'interval': '30', 'retries': '3', 'start_period': '5', 'test': ['CMD-SHELL', 'healthcheck_port neutron-ovn-metadata-agent 6640'], 'timeout': '30'}}}) 
skipping: [comp01]

TASK [neutron : Copying over ssh key] ******************************************
skipping: [comp01]
changed: [ctrl01]

TASK [neutron : Copying over ml2_conf.ini] *************************************
skipping: [comp01] => (item={'key': 'neutron-ovn-metadata-agent', 'value': {'container_name': 'neutron_ovn_metadata_agent', 'image': 'quay.io/openstack.kolla/neutron-metadata-agent:2025.1-ubuntu-noble', 'privileged': True, 'enabled': True, 'host_in_groups': True, 'volumes': ['/etc/kolla/neutron-ovn-metadata-agent/:/var/lib/kolla/config_files/:ro', '/etc/localtime:/etc/localtime:ro', 'neutron_metadata_socket:/var/lib/neutron/kolla/', '/run/openvswitch:/run/openvswitch:shared', '/run/netns:/run/netns:shared', 'kolla_logs:/var/log/kolla/', '/dev/shm:/dev/shm', ''], 'dimensions': {'ulimits': {'nofile': {'soft': 1048576, 'hard': 1048576}}}, 'healthcheck': {'interval': '30', 'retries': '3', 'start_period': '5', 'test': ['CMD-SHELL', 'healthcheck_port neutron-ovn-metadata-agent 6640'], 'timeout': '30'}}}) 
skipping: [comp01]
changed: [ctrl01] => (item={'key': 'neutron-server', 'value': {'container_name': 'neutron_server', 'image': 'quay.io/openstack.kolla/neutron-server:2025.1-ubuntu-noble', 'enabled': True, 'group': 'neutron-server', 'host_in_groups': True, 'volumes': ['/etc/kolla/neutron-server/:/var/lib/kolla/config_files/:ro', '/etc/localtime:/etc/localtime:ro', '/etc/timezone:/etc/timezone:ro', 'kolla_logs:/var/log/kolla/', '/dev/shm:/dev/shm', ''], 'dimensions': {'ulimits': {'nofile': {'soft': 1048576, 'hard': 1048576}}}, 'healthcheck': {'interval': '30', 'retries': '3', 'start_period': '5', 'test': ['CMD-SHELL', 'healthcheck_curl http://192.168.1.101:9696'], 'timeout': '30'}, 'haproxy': {'neutron_server': {'enabled': True, 'mode': 'http', 'external': False, 'port': '9696', 'listen_port': '9696', 'backend_http_extra': ['option httpchk']}, 'neutron_server_external': {'enabled': True, 'mode': 'http', 'external': True, 'external_fqdn': '192.168.1.250', 'port': '9696', 'listen_port': '9696', 'backend_http_extra': ['option httpchk']}}}})
skipping: [ctrl01] => (item={'key': 'neutron-ovn-metadata-agent', 'value': {'container_name': 'neutron_ovn_metadata_agent', 'image': 'quay.io/openstack.kolla/neutron-metadata-agent:2025.1-ubuntu-noble', 'privileged': True, 'enabled': True, 'host_in_groups': True, 'volumes': ['/etc/kolla/neutron-ovn-metadata-agent/:/var/lib/kolla/config_files/:ro', '/etc/localtime:/etc/localtime:ro', 'neutron_metadata_socket:/var/lib/neutron/kolla/', '/run/openvswitch:/run/openvswitch:shared', '/run/netns:/run/netns:shared', 'kolla_logs:/var/log/kolla/', '/dev/shm:/dev/shm', ''], 'dimensions': {'ulimits': {'nofile': {'soft': 1048576, 'hard': 1048576}}}, 'healthcheck': {'interval': '30', 'retries': '3', 'start_period': '5', 'test': ['CMD-SHELL', 'healthcheck_port neutron-ovn-metadata-agent 6640'], 'timeout': '30'}}}) 

TASK [neutron : Copying over openvswitch_agent.ini] ****************************
skipping: [ctrl01]
skipping: [comp01]

TASK [neutron : Copying over sriov_agent.ini] **********************************
skipping: [ctrl01]
skipping: [comp01]

TASK [neutron : Copying over mlnx_agent.ini] ***********************************
skipping: [ctrl01]
skipping: [comp01]

TASK [neutron : Copying over eswitchd.conf] ************************************
skipping: [ctrl01]
skipping: [comp01]

TASK [neutron : Copying over dhcp_agent.ini] ***********************************
skipping: [ctrl01]
skipping: [comp01]

TASK [neutron : Copying over dnsmasq.conf] *************************************
skipping: [ctrl01] => (item=/opt/kolla-venv/share/kolla-ansible/ansible/roles/neutron/templates/dnsmasq.conf.j2) 
skipping: [ctrl01]
skipping: [comp01] => (item=/opt/kolla-venv/share/kolla-ansible/ansible/roles/neutron/templates/dnsmasq.conf.j2) 
skipping: [comp01]

TASK [neutron : Copying over l3_agent.ini] *************************************
skipping: [ctrl01] => (item={'key': 'neutron-server', 'value': {'container_name': 'neutron_server', 'image': 'quay.io/openstack.kolla/neutron-server:2025.1-ubuntu-noble', 'enabled': True, 'group': 'neutron-server', 'host_in_groups': True, 'volumes': ['/etc/kolla/neutron-server/:/var/lib/kolla/config_files/:ro', '/etc/localtime:/etc/localtime:ro', '/etc/timezone:/etc/timezone:ro', 'kolla_logs:/var/log/kolla/', '/dev/shm:/dev/shm', ''], 'dimensions': {'ulimits': {'nofile': {'soft': 1048576, 'hard': 1048576}}}, 'healthcheck': {'interval': '30', 'retries': '3', 'start_period': '5', 'test': ['CMD-SHELL', 'healthcheck_curl http://192.168.1.101:9696'], 'timeout': '30'}, 'haproxy': {'neutron_server': {'enabled': True, 'mode': 'http', 'external': False, 'port': '9696', 'listen_port': '9696', 'backend_http_extra': ['option httpchk']}, 'neutron_server_external': {'enabled': True, 'mode': 'http', 'external': True, 'external_fqdn': '192.168.1.250', 'port': '9696', 'listen_port': '9696', 'backend_http_extra': ['option httpchk']}}}}) 
skipping: [ctrl01] => (item={'key': 'neutron-ovn-metadata-agent', 'value': {'container_name': 'neutron_ovn_metadata_agent', 'image': 'quay.io/openstack.kolla/neutron-metadata-agent:2025.1-ubuntu-noble', 'privileged': True, 'enabled': True, 'host_in_groups': True, 'volumes': ['/etc/kolla/neutron-ovn-metadata-agent/:/var/lib/kolla/config_files/:ro', '/etc/localtime:/etc/localtime:ro', 'neutron_metadata_socket:/var/lib/neutron/kolla/', '/run/openvswitch:/run/openvswitch:shared', '/run/netns:/run/netns:shared', 'kolla_logs:/var/log/kolla/', '/dev/shm:/dev/shm', ''], 'dimensions': {'ulimits': {'nofile': {'soft': 1048576, 'hard': 1048576}}}, 'healthcheck': {'interval': '30', 'retries': '3', 'start_period': '5', 'test': ['CMD-SHELL', 'healthcheck_port neutron-ovn-metadata-agent 6640'], 'timeout': '30'}}}) 
skipping: [ctrl01]
skipping: [comp01] => (item={'key': 'neutron-ovn-metadata-agent', 'value': {'container_name': 'neutron_ovn_metadata_agent', 'image': 'quay.io/openstack.kolla/neutron-metadata-agent:2025.1-ubuntu-noble', 'privileged': True, 'enabled': True, 'host_in_groups': True, 'volumes': ['/etc/kolla/neutron-ovn-metadata-agent/:/var/lib/kolla/config_files/:ro', '/etc/localtime:/etc/localtime:ro', 'neutron_metadata_socket:/var/lib/neutron/kolla/', '/run/openvswitch:/run/openvswitch:shared', '/run/netns:/run/netns:shared', 'kolla_logs:/var/log/kolla/', '/dev/shm:/dev/shm', ''], 'dimensions': {'ulimits': {'nofile': {'soft': 1048576, 'hard': 1048576}}}, 'healthcheck': {'interval': '30', 'retries': '3', 'start_period': '5', 'test': ['CMD-SHELL', 'healthcheck_port neutron-ovn-metadata-agent 6640'], 'timeout': '30'}}}) 
skipping: [comp01]

TASK [neutron : Copying over fwaas_driver.ini] *********************************
skipping: [ctrl01] => (item={'key': 'neutron-server', 'value': {'container_name': 'neutron_server', 'image': 'quay.io/openstack.kolla/neutron-server:2025.1-ubuntu-noble', 'enabled': True, 'group': 'neutron-server', 'host_in_groups': True, 'volumes': ['/etc/kolla/neutron-server/:/var/lib/kolla/config_files/:ro', '/etc/localtime:/etc/localtime:ro', '/etc/timezone:/etc/timezone:ro', 'kolla_logs:/var/log/kolla/', '/dev/shm:/dev/shm', ''], 'dimensions': {'ulimits': {'nofile': {'soft': 1048576, 'hard': 1048576}}}, 'healthcheck': {'interval': '30', 'retries': '3', 'start_period': '5', 'test': ['CMD-SHELL', 'healthcheck_curl http://192.168.1.101:9696'], 'timeout': '30'}, 'haproxy': {'neutron_server': {'enabled': True, 'mode': 'http', 'external': False, 'port': '9696', 'listen_port': '9696', 'backend_http_extra': ['option httpchk']}, 'neutron_server_external': {'enabled': True, 'mode': 'http', 'external': True, 'external_fqdn': '192.168.1.250', 'port': '9696', 'listen_port': '9696', 'backend_http_extra': ['option httpchk']}}}}) 
skipping: [ctrl01] => (item={'key': 'neutron-ovn-metadata-agent', 'value': {'container_name': 'neutron_ovn_metadata_agent', 'image': 'quay.io/openstack.kolla/neutron-metadata-agent:2025.1-ubuntu-noble', 'privileged': True, 'enabled': True, 'host_in_groups': True, 'volumes': ['/etc/kolla/neutron-ovn-metadata-agent/:/var/lib/kolla/config_files/:ro', '/etc/localtime:/etc/localtime:ro', 'neutron_metadata_socket:/var/lib/neutron/kolla/', '/run/openvswitch:/run/openvswitch:shared', '/run/netns:/run/netns:shared', 'kolla_logs:/var/log/kolla/', '/dev/shm:/dev/shm', ''], 'dimensions': {'ulimits': {'nofile': {'soft': 1048576, 'hard': 1048576}}}, 'healthcheck': {'interval': '30', 'retries': '3', 'start_period': '5', 'test': ['CMD-SHELL', 'healthcheck_port neutron-ovn-metadata-agent 6640'], 'timeout': '30'}}}) 
skipping: [ctrl01]
skipping: [comp01] => (item={'key': 'neutron-ovn-metadata-agent', 'value': {'container_name': 'neutron_ovn_metadata_agent', 'image': 'quay.io/openstack.kolla/neutron-metadata-agent:2025.1-ubuntu-noble', 'privileged': True, 'enabled': True, 'host_in_groups': True, 'volumes': ['/etc/kolla/neutron-ovn-metadata-agent/:/var/lib/kolla/config_files/:ro', '/etc/localtime:/etc/localtime:ro', 'neutron_metadata_socket:/var/lib/neutron/kolla/', '/run/openvswitch:/run/openvswitch:shared', '/run/netns:/run/netns:shared', 'kolla_logs:/var/log/kolla/', '/dev/shm:/dev/shm', ''], 'dimensions': {'ulimits': {'nofile': {'soft': 1048576, 'hard': 1048576}}}, 'healthcheck': {'interval': '30', 'retries': '3', 'start_period': '5', 'test': ['CMD-SHELL', 'healthcheck_port neutron-ovn-metadata-agent 6640'], 'timeout': '30'}}}) 
skipping: [comp01]

TASK [neutron : Copying over metadata_agent.ini] *******************************
skipping: [ctrl01]
skipping: [comp01]

TASK [neutron : Copying over neutron_ovn_metadata_agent.ini] *******************
changed: [ctrl01]
changed: [comp01]

TASK [neutron : Copying over metering_agent.ini] *******************************
skipping: [ctrl01]
skipping: [comp01]

TASK [neutron : Copying over ironic_neutron_agent.ini] *************************
skipping: [ctrl01]
skipping: [comp01]

TASK [neutron : Copying over bgp_dragent.ini] **********************************
skipping: [ctrl01]
skipping: [comp01]

TASK [neutron : Copying over ovn_agent.ini] ************************************
skipping: [ctrl01]
skipping: [comp01]

TASK [neutron : Copying over nsx.ini] ******************************************
skipping: [ctrl01]
skipping: [comp01]

TASK [neutron : Copy neutron-l3-agent-wrapper script] **************************
skipping: [ctrl01]
skipping: [comp01]

TASK [neutron : Copying over extra ml2 plugins] ********************************
skipping: [comp01]
skipping: [ctrl01]

TASK [neutron : Copying over neutron-tls-proxy.cfg] ****************************
skipping: [ctrl01] => (item=/opt/kolla-venv/share/kolla-ansible/ansible/roles/neutron/templates/neutron-tls-proxy.cfg.j2) 
skipping: [ctrl01]
skipping: [comp01] => (item=/opt/kolla-venv/share/kolla-ansible/ansible/roles/neutron/templates/neutron-tls-proxy.cfg.j2) 
skipping: [comp01]

TASK [neutron : Copying over neutron_taas.conf] ********************************
skipping: [ctrl01] => (item={'key': 'neutron-server', 'value': {'container_name': 'neutron_server', 'image': 'quay.io/openstack.kolla/neutron-server:2025.1-ubuntu-noble', 'enabled': True, 'group': 'neutron-server', 'host_in_groups': True, 'volumes': ['/etc/kolla/neutron-server/:/var/lib/kolla/config_files/:ro', '/etc/localtime:/etc/localtime:ro', '/etc/timezone:/etc/timezone:ro', 'kolla_logs:/var/log/kolla/', '/dev/shm:/dev/shm', ''], 'dimensions': {'ulimits': {'nofile': {'soft': 1048576, 'hard': 1048576}}}, 'healthcheck': {'interval': '30', 'retries': '3', 'start_period': '5', 'test': ['CMD-SHELL', 'healthcheck_curl http://192.168.1.101:9696'], 'timeout': '30'}, 'haproxy': {'neutron_server': {'enabled': True, 'mode': 'http', 'external': False, 'port': '9696', 'listen_port': '9696', 'backend_http_extra': ['option httpchk']}, 'neutron_server_external': {'enabled': True, 'mode': 'http', 'external': True, 'external_fqdn': '192.168.1.250', 'port': '9696', 'listen_port': '9696', 'backend_http_extra': ['option httpchk']}}}}) 
skipping: [ctrl01] => (item={'key': 'neutron-ovn-metadata-agent', 'value': {'container_name': 'neutron_ovn_metadata_agent', 'image': 'quay.io/openstack.kolla/neutron-metadata-agent:2025.1-ubuntu-noble', 'privileged': True, 'enabled': True, 'host_in_groups': True, 'volumes': ['/etc/kolla/neutron-ovn-metadata-agent/:/var/lib/kolla/config_files/:ro', '/etc/localtime:/etc/localtime:ro', 'neutron_metadata_socket:/var/lib/neutron/kolla/', '/run/openvswitch:/run/openvswitch:shared', '/run/netns:/run/netns:shared', 'kolla_logs:/var/log/kolla/', '/dev/shm:/dev/shm', ''], 'dimensions': {'ulimits': {'nofile': {'soft': 1048576, 'hard': 1048576}}}, 'healthcheck': {'interval': '30', 'retries': '3', 'start_period': '5', 'test': ['CMD-SHELL', 'healthcheck_port neutron-ovn-metadata-agent 6640'], 'timeout': '30'}}}) 
skipping: [ctrl01]
skipping: [comp01] => (item={'key': 'neutron-ovn-metadata-agent', 'value': {'container_name': 'neutron_ovn_metadata_agent', 'image': 'quay.io/openstack.kolla/neutron-metadata-agent:2025.1-ubuntu-noble', 'privileged': True, 'enabled': True, 'host_in_groups': True, 'volumes': ['/etc/kolla/neutron-ovn-metadata-agent/:/var/lib/kolla/config_files/:ro', '/etc/localtime:/etc/localtime:ro', 'neutron_metadata_socket:/var/lib/neutron/kolla/', '/run/openvswitch:/run/openvswitch:shared', '/run/netns:/run/netns:shared', 'kolla_logs:/var/log/kolla/', '/dev/shm:/dev/shm', ''], 'dimensions': {'ulimits': {'nofile': {'soft': 1048576, 'hard': 1048576}}}, 'healthcheck': {'interval': '30', 'retries': '3', 'start_period': '5', 'test': ['CMD-SHELL', 'healthcheck_port neutron-ovn-metadata-agent 6640'], 'timeout': '30'}}}) 
skipping: [comp01]

TASK [service-check-containers : neutron | Check containers] *******************
changed: [ctrl01] => (item={'key': 'neutron-server', 'value': {'container_name': 'neutron_server', 'image': 'quay.io/openstack.kolla/neutron-server:2025.1-ubuntu-noble', 'enabled': True, 'group': 'neutron-server', 'host_in_groups': True, 'volumes': ['/etc/kolla/neutron-server/:/var/lib/kolla/config_files/:ro', '/etc/localtime:/etc/localtime:ro', '/etc/timezone:/etc/timezone:ro', 'kolla_logs:/var/log/kolla/', '/dev/shm:/dev/shm', ''], 'dimensions': {'ulimits': {'nofile': {'soft': 1048576, 'hard': 1048576}}}, 'healthcheck': {'interval': '30', 'retries': '3', 'start_period': '5', 'test': ['CMD-SHELL', 'healthcheck_curl http://192.168.1.101:9696'], 'timeout': '30'}, 'haproxy': {'neutron_server': {'enabled': True, 'mode': 'http', 'external': False, 'port': '9696', 'listen_port': '9696', 'backend_http_extra': ['option httpchk']}, 'neutron_server_external': {'enabled': True, 'mode': 'http', 'external': True, 'external_fqdn': '192.168.1.250', 'port': '9696', 'listen_port': '9696', 'backend_http_extra': ['option httpchk']}}}})
changed: [comp01] => (item={'key': 'neutron-ovn-metadata-agent', 'value': {'container_name': 'neutron_ovn_metadata_agent', 'image': 'quay.io/openstack.kolla/neutron-metadata-agent:2025.1-ubuntu-noble', 'privileged': True, 'enabled': True, 'host_in_groups': True, 'volumes': ['/etc/kolla/neutron-ovn-metadata-agent/:/var/lib/kolla/config_files/:ro', '/etc/localtime:/etc/localtime:ro', 'neutron_metadata_socket:/var/lib/neutron/kolla/', '/run/openvswitch:/run/openvswitch:shared', '/run/netns:/run/netns:shared', 'kolla_logs:/var/log/kolla/', '/dev/shm:/dev/shm', ''], 'dimensions': {'ulimits': {'nofile': {'soft': 1048576, 'hard': 1048576}}}, 'healthcheck': {'interval': '30', 'retries': '3', 'start_period': '5', 'test': ['CMD-SHELL', 'healthcheck_port neutron-ovn-metadata-agent 6640'], 'timeout': '30'}}})
changed: [ctrl01] => (item={'key': 'neutron-ovn-metadata-agent', 'value': {'container_name': 'neutron_ovn_metadata_agent', 'image': 'quay.io/openstack.kolla/neutron-metadata-agent:2025.1-ubuntu-noble', 'privileged': True, 'enabled': True, 'host_in_groups': True, 'volumes': ['/etc/kolla/neutron-ovn-metadata-agent/:/var/lib/kolla/config_files/:ro', '/etc/localtime:/etc/localtime:ro', 'neutron_metadata_socket:/var/lib/neutron/kolla/', '/run/openvswitch:/run/openvswitch:shared', '/run/netns:/run/netns:shared', 'kolla_logs:/var/log/kolla/', '/dev/shm:/dev/shm', ''], 'dimensions': {'ulimits': {'nofile': {'soft': 1048576, 'hard': 1048576}}}, 'healthcheck': {'interval': '30', 'retries': '3', 'start_period': '5', 'test': ['CMD-SHELL', 'healthcheck_port neutron-ovn-metadata-agent 6640'], 'timeout': '30'}}})

TASK [service-check-containers : neutron | Notify handlers to restart containers] ***
changed: [ctrl01] => {
    "msg": "Notifying handlers"
}
changed: [comp01] => {
    "msg": "Notifying handlers"
}

TASK [service-check-containers : Include tasks] ********************************
skipping: [ctrl01] => (item={'key': 'neutron-server', 'value': {'container_name': 'neutron_server', 'image': 'quay.io/openstack.kolla/neutron-server:2025.1-ubuntu-noble', 'enabled': True, 'group': 'neutron-server', 'host_in_groups': True, 'volumes': ['/etc/kolla/neutron-server/:/var/lib/kolla/config_files/:ro', '/etc/localtime:/etc/localtime:ro', '/etc/timezone:/etc/timezone:ro', 'kolla_logs:/var/log/kolla/', '/dev/shm:/dev/shm', ''], 'dimensions': {'ulimits': {'nofile': {'soft': 1048576, 'hard': 1048576}}}, 'healthcheck': {'interval': '30', 'retries': '3', 'start_period': '5', 'test': ['CMD-SHELL', 'healthcheck_curl http://192.168.1.101:9696'], 'timeout': '30'}, 'haproxy': {'neutron_server': {'enabled': True, 'mode': 'http', 'external': False, 'port': '9696', 'listen_port': '9696', 'backend_http_extra': ['option httpchk']}, 'neutron_server_external': {'enabled': True, 'mode': 'http', 'external': True, 'external_fqdn': '192.168.1.250', 'port': '9696', 'listen_port': '9696', 'backend_http_extra': ['option httpchk']}}}}) 
skipping: [ctrl01] => (item={'key': 'neutron-ovn-metadata-agent', 'value': {'container_name': 'neutron_ovn_metadata_agent', 'image': 'quay.io/openstack.kolla/neutron-metadata-agent:2025.1-ubuntu-noble', 'privileged': True, 'enabled': True, 'host_in_groups': True, 'volumes': ['/etc/kolla/neutron-ovn-metadata-agent/:/var/lib/kolla/config_files/:ro', '/etc/localtime:/etc/localtime:ro', 'neutron_metadata_socket:/var/lib/neutron/kolla/', '/run/openvswitch:/run/openvswitch:shared', '/run/netns:/run/netns:shared', 'kolla_logs:/var/log/kolla/', '/dev/shm:/dev/shm', ''], 'dimensions': {'ulimits': {'nofile': {'soft': 1048576, 'hard': 1048576}}}, 'healthcheck': {'interval': '30', 'retries': '3', 'start_period': '5', 'test': ['CMD-SHELL', 'healthcheck_port neutron-ovn-metadata-agent 6640'], 'timeout': '30'}}}) 
skipping: [ctrl01]
skipping: [comp01] => (item={'key': 'neutron-ovn-metadata-agent', 'value': {'container_name': 'neutron_ovn_metadata_agent', 'image': 'quay.io/openstack.kolla/neutron-metadata-agent:2025.1-ubuntu-noble', 'privileged': True, 'enabled': True, 'host_in_groups': True, 'volumes': ['/etc/kolla/neutron-ovn-metadata-agent/:/var/lib/kolla/config_files/:ro', '/etc/localtime:/etc/localtime:ro', 'neutron_metadata_socket:/var/lib/neutron/kolla/', '/run/openvswitch:/run/openvswitch:shared', '/run/netns:/run/netns:shared', 'kolla_logs:/var/log/kolla/', '/dev/shm:/dev/shm', ''], 'dimensions': {'ulimits': {'nofile': {'soft': 1048576, 'hard': 1048576}}}, 'healthcheck': {'interval': '30', 'retries': '3', 'start_period': '5', 'test': ['CMD-SHELL', 'healthcheck_port neutron-ovn-metadata-agent 6640'], 'timeout': '30'}}}) 
skipping: [comp01]

TASK [neutron : include_tasks] *************************************************
skipping: [ctrl01]
skipping: [comp01]

TASK [neutron : Creating Neutron database] *************************************
changed: [ctrl01]

TASK [neutron : Creating Neutron database user and setting permissions] ********
changed: [ctrl01]

TASK [neutron : Running Neutron bootstrap container] ***************************
changed: [ctrl01]

TASK [neutron : Flush Handlers] ************************************************

TASK [neutron : Flush Handlers] ************************************************

RUNNING HANDLER [neutron : Restart neutron-server container] *******************
changed: [ctrl01]

RUNNING HANDLER [neutron : Restart neutron-ovn-metadata-agent container] *******
[WARNING]: Could not match supplied host pattern, ignoring: enable_kuryr_True
[WARNING]: Could not match supplied host pattern, ignoring:
enable_hacluster_True
changed: [comp01]
changed: [ctrl01]

PLAY [Apply role kuryr] ********************************************************
skipping: no hosts matched

PLAY [Apply role hacluster] ****************************************************
skipping: no hosts matched

PLAY [Apply role heat] *********************************************************

TASK [heat : include_tasks] ****************************************************
included: /opt/kolla-venv/share/kolla-ansible/ansible/roles/heat/tasks/deploy.yml for ctrl01

TASK [service-ks-register : heat | Creating/deleting services] *****************
changed: [ctrl01] => (item=heat (orchestration))
changed: [ctrl01] => (item=heat-cfn (cloudformation))

TASK [service-ks-register : heat | Creating/deleting endpoints] ****************
changed: [ctrl01] => (item=heat -> http://192.168.1.250:8004/v1/%(tenant_id)s -> internal)
changed: [ctrl01] => (item=heat -> http://192.168.1.250:8004/v1/%(tenant_id)s -> public)
changed: [ctrl01] => (item=heat-cfn -> http://192.168.1.250:8000/v1 -> internal)
changed: [ctrl01] => (item=heat-cfn -> http://192.168.1.250:8000/v1 -> public)

TASK [service-ks-register : heat | Creating projects] **************************
ok: [ctrl01] => (item=service)

TASK [service-ks-register : heat | Creating users] *****************************
changed: [ctrl01] => (item=heat -> service)

TASK [service-ks-register : heat | Creating roles] *****************************
ok: [ctrl01] => (item=admin)
changed: [ctrl01] => (item=heat_stack_owner)
changed: [ctrl01] => (item=heat_stack_user)

TASK [service-ks-register : heat | Granting/revoking user roles] ***************
changed: [ctrl01] => (item=heat -> service -> admin)
changed: [ctrl01] => (item=admin -> admin -> heat_stack_owner)

TASK [heat : Ensuring config directories exist] ********************************
changed: [ctrl01] => (item={'key': 'heat-api', 'value': {'container_name': 'heat_api', 'group': 'heat-api', 'enabled': True, 'image': 'quay.io/openstack.kolla/heat-api:2025.1-ubuntu-noble', 'volumes': ['/etc/kolla/heat-api/:/var/lib/kolla/config_files/:ro', '/etc/localtime:/etc/localtime:ro', '/etc/timezone:/etc/timezone:ro', '', 'kolla_logs:/var/log/kolla/', '/dev/shm:/dev/shm'], 'dimensions': {'ulimits': {'nofile': {'soft': 1048576, 'hard': 1048576}}}, 'healthcheck': {'interval': '30', 'retries': '3', 'start_period': '5', 'test': ['CMD-SHELL', 'healthcheck_curl http://192.168.1.101:8004'], 'timeout': '30'}, 'haproxy': {'heat_api': {'enabled': True, 'mode': 'http', 'external': False, 'port': '8004', 'listen_port': '8004', 'tls_backend': 'no', 'backend_http_extra': ['option httpchk']}, 'heat_api_external': {'enabled': True, 'mode': 'http', 'external': True, 'external_fqdn': '192.168.1.250', 'port': '8004', 'listen_port': '8004', 'tls_backend': 'no', 'backend_http_extra': ['option httpchk']}}}})
changed: [ctrl01] => (item={'key': 'heat-api-cfn', 'value': {'container_name': 'heat_api_cfn', 'group': 'heat-api-cfn', 'enabled': True, 'image': 'quay.io/openstack.kolla/heat-api-cfn:2025.1-ubuntu-noble', 'volumes': ['/etc/kolla/heat-api-cfn/:/var/lib/kolla/config_files/:ro', '/etc/localtime:/etc/localtime:ro', '/etc/timezone:/etc/timezone:ro', '', 'kolla_logs:/var/log/kolla/', '/dev/shm:/dev/shm'], 'dimensions': {'ulimits': {'nofile': {'soft': 1048576, 'hard': 1048576}}}, 'healthcheck': {'interval': '30', 'retries': '3', 'start_period': '5', 'test': ['CMD-SHELL', 'healthcheck_curl http://192.168.1.101:8000'], 'timeout': '30'}, 'haproxy': {'heat_api_cfn': {'enabled': True, 'mode': 'http', 'external': False, 'port': '8000', 'listen_port': '8000', 'tls_backend': 'no', 'backend_http_extra': ['option httpchk']}, 'heat_api_cfn_external': {'enabled': True, 'mode': 'http', 'external': True, 'external_fqdn': '192.168.1.250', 'port': '8000', 'listen_port': '8000', 'tls_backend': 'no', 'backend_http_extra': ['option httpchk']}}}})
changed: [ctrl01] => (item={'key': 'heat-engine', 'value': {'container_name': 'heat_engine', 'group': 'heat-engine', 'enabled': True, 'image': 'quay.io/openstack.kolla/heat-engine:2025.1-ubuntu-noble', 'volumes': ['/etc/kolla/heat-engine/:/var/lib/kolla/config_files/:ro', '/etc/localtime:/etc/localtime:ro', '/etc/timezone:/etc/timezone:ro', '', 'kolla_logs:/var/log/kolla/', '/dev/shm:/dev/shm'], 'dimensions': {'ulimits': {'nofile': {'soft': 1048576, 'hard': 1048576}}}, 'healthcheck': {'interval': '30', 'retries': '3', 'start_period': '5', 'test': ['CMD-SHELL', 'healthcheck_port heat-engine 5672'], 'timeout': '30'}}})

TASK [heat : Check if policies shall be overwritten] ***************************
skipping: [ctrl01]

TASK [heat : Set heat policy file] *********************************************
skipping: [ctrl01]

TASK [heat : include_tasks] ****************************************************
skipping: [ctrl01]

TASK [heat : Copying over config.json files for services] **********************
changed: [ctrl01] => (item={'key': 'heat-api', 'value': {'container_name': 'heat_api', 'group': 'heat-api', 'enabled': True, 'image': 'quay.io/openstack.kolla/heat-api:2025.1-ubuntu-noble', 'volumes': ['/etc/kolla/heat-api/:/var/lib/kolla/config_files/:ro', '/etc/localtime:/etc/localtime:ro', '/etc/timezone:/etc/timezone:ro', '', 'kolla_logs:/var/log/kolla/', '/dev/shm:/dev/shm'], 'dimensions': {'ulimits': {'nofile': {'soft': 1048576, 'hard': 1048576}}}, 'healthcheck': {'interval': '30', 'retries': '3', 'start_period': '5', 'test': ['CMD-SHELL', 'healthcheck_curl http://192.168.1.101:8004'], 'timeout': '30'}, 'haproxy': {'heat_api': {'enabled': True, 'mode': 'http', 'external': False, 'port': '8004', 'listen_port': '8004', 'tls_backend': 'no', 'backend_http_extra': ['option httpchk']}, 'heat_api_external': {'enabled': True, 'mode': 'http', 'external': True, 'external_fqdn': '192.168.1.250', 'port': '8004', 'listen_port': '8004', 'tls_backend': 'no', 'backend_http_extra': ['option httpchk']}}}})
changed: [ctrl01] => (item={'key': 'heat-api-cfn', 'value': {'container_name': 'heat_api_cfn', 'group': 'heat-api-cfn', 'enabled': True, 'image': 'quay.io/openstack.kolla/heat-api-cfn:2025.1-ubuntu-noble', 'volumes': ['/etc/kolla/heat-api-cfn/:/var/lib/kolla/config_files/:ro', '/etc/localtime:/etc/localtime:ro', '/etc/timezone:/etc/timezone:ro', '', 'kolla_logs:/var/log/kolla/', '/dev/shm:/dev/shm'], 'dimensions': {'ulimits': {'nofile': {'soft': 1048576, 'hard': 1048576}}}, 'healthcheck': {'interval': '30', 'retries': '3', 'start_period': '5', 'test': ['CMD-SHELL', 'healthcheck_curl http://192.168.1.101:8000'], 'timeout': '30'}, 'haproxy': {'heat_api_cfn': {'enabled': True, 'mode': 'http', 'external': False, 'port': '8000', 'listen_port': '8000', 'tls_backend': 'no', 'backend_http_extra': ['option httpchk']}, 'heat_api_cfn_external': {'enabled': True, 'mode': 'http', 'external': True, 'external_fqdn': '192.168.1.250', 'port': '8000', 'listen_port': '8000', 'tls_backend': 'no', 'backend_http_extra': ['option httpchk']}}}})
changed: [ctrl01] => (item={'key': 'heat-engine', 'value': {'container_name': 'heat_engine', 'group': 'heat-engine', 'enabled': True, 'image': 'quay.io/openstack.kolla/heat-engine:2025.1-ubuntu-noble', 'volumes': ['/etc/kolla/heat-engine/:/var/lib/kolla/config_files/:ro', '/etc/localtime:/etc/localtime:ro', '/etc/timezone:/etc/timezone:ro', '', 'kolla_logs:/var/log/kolla/', '/dev/shm:/dev/shm'], 'dimensions': {'ulimits': {'nofile': {'soft': 1048576, 'hard': 1048576}}}, 'healthcheck': {'interval': '30', 'retries': '3', 'start_period': '5', 'test': ['CMD-SHELL', 'healthcheck_port heat-engine 5672'], 'timeout': '30'}}})

TASK [heat : Copying over heat.conf] *******************************************
changed: [ctrl01] => (item={'key': 'heat-api', 'value': {'container_name': 'heat_api', 'group': 'heat-api', 'enabled': True, 'image': 'quay.io/openstack.kolla/heat-api:2025.1-ubuntu-noble', 'volumes': ['/etc/kolla/heat-api/:/var/lib/kolla/config_files/:ro', '/etc/localtime:/etc/localtime:ro', '/etc/timezone:/etc/timezone:ro', '', 'kolla_logs:/var/log/kolla/', '/dev/shm:/dev/shm'], 'dimensions': {'ulimits': {'nofile': {'soft': 1048576, 'hard': 1048576}}}, 'healthcheck': {'interval': '30', 'retries': '3', 'start_period': '5', 'test': ['CMD-SHELL', 'healthcheck_curl http://192.168.1.101:8004'], 'timeout': '30'}, 'haproxy': {'heat_api': {'enabled': True, 'mode': 'http', 'external': False, 'port': '8004', 'listen_port': '8004', 'tls_backend': 'no', 'backend_http_extra': ['option httpchk']}, 'heat_api_external': {'enabled': True, 'mode': 'http', 'external': True, 'external_fqdn': '192.168.1.250', 'port': '8004', 'listen_port': '8004', 'tls_backend': 'no', 'backend_http_extra': ['option httpchk']}}}})
changed: [ctrl01] => (item={'key': 'heat-api-cfn', 'value': {'container_name': 'heat_api_cfn', 'group': 'heat-api-cfn', 'enabled': True, 'image': 'quay.io/openstack.kolla/heat-api-cfn:2025.1-ubuntu-noble', 'volumes': ['/etc/kolla/heat-api-cfn/:/var/lib/kolla/config_files/:ro', '/etc/localtime:/etc/localtime:ro', '/etc/timezone:/etc/timezone:ro', '', 'kolla_logs:/var/log/kolla/', '/dev/shm:/dev/shm'], 'dimensions': {'ulimits': {'nofile': {'soft': 1048576, 'hard': 1048576}}}, 'healthcheck': {'interval': '30', 'retries': '3', 'start_period': '5', 'test': ['CMD-SHELL', 'healthcheck_curl http://192.168.1.101:8000'], 'timeout': '30'}, 'haproxy': {'heat_api_cfn': {'enabled': True, 'mode': 'http', 'external': False, 'port': '8000', 'listen_port': '8000', 'tls_backend': 'no', 'backend_http_extra': ['option httpchk']}, 'heat_api_cfn_external': {'enabled': True, 'mode': 'http', 'external': True, 'external_fqdn': '192.168.1.250', 'port': '8000', 'listen_port': '8000', 'tls_backend': 'no', 'backend_http_extra': ['option httpchk']}}}})
changed: [ctrl01] => (item={'key': 'heat-engine', 'value': {'container_name': 'heat_engine', 'group': 'heat-engine', 'enabled': True, 'image': 'quay.io/openstack.kolla/heat-engine:2025.1-ubuntu-noble', 'volumes': ['/etc/kolla/heat-engine/:/var/lib/kolla/config_files/:ro', '/etc/localtime:/etc/localtime:ro', '/etc/timezone:/etc/timezone:ro', '', 'kolla_logs:/var/log/kolla/', '/dev/shm:/dev/shm'], 'dimensions': {'ulimits': {'nofile': {'soft': 1048576, 'hard': 1048576}}}, 'healthcheck': {'interval': '30', 'retries': '3', 'start_period': '5', 'test': ['CMD-SHELL', 'healthcheck_port heat-engine 5672'], 'timeout': '30'}}})

TASK [heat : Copying over existing policy file] ********************************
skipping: [ctrl01] => (item={'key': 'heat-api', 'value': {'container_name': 'heat_api', 'group': 'heat-api', 'enabled': True, 'image': 'quay.io/openstack.kolla/heat-api:2025.1-ubuntu-noble', 'volumes': ['/etc/kolla/heat-api/:/var/lib/kolla/config_files/:ro', '/etc/localtime:/etc/localtime:ro', '/etc/timezone:/etc/timezone:ro', '', 'kolla_logs:/var/log/kolla/', '/dev/shm:/dev/shm'], 'dimensions': {'ulimits': {'nofile': {'soft': 1048576, 'hard': 1048576}}}, 'healthcheck': {'interval': '30', 'retries': '3', 'start_period': '5', 'test': ['CMD-SHELL', 'healthcheck_curl http://192.168.1.101:8004'], 'timeout': '30'}, 'haproxy': {'heat_api': {'enabled': True, 'mode': 'http', 'external': False, 'port': '8004', 'listen_port': '8004', 'tls_backend': 'no', 'backend_http_extra': ['option httpchk']}, 'heat_api_external': {'enabled': True, 'mode': 'http', 'external': True, 'external_fqdn': '192.168.1.250', 'port': '8004', 'listen_port': '8004', 'tls_backend': 'no', 'backend_http_extra': ['option httpchk']}}}}) 
skipping: [ctrl01] => (item={'key': 'heat-api-cfn', 'value': {'container_name': 'heat_api_cfn', 'group': 'heat-api-cfn', 'enabled': True, 'image': 'quay.io/openstack.kolla/heat-api-cfn:2025.1-ubuntu-noble', 'volumes': ['/etc/kolla/heat-api-cfn/:/var/lib/kolla/config_files/:ro', '/etc/localtime:/etc/localtime:ro', '/etc/timezone:/etc/timezone:ro', '', 'kolla_logs:/var/log/kolla/', '/dev/shm:/dev/shm'], 'dimensions': {'ulimits': {'nofile': {'soft': 1048576, 'hard': 1048576}}}, 'healthcheck': {'interval': '30', 'retries': '3', 'start_period': '5', 'test': ['CMD-SHELL', 'healthcheck_curl http://192.168.1.101:8000'], 'timeout': '30'}, 'haproxy': {'heat_api_cfn': {'enabled': True, 'mode': 'http', 'external': False, 'port': '8000', 'listen_port': '8000', 'tls_backend': 'no', 'backend_http_extra': ['option httpchk']}, 'heat_api_cfn_external': {'enabled': True, 'mode': 'http', 'external': True, 'external_fqdn': '192.168.1.250', 'port': '8000', 'listen_port': '8000', 'tls_backend': 'no', 'backend_http_extra': ['option httpchk']}}}}) 
skipping: [ctrl01] => (item={'key': 'heat-engine', 'value': {'container_name': 'heat_engine', 'group': 'heat-engine', 'enabled': True, 'image': 'quay.io/openstack.kolla/heat-engine:2025.1-ubuntu-noble', 'volumes': ['/etc/kolla/heat-engine/:/var/lib/kolla/config_files/:ro', '/etc/localtime:/etc/localtime:ro', '/etc/timezone:/etc/timezone:ro', '', 'kolla_logs:/var/log/kolla/', '/dev/shm:/dev/shm'], 'dimensions': {'ulimits': {'nofile': {'soft': 1048576, 'hard': 1048576}}}, 'healthcheck': {'interval': '30', 'retries': '3', 'start_period': '5', 'test': ['CMD-SHELL', 'healthcheck_port heat-engine 5672'], 'timeout': '30'}}}) 
skipping: [ctrl01]

TASK [heat : Copying over heat-api wsgi config] ********************************
changed: [ctrl01]

TASK [heat : Copying over heat-api-cfn wsgi config] ****************************
changed: [ctrl01]

TASK [service-check-containers : heat | Check containers] **********************
changed: [ctrl01] => (item={'key': 'heat-api', 'value': {'container_name': 'heat_api', 'group': 'heat-api', 'enabled': True, 'image': 'quay.io/openstack.kolla/heat-api:2025.1-ubuntu-noble', 'volumes': ['/etc/kolla/heat-api/:/var/lib/kolla/config_files/:ro', '/etc/localtime:/etc/localtime:ro', '/etc/timezone:/etc/timezone:ro', '', 'kolla_logs:/var/log/kolla/', '/dev/shm:/dev/shm'], 'dimensions': {'ulimits': {'nofile': {'soft': 1048576, 'hard': 1048576}}}, 'healthcheck': {'interval': '30', 'retries': '3', 'start_period': '5', 'test': ['CMD-SHELL', 'healthcheck_curl http://192.168.1.101:8004'], 'timeout': '30'}, 'haproxy': {'heat_api': {'enabled': True, 'mode': 'http', 'external': False, 'port': '8004', 'listen_port': '8004', 'tls_backend': 'no', 'backend_http_extra': ['option httpchk']}, 'heat_api_external': {'enabled': True, 'mode': 'http', 'external': True, 'external_fqdn': '192.168.1.250', 'port': '8004', 'listen_port': '8004', 'tls_backend': 'no', 'backend_http_extra': ['option httpchk']}}}})
changed: [ctrl01] => (item={'key': 'heat-api-cfn', 'value': {'container_name': 'heat_api_cfn', 'group': 'heat-api-cfn', 'enabled': True, 'image': 'quay.io/openstack.kolla/heat-api-cfn:2025.1-ubuntu-noble', 'volumes': ['/etc/kolla/heat-api-cfn/:/var/lib/kolla/config_files/:ro', '/etc/localtime:/etc/localtime:ro', '/etc/timezone:/etc/timezone:ro', '', 'kolla_logs:/var/log/kolla/', '/dev/shm:/dev/shm'], 'dimensions': {'ulimits': {'nofile': {'soft': 1048576, 'hard': 1048576}}}, 'healthcheck': {'interval': '30', 'retries': '3', 'start_period': '5', 'test': ['CMD-SHELL', 'healthcheck_curl http://192.168.1.101:8000'], 'timeout': '30'}, 'haproxy': {'heat_api_cfn': {'enabled': True, 'mode': 'http', 'external': False, 'port': '8000', 'listen_port': '8000', 'tls_backend': 'no', 'backend_http_extra': ['option httpchk']}, 'heat_api_cfn_external': {'enabled': True, 'mode': 'http', 'external': True, 'external_fqdn': '192.168.1.250', 'port': '8000', 'listen_port': '8000', 'tls_backend': 'no', 'backend_http_extra': ['option httpchk']}}}})
changed: [ctrl01] => (item={'key': 'heat-engine', 'value': {'container_name': 'heat_engine', 'group': 'heat-engine', 'enabled': True, 'image': 'quay.io/openstack.kolla/heat-engine:2025.1-ubuntu-noble', 'volumes': ['/etc/kolla/heat-engine/:/var/lib/kolla/config_files/:ro', '/etc/localtime:/etc/localtime:ro', '/etc/timezone:/etc/timezone:ro', '', 'kolla_logs:/var/log/kolla/', '/dev/shm:/dev/shm'], 'dimensions': {'ulimits': {'nofile': {'soft': 1048576, 'hard': 1048576}}}, 'healthcheck': {'interval': '30', 'retries': '3', 'start_period': '5', 'test': ['CMD-SHELL', 'healthcheck_port heat-engine 5672'], 'timeout': '30'}}})

TASK [service-check-containers : heat | Notify handlers to restart containers] ***
changed: [ctrl01] => {
    "msg": "Notifying handlers"
}

TASK [service-check-containers : Include tasks] ********************************
skipping: [ctrl01] => (item={'key': 'heat-api', 'value': {'container_name': 'heat_api', 'group': 'heat-api', 'enabled': True, 'image': 'quay.io/openstack.kolla/heat-api:2025.1-ubuntu-noble', 'volumes': ['/etc/kolla/heat-api/:/var/lib/kolla/config_files/:ro', '/etc/localtime:/etc/localtime:ro', '/etc/timezone:/etc/timezone:ro', '', 'kolla_logs:/var/log/kolla/', '/dev/shm:/dev/shm'], 'dimensions': {'ulimits': {'nofile': {'soft': 1048576, 'hard': 1048576}}}, 'healthcheck': {'interval': '30', 'retries': '3', 'start_period': '5', 'test': ['CMD-SHELL', 'healthcheck_curl http://192.168.1.101:8004'], 'timeout': '30'}, 'haproxy': {'heat_api': {'enabled': True, 'mode': 'http', 'external': False, 'port': '8004', 'listen_port': '8004', 'tls_backend': 'no', 'backend_http_extra': ['option httpchk']}, 'heat_api_external': {'enabled': True, 'mode': 'http', 'external': True, 'external_fqdn': '192.168.1.250', 'port': '8004', 'listen_port': '8004', 'tls_backend': 'no', 'backend_http_extra': ['option httpchk']}}}}) 
skipping: [ctrl01] => (item={'key': 'heat-api-cfn', 'value': {'container_name': 'heat_api_cfn', 'group': 'heat-api-cfn', 'enabled': True, 'image': 'quay.io/openstack.kolla/heat-api-cfn:2025.1-ubuntu-noble', 'volumes': ['/etc/kolla/heat-api-cfn/:/var/lib/kolla/config_files/:ro', '/etc/localtime:/etc/localtime:ro', '/etc/timezone:/etc/timezone:ro', '', 'kolla_logs:/var/log/kolla/', '/dev/shm:/dev/shm'], 'dimensions': {'ulimits': {'nofile': {'soft': 1048576, 'hard': 1048576}}}, 'healthcheck': {'interval': '30', 'retries': '3', 'start_period': '5', 'test': ['CMD-SHELL', 'healthcheck_curl http://192.168.1.101:8000'], 'timeout': '30'}, 'haproxy': {'heat_api_cfn': {'enabled': True, 'mode': 'http', 'external': False, 'port': '8000', 'listen_port': '8000', 'tls_backend': 'no', 'backend_http_extra': ['option httpchk']}, 'heat_api_cfn_external': {'enabled': True, 'mode': 'http', 'external': True, 'external_fqdn': '192.168.1.250', 'port': '8000', 'listen_port': '8000', 'tls_backend': 'no', 'backend_http_extra': ['option httpchk']}}}}) 
skipping: [ctrl01] => (item={'key': 'heat-engine', 'value': {'container_name': 'heat_engine', 'group': 'heat-engine', 'enabled': True, 'image': 'quay.io/openstack.kolla/heat-engine:2025.1-ubuntu-noble', 'volumes': ['/etc/kolla/heat-engine/:/var/lib/kolla/config_files/:ro', '/etc/localtime:/etc/localtime:ro', '/etc/timezone:/etc/timezone:ro', '', 'kolla_logs:/var/log/kolla/', '/dev/shm:/dev/shm'], 'dimensions': {'ulimits': {'nofile': {'soft': 1048576, 'hard': 1048576}}}, 'healthcheck': {'interval': '30', 'retries': '3', 'start_period': '5', 'test': ['CMD-SHELL', 'healthcheck_port heat-engine 5672'], 'timeout': '30'}}}) 
skipping: [ctrl01]

TASK [heat : include_tasks] ****************************************************
skipping: [ctrl01]

TASK [heat : Creating Heat database] *******************************************
changed: [ctrl01]

TASK [heat : Creating Heat database user and setting permissions] **************
changed: [ctrl01]

TASK [heat : Running Heat bootstrap container] *********************************
changed: [ctrl01]

TASK [heat : Flush handlers] ***************************************************

RUNNING HANDLER [heat : Restart heat-api container] ****************************
changed: [ctrl01]

RUNNING HANDLER [heat : Restart heat-api-cfn container] ************************
changed: [ctrl01]

RUNNING HANDLER [heat : Restart heat-engine container] *************************
changed: [ctrl01]

PLAY [Apply role horizon] ******************************************************

TASK [horizon : include_tasks] *************************************************
included: /opt/kolla-venv/share/kolla-ansible/ansible/roles/horizon/tasks/deploy.yml for ctrl01

TASK [horizon : Ensuring config directories exist] *****************************
changed: [ctrl01] => (item={'key': 'horizon', 'value': {'container_name': 'horizon', 'group': 'horizon', 'enabled': True, 'image': 'quay.io/openstack.kolla/horizon:2025.1-ubuntu-noble', 'environment': {'ENABLE_BLAZAR': 'no', 'ENABLE_CLOUDKITTY': 'no', 'ENABLE_DESIGNATE': 'no', 'ENABLE_FWAAS': 'no', 'ENABLE_HEAT': 'yes', 'ENABLE_IRONIC': 'no', 'ENABLE_MAGNUM': 'no', 'ENABLE_MANILA': 'no', 'ENABLE_MASAKARI': 'no', 'ENABLE_MISTRAL': 'no', 'ENABLE_NEUTRON_VPNAAS': 'no', 'ENABLE_OCTAVIA': 'no', 'ENABLE_TACKER': 'no', 'ENABLE_TROVE': 'no', 'ENABLE_VENUS': 'no', 'ENABLE_WATCHER': 'no', 'ENABLE_ZUN': 'no', 'FORCE_GENERATE': 'no'}, 'volumes': ['/etc/kolla/horizon/:/var/lib/kolla/config_files/:ro', '', '/etc/localtime:/etc/localtime:ro', '/etc/timezone:/etc/timezone:ro', 'kolla_logs:/var/log/kolla/'], 'dimensions': {'ulimits': {'nofile': {'soft': 1048576, 'hard': 1048576}}}, 'healthcheck': {'interval': '30', 'retries': '3', 'start_period': '5', 'test': ['CMD-SHELL', 'healthcheck_curl http://192.168.1.101:80'], 'timeout': '30'}, 'haproxy': {'horizon': {'enabled': 'yes', 'mode': 'http', 'external': False, 'port': '80', 'listen_port': '80', 'frontend_http_extra': ['use_backend acme_client_back if { path_reg ^/.well-known/acme-challenge/.+ }'], 'backend_http_extra': ['balance roundrobin', 'option httpchk'], 'tls_backend': 'no'}, 'horizon_redirect': {'enabled': False, 'mode': 'redirect', 'external': False, 'port': '80', 'listen_port': '80', 'frontend_redirect_extra': ['use_backend acme_client_back if { path_reg ^/.well-known/acme-challenge/.+ }']}, 'horizon_external': {'enabled': 'yes', 'mode': 'http', 'external': True, 'external_fqdn': '192.168.1.250', 'port': '80', 'listen_port': '80', 'frontend_http_extra': ['use_backend acme_client_back if { path_reg ^/.well-known/acme-challenge/.+ }'], 'backend_http_extra': ['balance roundrobin', 'option httpchk'], 'tls_backend': 'no'}, 'horizon_external_redirect': {'enabled': False, 'mode': 'redirect', 'external': True, 'external_fqdn': '192.168.1.250', 'port': '80', 'listen_port': '80', 'frontend_redirect_extra': ['use_backend acme_client_back if { path_reg ^/.well-known/acme-challenge/.+ }']}, 'acme_client': {'enabled': 'yes', 'with_frontend': False, 'custom_member_list': []}}}})

TASK [horizon : Set empty custom policy] ***************************************
ok: [ctrl01]

TASK [horizon : include_tasks] *************************************************
skipping: [ctrl01] => (item={'name': 'ceilometer', 'enabled': 'no'}) 
skipping: [ctrl01] => (item={'name': 'cinder', 'enabled': 'no'}) 
skipping: [ctrl01] => (item={'name': 'cloudkitty', 'enabled': False}) 
skipping: [ctrl01] => (item={'name': 'designate', 'enabled': False}) 
skipping: [ctrl01] => (item={'name': 'ironic', 'enabled': False}) 
skipping: [ctrl01] => (item={'name': 'magnum', 'enabled': False}) 
skipping: [ctrl01] => (item={'name': 'manila', 'enabled': False}) 
skipping: [ctrl01] => (item={'name': 'masakari', 'enabled': False}) 
skipping: [ctrl01] => (item={'name': 'mistral', 'enabled': False}) 
skipping: [ctrl01] => (item={'name': 'octavia', 'enabled': False}) 
skipping: [ctrl01] => (item={'name': 'tacker', 'enabled': False}) 
skipping: [ctrl01] => (item={'name': 'trove', 'enabled': False}) 
skipping: [ctrl01] => (item={'name': 'watcher', 'enabled': False}) 
included: /opt/kolla-venv/share/kolla-ansible/ansible/roles/horizon/tasks/policy_item.yml for ctrl01 => (item={'name': 'glance', 'enabled': True})
included: /opt/kolla-venv/share/kolla-ansible/ansible/roles/horizon/tasks/policy_item.yml for ctrl01 => (item={'name': 'heat', 'enabled': True})
included: /opt/kolla-venv/share/kolla-ansible/ansible/roles/horizon/tasks/policy_item.yml for ctrl01 => (item={'name': 'keystone', 'enabled': True})
included: /opt/kolla-venv/share/kolla-ansible/ansible/roles/horizon/tasks/policy_item.yml for ctrl01 => (item={'name': 'neutron', 'enabled': 'yes'})
included: /opt/kolla-venv/share/kolla-ansible/ansible/roles/horizon/tasks/policy_item.yml for ctrl01 => (item={'name': 'nova', 'enabled': True})

TASK [horizon : Update policy file name] ***************************************
ok: [ctrl01]

TASK [horizon : Check if policies shall be overwritten] ************************
skipping: [ctrl01]

TASK [horizon : Update custom policy file name] ********************************
skipping: [ctrl01]

TASK [horizon : Update policy file name] ***************************************
ok: [ctrl01]

TASK [horizon : Check if policies shall be overwritten] ************************
skipping: [ctrl01]

TASK [horizon : Update custom policy file name] ********************************
skipping: [ctrl01]

TASK [horizon : Update policy file name] ***************************************
ok: [ctrl01]

TASK [horizon : Check if policies shall be overwritten] ************************
skipping: [ctrl01]

TASK [horizon : Update custom policy file name] ********************************
skipping: [ctrl01]

TASK [horizon : Update policy file name] ***************************************
ok: [ctrl01]

TASK [horizon : Check if policies shall be overwritten] ************************
skipping: [ctrl01]

TASK [horizon : Update custom policy file name] ********************************
skipping: [ctrl01]

TASK [horizon : Update policy file name] ***************************************
ok: [ctrl01]

TASK [horizon : Check if policies shall be overwritten] ************************
skipping: [ctrl01]

TASK [horizon : Update custom policy file name] ********************************
skipping: [ctrl01]

TASK [horizon : Copying over config.json files for services] *******************
changed: [ctrl01]

TASK [horizon : Copying over horizon.conf] *************************************
changed: [ctrl01] => (item=/opt/kolla-venv/share/kolla-ansible/ansible/roles/horizon/templates/horizon.conf.j2)

TASK [horizon : Copying over kolla-settings.py] ********************************
changed: [ctrl01] => (item=/opt/kolla-venv/share/kolla-ansible/ansible/roles/horizon/templates/_9998-kolla-settings.py.j2)

TASK [horizon : Copying over custom-settings.py] *******************************
changed: [ctrl01] => (item=/opt/kolla-venv/share/kolla-ansible/ansible/roles/horizon/templates/_9999-custom-settings.py.j2)

TASK [horizon : Copying over existing policy file] *****************************
skipping: [ctrl01]

TASK [horizon : Copying over custom themes] ************************************
skipping: [ctrl01]

TASK [horizon : include_tasks] *************************************************
skipping: [ctrl01]

TASK [service-check-containers : horizon | Check containers] *******************
changed: [ctrl01] => (item={'key': 'horizon', 'value': {'container_name': 'horizon', 'group': 'horizon', 'enabled': True, 'image': 'quay.io/openstack.kolla/horizon:2025.1-ubuntu-noble', 'environment': {'ENABLE_BLAZAR': 'no', 'ENABLE_CLOUDKITTY': 'no', 'ENABLE_DESIGNATE': 'no', 'ENABLE_FWAAS': 'no', 'ENABLE_HEAT': 'yes', 'ENABLE_IRONIC': 'no', 'ENABLE_MAGNUM': 'no', 'ENABLE_MANILA': 'no', 'ENABLE_MASAKARI': 'no', 'ENABLE_MISTRAL': 'no', 'ENABLE_NEUTRON_VPNAAS': 'no', 'ENABLE_OCTAVIA': 'no', 'ENABLE_TACKER': 'no', 'ENABLE_TROVE': 'no', 'ENABLE_VENUS': 'no', 'ENABLE_WATCHER': 'no', 'ENABLE_ZUN': 'no', 'FORCE_GENERATE': 'no'}, 'volumes': ['/etc/kolla/horizon/:/var/lib/kolla/config_files/:ro', '', '/etc/localtime:/etc/localtime:ro', '/etc/timezone:/etc/timezone:ro', 'kolla_logs:/var/log/kolla/'], 'dimensions': {'ulimits': {'nofile': {'soft': 1048576, 'hard': 1048576}}}, 'healthcheck': {'interval': '30', 'retries': '3', 'start_period': '5', 'test': ['CMD-SHELL', 'healthcheck_curl http://192.168.1.101:80'], 'timeout': '30'}, 'haproxy': {'horizon': {'enabled': 'yes', 'mode': 'http', 'external': False, 'port': '80', 'listen_port': '80', 'frontend_http_extra': ['use_backend acme_client_back if { path_reg ^/.well-known/acme-challenge/.+ }'], 'backend_http_extra': ['balance roundrobin', 'option httpchk'], 'tls_backend': 'no'}, 'horizon_redirect': {'enabled': False, 'mode': 'redirect', 'external': False, 'port': '80', 'listen_port': '80', 'frontend_redirect_extra': ['use_backend acme_client_back if { path_reg ^/.well-known/acme-challenge/.+ }']}, 'horizon_external': {'enabled': 'yes', 'mode': 'http', 'external': True, 'external_fqdn': '192.168.1.250', 'port': '80', 'listen_port': '80', 'frontend_http_extra': ['use_backend acme_client_back if { path_reg ^/.well-known/acme-challenge/.+ }'], 'backend_http_extra': ['balance roundrobin', 'option httpchk'], 'tls_backend': 'no'}, 'horizon_external_redirect': {'enabled': False, 'mode': 'redirect', 'external': True, 'external_fqdn': '192.168.1.250', 'port': '80', 'listen_port': '80', 'frontend_redirect_extra': ['use_backend acme_client_back if { path_reg ^/.well-known/acme-challenge/.+ }']}, 'acme_client': {'enabled': 'yes', 'with_frontend': False, 'custom_member_list': []}}}})

TASK [service-check-containers : horizon | Notify handlers to restart containers] ***
changed: [ctrl01] => {
    "msg": "Notifying handlers"
}

TASK [service-check-containers : Include tasks] ********************************
skipping: [ctrl01] => (item={'key': 'horizon', 'value': {'container_name': 'horizon', 'group': 'horizon', 'enabled': True, 'image': 'quay.io/openstack.kolla/horizon:2025.1-ubuntu-noble', 'environment': {'ENABLE_BLAZAR': 'no', 'ENABLE_CLOUDKITTY': 'no', 'ENABLE_DESIGNATE': 'no', 'ENABLE_FWAAS': 'no', 'ENABLE_HEAT': 'yes', 'ENABLE_IRONIC': 'no', 'ENABLE_MAGNUM': 'no', 'ENABLE_MANILA': 'no', 'ENABLE_MASAKARI': 'no', 'ENABLE_MISTRAL': 'no', 'ENABLE_NEUTRON_VPNAAS': 'no', 'ENABLE_OCTAVIA': 'no', 'ENABLE_TACKER': 'no', 'ENABLE_TROVE': 'no', 'ENABLE_VENUS': 'no', 'ENABLE_WATCHER': 'no', 'ENABLE_ZUN': 'no', 'FORCE_GENERATE': 'no'}, 'volumes': ['/etc/kolla/horizon/:/var/lib/kolla/config_files/:ro', '', '/etc/localtime:/etc/localtime:ro', '/etc/timezone:/etc/timezone:ro', 'kolla_logs:/var/log/kolla/'], 'dimensions': {'ulimits': {'nofile': {'soft': 1048576, 'hard': 1048576}}}, 'healthcheck': {'interval': '30', 'retries': '3', 'start_period': '5', 'test': ['CMD-SHELL', 'healthcheck_curl http://192.168.1.101:80'], 'timeout': '30'}, 'haproxy': {'horizon': {'enabled': 'yes', 'mode': 'http', 'external': False, 'port': '80', 'listen_port': '80', 'frontend_http_extra': ['use_backend acme_client_back if { path_reg ^/.well-known/acme-challenge/.+ }'], 'backend_http_extra': ['balance roundrobin', 'option httpchk'], 'tls_backend': 'no'}, 'horizon_redirect': {'enabled': False, 'mode': 'redirect', 'external': False, 'port': '80', 'listen_port': '80', 'frontend_redirect_extra': ['use_backend acme_client_back if { path_reg ^/.well-known/acme-challenge/.+ }']}, 'horizon_external': {'enabled': 'yes', 'mode': 'http', 'external': True, 'external_fqdn': '192.168.1.250', 'port': '80', 'listen_port': '80', 'frontend_http_extra': ['use_backend acme_client_back if { path_reg ^/.well-known/acme-challenge/.+ }'], 'backend_http_extra': ['balance roundrobin', 'option httpchk'], 'tls_backend': 'no'}, 'horizon_external_redirect': {'enabled': False, 'mode': 'redirect', 'external': True, 'external_fqdn': '192.168.1.250', 'port': '80', 'listen_port': '80', 'frontend_redirect_extra': ['use_backend acme_client_back if { path_reg ^/.well-known/acme-challenge/.+ }']}, 'acme_client': {'enabled': 'yes', 'with_frontend': False, 'custom_member_list': []}}}}) 
skipping: [ctrl01]

TASK [horizon : include_tasks] *************************************************
skipping: [ctrl01]

TASK [horizon : include_tasks] *************************************************
skipping: [ctrl01]

TASK [horizon : Flush handlers] ************************************************

RUNNING HANDLER [horizon : Restart horizon container] **************************
[WARNING]: Could not match supplied host pattern, ignoring: enable_magnum_True
[WARNING]: Could not match supplied host pattern, ignoring: enable_mistral_True
[WARNING]: Could not match supplied host pattern, ignoring: enable_manila_True
[WARNING]: Could not match supplied host pattern, ignoring: enable_gnocchi_True
[WARNING]: Could not match supplied host pattern, ignoring:
enable_ceilometer_True
[WARNING]: Could not match supplied host pattern, ignoring: enable_aodh_True
[WARNING]: Could not match supplied host pattern, ignoring:
enable_barbican_True
[WARNING]: Could not match supplied host pattern, ignoring: enable_cyborg_True
[WARNING]: Could not match supplied host pattern, ignoring:
enable_designate_True
[WARNING]: Could not match supplied host pattern, ignoring: enable_trove_True
[WARNING]: Could not match supplied host pattern, ignoring: enable_watcher_True
[WARNING]: Could not match supplied host pattern, ignoring: enable_grafana_True
[WARNING]: Could not match supplied host pattern, ignoring:
enable_cloudkitty_True
[WARNING]: Could not match supplied host pattern, ignoring: enable_tacker_True
[WARNING]: Could not match supplied host pattern, ignoring: enable_octavia_True
[WARNING]: Could not match supplied host pattern, ignoring: enable_zun_True
[WARNING]: Could not match supplied host pattern, ignoring: enable_blazar_True
[WARNING]: Could not match supplied host pattern, ignoring:
enable_masakari_True
[WARNING]: Could not match supplied host pattern, ignoring: enable_venus_True
[WARNING]: Could not match supplied host pattern, ignoring: enable_skyline_True
changed: [ctrl01]

PLAY [Apply role magnum] *******************************************************
skipping: no hosts matched

PLAY [Apply role mistral] ******************************************************
skipping: no hosts matched

PLAY [Apply role manila] *******************************************************
skipping: no hosts matched

PLAY [Apply role gnocchi] ******************************************************
skipping: no hosts matched

PLAY [Apply role ceilometer] ***************************************************
skipping: no hosts matched

PLAY [Apply role aodh] *********************************************************
skipping: no hosts matched

PLAY [Apply role barbican] *****************************************************
skipping: no hosts matched

PLAY [Apply role cyborg] *******************************************************
skipping: no hosts matched

PLAY [Apply role designate] ****************************************************
skipping: no hosts matched

PLAY [Apply role trove] ********************************************************
skipping: no hosts matched

PLAY [Apply role watcher] ******************************************************
skipping: no hosts matched

PLAY [Apply role grafana] ******************************************************
skipping: no hosts matched

PLAY [Apply role cloudkitty] ***************************************************
skipping: no hosts matched

PLAY [Apply role tacker] *******************************************************
skipping: no hosts matched

PLAY [Apply role octavia] ******************************************************
skipping: no hosts matched

PLAY [Apply role zun] **********************************************************
skipping: no hosts matched

PLAY [Apply role blazar] *******************************************************
skipping: no hosts matched

PLAY [Apply role masakari] *****************************************************
skipping: no hosts matched

PLAY [Apply role venus] ********************************************************
skipping: no hosts matched

PLAY [Apply role skyline] ******************************************************
skipping: no hosts matched

PLAY RECAP *********************************************************************
comp01                     : ok=91   changed=61   unreachable=0    failed=0    skipped=70   rescued=0    ignored=0   
ctrl01                     : ok=424  changed=258  unreachable=0    failed=0    skipped=303  rescued=0    ignored=1   
localhost                  : ok=4    changed=0    unreachable=0    failed=0    skipped=0    rescued=0    ignored=0   

